customer_id,first_name,last_name,email,country,signup_date
1,Muhammad,Sharma,muhammad.sharma.1@inbox.com,Philippines,2023-01-16
2,Pari,Khan,pari.khan.2@example.com,Philippines,2024-11-17
3,Charlotte,Reddy,charlotte.reddy.3@webmail.net,Denmark,2022-02-19
4,Vivaan,Reddy,vivaan.reddy.4@mail.com,Australia,2024-02-25
5,Benjamin,Sharma,benjamin.sharma.5@mail.com,Norway,2025-01-17
6,Charlotte,Williams,charlotte.williams.6@webmail.net,Brazil,2024-07-04
7,Zara,Wang,zara.wang.7@mail.com,USA,2024-12-20
8,Isabella,Brown,isabella.brown.8@mail.com,Japan,2022-12-01
9,Noah,Gupta,noah.gupta.9@webmail.net,Canada,2022-05-31
10,Olivia,Zhang,olivia.zhang.10@company.org,UAE,2023-02-15
11,Aditya,Nguyen,aditya.nguyen.11@company.org,Italy,2022-07-13
12,Ava,Reddy,ava.reddy.12@inbox.com,Norway,2025-07-12
13,Daniel,Kumar,daniel.kumar.13@company.org,UAE,2022-10-26
14,Arjun,Patel,arjun.patel.14@mail.com,Vietnam,2025-04-15
15,Mira,Reddy,mira.reddy.15@example.com,Brazil,2023-08-14
16,Zara,Jones,zara.jones.16@inbox.com,South Africa,2022-09-10
17,Emma,Smith,emma.smith.17@inbox.com,Australia,2024-12-26
18,Arjun,Lopez,arjun.lopez.18@mail.com,South Africa,2024-04-09
19,Anika,Singh,anika.singh.19@webmail.net,Italy,2023-02-24
20,Henry,Iyer,henry.iyer.20@inbox.com,Vietnam,2025-08-02
21,Vihaan,Iyer,vihaan.iyer.21@inbox.com,India,2023-09-16
22,Zara,Reddy,zara.reddy.22@company.org,Australia,2025-09-23
23,Liam,Mehta,liam.mehta.23@webmail.net,South Africa,2023-09-07
24,Mia,Khan,mia.khan.24@mail.com,Japan,2023-01-19
25,Henry,Davis,henry.davis.25@company.org,Japan,2023-10-28
26,James,Johnson,james.johnson.26@mail.com,UAE,2022-08-03
27,Harper,Garcia,harper.garcia.27@example.com,Canada,2025-08-30
28,Muhammad,Khan,muhammad.khan.28@mail.com,South Africa,2025-05-15
29,Isabella,Lopez,isabella.lopez.29@webmail.net,Canada,2023-08-16
30,Benjamin,Jones,benjamin.jones.30@inbox.com,Sweden,2024-05-09
31,Aarav,Park,aarav.park.31@example.com,Philippines,2024-11-25
32,Charlotte,Chen,charlotte.chen.32@inbox.com,Japan,2022-06-23
33,Mira,Williams,mira.williams.33@webmail.net,France,2022-01-06
34,Sara,Miller,sara.miller.34@company.org,France,2022-06-15
35,Aisha,Liu,aisha.liu.35@company.org,South Africa,2024-08-04
36,Kiara,Khan,kiara.khan.36@mail.com,UAE,2024-04-17
37,Evelyn,Bose,evelyn.bose.37@company.org,USA,2023-05-19
38,Amelia,Sharma,amelia.sharma.38@inbox.com,United Kingdom,2025-09-27
39,Aisha,Iyer,aisha.iyer.39@mail.com,India,2025-09-25
40,Elijah,Reddy,elijah.reddy.40@webmail.net,Canada,2025-06-21
41,Arjun,Chen,arjun.chen.41@mail.com,Norway,2022-07-19
42,Lucas,Davis,lucas.davis.42@inbox.com,France,2024-03-30
43,Benjamin,Williams,benjamin.williams.43@company.org,Australia,2025-03-19
44,Kiara,Lee,kiara.lee.44@webmail.net,South Korea,2024-11-09
45,Emma,Jones,emma.jones.45@webmail.net,Sweden,2022-07-07
46,Anika,Iyer,anika.iyer.46@inbox.com,Canada,2022-02-02
47,James,Davis,james.davis.47@company.org,Brazil,2022-12-09
48,Aarav,Reddy,aarav.reddy.48@example.com,Indonesia,2022-12-22
49,Arjun,Kumar,arjun.kumar.49@inbox.com,India,2022-04-21
50,Harper,Iyer,harper.iyer.50@webmail.net,Japan,2022-11-29
51,Charlotte,Khan,charlotte.khan.51@company.org,Philippines,2024-06-14
52,Lucas,Iyer,lucas.iyer.52@webmail.net,Netherlands,2022-10-23
53,Reyansh,Gupta,reyansh.gupta.53@webmail.net,Vietnam,2023-07-05
54,Isabella,Williams,isabella.williams.54@example.com,Italy,2024-11-12
55,Reyansh,Patel,reyansh.patel.55@inbox.com,Singapore,2025-05-28
56,Reyansh,Iyer,reyansh.iyer.56@mail.com,Australia,2024-04-13
57,Ethan,Khan,ethan.khan.57@mail.com,Spain,2023-03-09
58,Mia,Iyer,mia.iyer.58@webmail.net,Canada,2025-06-09
59,Henry,Gupta,henry.gupta.59@company.org,India,2025-07-22
60,Aarav,Reddy,aarav.reddy.60@mail.com,Brazil,2023-09-24
61,Amelia,Garcia,amelia.garcia.61@webmail.net,Australia,2022-04-02
62,Aanya,Johnson,aanya.johnson.62@webmail.net,USA,2023-02-16
63,Mia,Das,mia.das.63@company.org,Spain,2024-10-25
64,Amelia,Khan,amelia.khan.64@inbox.com,Australia,2022-12-05
65,Vihaan,Martinez,vihaan.martinez.65@company.org,Philippines,2022-04-05
66,Liam,Patel,liam.patel.66@company.org,India,2024-01-11
67,Harper,Bose,harper.bose.67@mail.com,Sweden,2022-03-30
68,Harper,Reddy,harper.reddy.68@example.com,France,2024-07-13
69,Arjun,Park,arjun.park.69@webmail.net,Brazil,2022-07-06
70,Elijah,Iyer,elijah.iyer.70@company.org,Denmark,2022-03-03
71,Daniel,Reddy,daniel.reddy.71@company.org,Spain,2024-05-28
72,Evelyn,Brown,evelyn.brown.72@mail.com,Japan,2024-11-06
73,Liam,Iyer,liam.iyer.73@webmail.net,Japan,2022-07-23
74,Aisha,Jones,aisha.jones.74@example.com,Mexico,2022-01-15
75,Mia,Lopez,mia.lopez.75@example.com,Denmark,2022-04-24
76,Charlotte,Mehta,charlotte.mehta.76@inbox.com,Sweden,2022-07-25
77,Olivia,Kumar,olivia.kumar.77@mail.com,Canada,2023-07-29
78,Mira,Singh,mira.singh.78@company.org,Italy,2024-12-28
79,Aisha,Lopez,aisha.lopez.79@company.org,South Africa,2022-01-13
80,Henry,Das,henry.das.80@example.com,Vietnam,2025-09-26
81,Ishaan,Menon,ishaan.menon.81@example.com,United Kingdom,2025-02-27
82,Henry,Khan,henry.khan.82@inbox.com,Japan,2024-07-28
83,Anaya,Lee,anaya.lee.83@mail.com,Mexico,2024-12-03
84,Sara,Miller,sara.miller.84@inbox.com,Netherlands,2025-08-07
85,Vihaan,Reddy,vihaan.reddy.85@webmail.net,South Africa,2025-07-12
86,Zara,Patel,zara.patel.86@inbox.com,USA,2025-04-12
87,Ishaan,Kim,ishaan.kim.87@mail.com,Japan,2025-02-25
88,Ethan,Davis,ethan.davis.88@webmail.net,Indonesia,2024-05-21
89,Aarav,Gupta,aarav.gupta.89@mail.com,Canada,2024-04-27
90,Aditya,Liu,aditya.liu.90@company.org,UAE,2024-05-08
91,Shaurya,Williams,shaurya.williams.91@example.com,Germany,2023-04-24
92,Emma,Kumar,emma.kumar.92@inbox.com,India,2022-11-23
93,Anika,Park,anika.park.93@inbox.com,United Kingdom,2025-04-26
94,Henry,Kumar,henry.kumar.94@company.org,Spain,2025-03-10
95,Shaurya,Bose,shaurya.bose.95@mail.com,Brazil,2025-05-27
96,Diya,Kumar,diya.kumar.96@example.com,Spain,2022-10-06
97,Noah,Wang,noah.wang.97@mail.com,Spain,2023-02-19
98,Aanya,Wang,aanya.wang.98@example.com,Indonesia,2023-08-18
99,Aditya,Zhang,aditya.zhang.99@mail.com,Netherlands,2022-11-07
100,Mia,Smith,mia.smith.100@mail.com,South Korea,2022-12-13
101,Vivaan,Park,vivaan.park.101@webmail.net,Australia,2023-05-25
102,Zara,Zhang,zara.zhang.102@inbox.com,Canada,2023-06-30
103,Harper,Johnson,harper.johnson.103@company.org,Vietnam,2023-05-30
104,Vivaan,Gupta,vivaan.gupta.104@mail.com,Japan,2024-06-20
105,Sara,Patel,sara.patel.105@company.org,United Kingdom,2023-11-07
106,Olivia,Nguyen,olivia.nguyen.106@webmail.net,Mexico,2024-07-30
107,Harper,Gupta,harper.gupta.107@company.org,Singapore,2022-10-23
108,Sara,Patel,sara.patel.108@webmail.net,Indonesia,2022-01-03
109,Evelyn,Bose,evelyn.bose.109@mail.com,Norway,2023-07-20
110,Isabella,Reddy,isabella.reddy.110@inbox.com,Vietnam,2024-08-26
111,Liam,Park,liam.park.111@inbox.com,United Kingdom,2024-02-27
112,Aisha,Park,aisha.park.112@inbox.com,Spain,2023-09-18
113,Mira,Davis,mira.davis.113@mail.com,Germany,2023-10-16
114,Ava,Park,ava.park.114@mail.com,Philippines,2024-08-14
115,Elijah,Das,elijah.das.115@company.org,Singapore,2025-07-19
116,Aarav,Das,aarav.das.116@mail.com,South Korea,2023-10-30
117,James,Lopez,james.lopez.117@inbox.com,South Africa,2023-12-24
118,Ethan,Jones,ethan.jones.118@mail.com,Vietnam,2024-03-05
119,Lucas,Wang,lucas.wang.119@mail.com,Philippines,2024-10-20
120,Sai,Das,sai.das.120@company.org,Sweden,2023-06-05
121,Sai,Liu,sai.liu.121@inbox.com,Brazil,2022-12-15
122,Kiara,Khan,kiara.khan.122@example.com,USA,2023-01-16
123,Lucas,Lopez,lucas.lopez.123@webmail.net,Canada,2023-10-06
124,Elijah,Mehta,elijah.mehta.124@webmail.net,Indonesia,2024-02-07
125,Sophia,Iyer,sophia.iyer.125@example.com,Germany,2025-03-12
126,Reyansh,Chen,reyansh.chen.126@mail.com,Spain,2022-10-01
127,Evelyn,Jones,evelyn.jones.127@company.org,India,2023-01-23
128,Muhammad,Jones,muhammad.jones.128@webmail.net,Germany,2024-11-03
129,Evelyn,Davis,evelyn.davis.129@inbox.com,Poland,2025-03-19
130,Ethan,Lopez,ethan.lopez.130@company.org,Philippines,2023-10-25
131,Henry,Jones,henry.jones.131@webmail.net,France,2023-12-01
132,Sara,Chen,sara.chen.132@inbox.com,Brazil,2025-04-04
133,Evelyn,Garcia,evelyn.garcia.133@mail.com,South Africa,2023-03-03
134,Ethan,Reddy,ethan.reddy.134@inbox.com,Indonesia,2022-12-31
135,Zara,Brown,zara.brown.135@company.org,Mexico,2022-05-06
136,Ishaan,Khan,ishaan.khan.136@webmail.net,Brazil,2024-12-14
137,Shaurya,Lee,shaurya.lee.137@example.com,Australia,2023-10-07
138,Mason,Brown,mason.brown.138@webmail.net,Norway,2023-10-08
139,Vihaan,Mehta,vihaan.mehta.139@webmail.net,Spain,2025-04-10
140,James,Lee,james.lee.140@company.org,USA,2023-08-14
141,Lucas,Sharma,lucas.sharma.141@inbox.com,UAE,2025-03-16
142,Ava,Zhang,ava.zhang.142@company.org,Spain,2025-03-07
143,Charlotte,Wang,charlotte.wang.143@mail.com,Poland,2024-01-29
144,Pari,Menon,pari.menon.144@webmail.net,Spain,2022-02-15
145,Ava,Brown,ava.brown.145@webmail.net,Vietnam,2025-01-29
146,Aanya,Liu,aanya.liu.146@mail.com,Italy,2024-08-24
147,Charlotte,Sharma,charlotte.sharma.147@company.org,Singapore,2024-05-26
148,Vivaan,Reddy,vivaan.reddy.148@webmail.net,South Africa,2022-07-30
149,Mia,Singh,mia.singh.149@inbox.com,India,2023-08-12
150,Liam,Mehta,liam.mehta.150@inbox.com,Italy,2023-06-09
151,Ava,Menon,ava.menon.151@inbox.com,Spain,2025-07-20
152,Sai,Garcia,sai.garcia.152@company.org,USA,2022-03-22
153,Olivia,Iyer,olivia.iyer.153@example.com,South Africa,2025-04-28
154,Aditya,Chen,aditya.chen.154@mail.com,USA,2022-11-06
155,Vivaan,Lopez,vivaan.lopez.155@mail.com,Germany,2022-07-16
156,Lucas,Park,lucas.park.156@company.org,United Kingdom,2022-12-05
157,Mia,Lee,mia.lee.157@inbox.com,Japan,2022-09-18
158,Benjamin,Lopez,benjamin.lopez.158@example.com,Philippines,2025-04-23
159,Aanya,Das,aanya.das.159@company.org,United Kingdom,2022-02-09
160,Aisha,Martinez,aisha.martinez.160@webmail.net,Vietnam,2023-09-09
161,Kiara,Reddy,kiara.reddy.161@mail.com,Denmark,2022-06-08
162,Aisha,Zhang,aisha.zhang.162@company.org,Vietnam,2025-06-05
163,Muhammad,Wang,muhammad.wang.163@example.com,Denmark,2023-06-24
164,Charlotte,Williams,charlotte.williams.164@inbox.com,Vietnam,2022-04-18
165,Harper,Kim,harper.kim.165@example.com,Mexico,2025-08-12
166,Mason,Liu,mason.liu.166@example.com,Netherlands,2023-11-05
167,Emma,Kim,emma.kim.167@mail.com,Italy,2023-11-08
168,Diya,Nguyen,diya.nguyen.168@inbox.com,Sweden,2024-08-14
169,Charlotte,Chen,charlotte.chen.169@webmail.net,Netherlands,2023-11-08
170,James,Menon,james.menon.170@mail.com,Mexico,2025-07-14
171,Sai,Menon,sai.menon.171@mail.com,Italy,2025-03-11
172,Mia,Martinez,mia.martinez.172@webmail.net,Poland,2023-06-07
173,Vivaan,Garcia,vivaan.garcia.173@mail.com,Mexico,2024-01-28
174,Anaya,Smith,anaya.smith.174@inbox.com,Japan,2023-03-11
175,Benjamin,Lee,benjamin.lee.175@company.org,Japan,2022-01-16
176,Evelyn,Mehta,evelyn.mehta.176@mail.com,Canada,2025-01-23
177,Mason,Garcia,mason.garcia.177@mail.com,Norway,2024-12-08
178,Lucas,Kim,lucas.kim.178@webmail.net,Indonesia,2023-11-28
179,Vivaan,Reddy,vivaan.reddy.179@mail.com,South Korea,2023-09-21
180,Anika,Das,anika.das.180@company.org,Vietnam,2023-07-28
181,Lucas,Davis,lucas.davis.181@inbox.com,Sweden,2023-10-23
182,Henry,Brown,henry.brown.182@webmail.net,UAE,2023-02-25
183,Aisha,Menon,aisha.menon.183@example.com,Brazil,2025-01-25
184,Kiara,Brown,kiara.brown.184@company.org,United Kingdom,2025-03-30
185,Diya,Mehta,diya.mehta.185@webmail.net,Australia,2023-03-06
186,James,Chen,james.chen.186@company.org,Sweden,2023-03-16
187,Reyansh,Liu,reyansh.liu.187@inbox.com,Australia,2022-12-20
188,Emma,Singh,emma.singh.188@example.com,South Korea,2025-01-04
189,Charlotte,Khan,charlotte.khan.189@example.com,Japan,2022-03-26
190,Henry,Das,henry.das.190@mail.com,Indonesia,2024-09-17
191,Amelia,Gupta,amelia.gupta.191@company.org,USA,2023-03-18
192,Lucas,Garcia,lucas.garcia.192@inbox.com,Italy,2022-10-14
193,Vihaan,Menon,vihaan.menon.193@example.com,Netherlands,2025-07-01
194,Arjun,Johnson,arjun.johnson.194@example.com,Netherlands,2024-06-15
195,Vihaan,Khan,vihaan.khan.195@company.org,Germany,2023-04-17
196,Sai,Iyer,sai.iyer.196@company.org,United Kingdom,2025-04-02
197,Mason,Lopez,mason.lopez.197@company.org,Poland,2022-12-17
198,Evelyn,Johnson,evelyn.johnson.198@webmail.net,Italy,2023-04-07
199,James,Williams,james.williams.199@company.org,South Korea,2024-08-22
200,Vihaan,Lopez,vihaan.lopez.200@example.com,Philippines,2025-03-30
201,Anaya,Kim,anaya.kim.201@inbox.com,Australia,2024-10-22
202,Sai,Singh,sai.singh.202@mail.com,Brazil,2024-05-07
203,Arjun,Singh,arjun.singh.203@webmail.net,USA,2023-12-01
204,Benjamin,Garcia,benjamin.garcia.204@example.com,South Korea,2022-12-26
205,Mira,Lee,mira.lee.205@webmail.net,South Korea,2022-04-21
206,Pari,Bose,pari.bose.206@company.org,Japan,2024-10-24
207,Kiara,Williams,kiara.williams.207@company.org,United Kingdom,2022-12-16
208,Shaurya,Bose,shaurya.bose.208@mail.com,Japan,2022-04-21
209,Vihaan,Singh,vihaan.singh.209@company.org,South Korea,2025-03-09
210,Elijah,Bose,elijah.bose.210@webmail.net,South Korea,2022-07-13
211,Mia,Lee,mia.lee.211@webmail.net,South Korea,2023-02-27
212,Harper,Davis,harper.davis.212@webmail.net,Netherlands,2022-05-05
213,Benjamin,Patel,benjamin.patel.213@inbox.com,Spain,2024-07-26
214,Sara,Sharma,sara.sharma.214@mail.com,Canada,2024-11-13
215,Elijah,Martinez,elijah.martinez.215@inbox.com,USA,2024-06-14
216,Aditya,Chen,aditya.chen.216@webmail.net,France,2024-03-17
217,Ethan,Bose,ethan.bose.217@mail.com,Japan,2024-06-28
218,Isabella,Kim,isabella.kim.218@example.com,Netherlands,2024-01-01
219,Olivia,Williams,olivia.williams.219@inbox.com,Mexico,2024-11-07
220,Reyansh,Zhang,reyansh.zhang.220@inbox.com,France,2023-10-02
221,Amelia,Das,amelia.das.221@webmail.net,Vietnam,2025-06-17
222,Henry,Patel,henry.patel.222@example.com,Italy,2023-05-04
223,Sara,Brown,sara.brown.223@webmail.net,United Kingdom,2025-09-05
224,Harper,Liu,harper.liu.224@company.org,USA,2023-12-19
225,Mason,Patel,mason.patel.225@company.org,Australia,2023-07-17
226,Daniel,Chen,daniel.chen.226@webmail.net,Netherlands,2025-03-26
227,Vihaan,Mehta,vihaan.mehta.227@company.org,Japan,2022-07-23
228,Mira,Jones,mira.jones.228@webmail.net,Indonesia,2022-07-08
229,Vivaan,Kim,vivaan.kim.229@mail.com,Poland,2025-01-07
230,Aanya,Das,aanya.das.230@example.com,Norway,2024-05-07
231,Mason,Reddy,mason.reddy.231@example.com,Brazil,2023-12-18
232,Muhammad,Kim,muhammad.kim.232@webmail.net,Germany,2025-01-18
233,Mira,Miller,mira.miller.233@inbox.com,Indonesia,2023-10-08
234,Lucas,Garcia,lucas.garcia.234@webmail.net,Brazil,2024-05-06
235,Shaurya,Johnson,shaurya.johnson.235@company.org,Australia,2024-02-29
236,Ishaan,Zhang,ishaan.zhang.236@inbox.com,Canada,2025-04-15
237,Mason,Brown,mason.brown.237@inbox.com,Sweden,2025-06-28
238,Aarav,Das,aarav.das.238@inbox.com,Philippines,2025-07-24
239,James,Martinez,james.martinez.239@webmail.net,Vietnam,2025-09-06
240,Shaurya,Jones,shaurya.jones.240@webmail.net,Norway,2023-06-21
241,Noah,Davis,noah.davis.241@webmail.net,Norway,2023-12-09
242,Liam,Zhang,liam.zhang.242@mail.com,Australia,2024-06-07
243,Ava,Iyer,ava.iyer.243@example.com,Spain,2023-05-10
244,Lucas,Lee,lucas.lee.244@webmail.net,Singapore,2024-10-28
245,Shaurya,Garcia,shaurya.garcia.245@mail.com,India,2024-02-20
246,James,Brown,james.brown.246@webmail.net,United Kingdom,2022-06-04
247,Evelyn,Bose,evelyn.bose.247@example.com,Italy,2025-01-27
248,Shaurya,Williams,shaurya.williams.248@mail.com,South Africa,2022-04-27
249,Lucas,Wang,lucas.wang.249@inbox.com,Japan,2024-08-26
250,Sophia,Kim,sophia.kim.250@inbox.com,Canada,2025-08-17
251,Charlotte,Johnson,charlotte.johnson.251@webmail.net,Mexico,2025-09-17
252,Charlotte,Patel,charlotte.patel.252@example.com,Poland,2022-12-31
253,Mira,Iyer,mira.iyer.253@example.com,Philippines,2023-11-06
254,Reyansh,Chen,reyansh.chen.254@example.com,South Africa,2023-11-21
255,Aanya,Lee,aanya.lee.255@example.com,South Korea,2022-03-13
256,Liam,Wang,liam.wang.256@inbox.com,India,2023-07-11
257,Emma,Williams,emma.williams.257@mail.com,Germany,2024-04-05
258,Mason,Martinez,mason.martinez.258@mail.com,Vietnam,2022-09-22
259,Diya,Reddy,diya.reddy.259@webmail.net,Poland,2024-08-20
260,Anika,Garcia,anika.garcia.260@mail.com,Denmark,2022-12-27
261,Mia,Kim,mia.kim.261@webmail.net,Japan,2023-02-01
262,Aarav,Kumar,aarav.kumar.262@inbox.com,Italy,2024-11-18
263,Charlotte,Singh,charlotte.singh.263@webmail.net,Canada,2023-06-21
264,James,Das,james.das.264@webmail.net,South Africa,2024-12-08
265,Sara,Jones,sara.jones.265@mail.com,South Korea,2023-08-21
266,Lucas,Gupta,lucas.gupta.266@webmail.net,Brazil,2024-06-07
267,Olivia,Martinez,olivia.martinez.267@inbox.com,South Korea,2022-02-04
268,Sophia,Menon,sophia.menon.268@company.org,USA,2025-09-05
269,Vihaan,Bose,vihaan.bose.269@webmail.net,Poland,2025-07-17
270,Mira,Chen,mira.chen.270@company.org,Brazil,2025-05-30
271,Olivia,Iyer,olivia.iyer.271@mail.com,South Africa,2024-08-22
272,Sara,Park,sara.park.272@mail.com,Philippines,2024-09-02
273,Reyansh,Kumar,reyansh.kumar.273@example.com,South Africa,2023-04-25
274,Ethan,Patel,ethan.patel.274@inbox.com,Denmark,2025-02-11
275,Ishaan,Reddy,ishaan.reddy.275@inbox.com,South Korea,2025-03-07
276,Mason,Singh,mason.singh.276@mail.com,Australia,2025-05-06
277,Charlotte,Kumar,charlotte.kumar.277@company.org,UAE,2024-02-19
278,Zara,Liu,zara.liu.278@inbox.com,France,2025-07-05
279,Lucas,Wang,lucas.wang.279@inbox.com,South Korea,2025-06-03
280,Muhammad,Jones,muhammad.jones.280@mail.com,Canada,2025-03-17
281,Pari,Zhang,pari.zhang.281@webmail.net,Vietnam,2025-08-06
282,Henry,Smith,henry.smith.282@webmail.net,Canada,2022-01-22
283,Sara,Davis,sara.davis.283@webmail.net,United Kingdom,2023-07-27
284,Sara,Martinez,sara.martinez.284@inbox.com,Singapore,2022-06-18
285,Pari,Garcia,pari.garcia.285@company.org,USA,2024-05-22
286,Liam,Bose,liam.bose.286@mail.com,Poland,2024-10-03
287,Arjun,Kim,arjun.kim.287@inbox.com,Italy,2024-10-05
288,Mason,Gupta,mason.gupta.288@example.com,Germany,2022-02-27
289,Aisha,Garcia,aisha.garcia.289@example.com,United Kingdom,2022-12-31
290,Charlotte,Khan,charlotte.khan.290@webmail.net,Singapore,2023-07-31
291,Charlotte,Williams,charlotte.williams.291@mail.com,Denmark,2023-10-07
292,Reyansh,Liu,reyansh.liu.292@company.org,Netherlands,2023-09-26
293,Zara,Patel,zara.patel.293@inbox.com,Indonesia,2022-12-04
294,Ethan,Jones,ethan.jones.294@inbox.com,Brazil,2022-06-04
295,Emma,Davis,emma.davis.295@inbox.com,South Africa,2022-04-05
296,Sophia,Menon,sophia.menon.296@example.com,Australia,2025-08-10
297,Mia,Reddy,mia.reddy.297@mail.com,Vietnam,2024-09-23
298,Benjamin,Sharma,benjamin.sharma.298@inbox.com,India,2023-01-14
299,Ishaan,Wang,ishaan.wang.299@mail.com,Denmark,2022-04-17
300,Henry,Mehta,henry.mehta.300@mail.com,Denmark,2025-06-17
301,Pari,Brown,pari.brown.301@company.org,Germany,2022-01-05
302,Zara,Zhang,zara.zhang.302@mail.com,Germany,2024-04-19
303,Sara,Wang,sara.wang.303@example.com,France,2024-10-23
304,Vivaan,Khan,vivaan.khan.304@inbox.com,USA,2025-05-12
305,Anika,Martinez,anika.martinez.305@example.com,Mexico,2022-09-28
306,Sara,Patel,sara.patel.306@webmail.net,Germany,2024-03-28
307,Muhammad,Nguyen,muhammad.nguyen.307@webmail.net,Canada,2023-11-28
308,Emma,Miller,emma.miller.308@example.com,Denmark,2023-12-04
309,Harper,Iyer,harper.iyer.309@example.com,Poland,2025-02-03
310,Evelyn,Das,evelyn.das.310@example.com,Italy,2022-04-05
311,Lucas,Zhang,lucas.zhang.311@webmail.net,Singapore,2024-12-01
312,Reyansh,Garcia,reyansh.garcia.312@webmail.net,Indonesia,2022-04-25
313,Sai,Brown,sai.brown.313@mail.com,Poland,2022-04-13
314,Ishaan,Menon,ishaan.menon.314@company.org,Poland,2024-05-01
315,Liam,Johnson,liam.johnson.315@company.org,Poland,2023-04-04
316,Mia,Miller,mia.miller.316@webmail.net,Poland,2022-06-04
317,Muhammad,Zhang,muhammad.zhang.317@company.org,South Africa,2025-01-24
318,Anaya,Williams,anaya.williams.318@mail.com,Italy,2023-10-05
319,Noah,Liu,noah.liu.319@webmail.net,Italy,2023-10-09
320,Reyansh,Brown,reyansh.brown.320@inbox.com,Spain,2024-10-30
321,Sara,Smith,sara.smith.321@webmail.net,Germany,2022-04-15
322,Sai,Liu,sai.liu.322@example.com,Canada,2023-11-02
323,Reyansh,Nguyen,reyansh.nguyen.323@inbox.com,Philippines,2025-06-15
324,Ishaan,Davis,ishaan.davis.324@company.org,India,2024-05-22
325,Henry,Brown,henry.brown.325@example.com,Vietnam,2023-10-01
326,Olivia,Zhang,olivia.zhang.326@webmail.net,Vietnam,2025-09-10
327,Vihaan,Das,vihaan.das.327@inbox.com,Poland,2023-07-01
328,Reyansh,Martinez,reyansh.martinez.328@mail.com,Sweden,2022-08-29
329,Lucas,Iyer,lucas.iyer.329@inbox.com,United Kingdom,2025-08-06
330,Henry,Smith,henry.smith.330@inbox.com,United Kingdom,2024-06-10
331,Pari,Wang,pari.wang.331@company.org,Spain,2025-04-07
332,Daniel,Lopez,daniel.lopez.332@company.org,Vietnam,2022-02-10
333,Benjamin,Bose,benjamin.bose.333@inbox.com,Vietnam,2022-02-14
334,Diya,Menon,diya.menon.334@inbox.com,Indonesia,2023-06-12
335,Olivia,Sharma,olivia.sharma.335@mail.com,France,2024-05-29
336,Sophia,Reddy,sophia.reddy.336@example.com,Germany,2022-05-23
337,Evelyn,Mehta,evelyn.mehta.337@webmail.net,Singapore,2023-12-06
338,Noah,Singh,noah.singh.338@inbox.com,UAE,2025-01-25
339,Liam,Chen,liam.chen.339@company.org,Denmark,2022-05-12
340,Vihaan,Khan,vihaan.khan.340@company.org,France,2022-03-19
341,Sai,Menon,sai.menon.341@webmail.net,Italy,2024-01-25
342,Benjamin,Jones,benjamin.jones.342@inbox.com,Spain,2022-12-01
343,Harper,Gupta,harper.gupta.343@webmail.net,UAE,2022-06-22
344,Mira,Park,mira.park.344@company.org,Vietnam,2024-01-26
345,Evelyn,Park,evelyn.park.345@example.com,South Korea,2022-12-09
346,Sophia,Lopez,sophia.lopez.346@example.com,India,2022-11-14
347,Aisha,Mehta,aisha.mehta.347@inbox.com,Germany,2023-03-26
348,Liam,Gupta,liam.gupta.348@webmail.net,USA,2025-03-06
349,Isabella,Singh,isabella.singh.349@webmail.net,Germany,2024-04-07
350,Pari,Miller,pari.miller.350@inbox.com,Norway,2022-04-22
351,Sophia,Zhang,sophia.zhang.351@example.com,Philippines,2023-11-09
352,Vivaan,Jones,vivaan.jones.352@inbox.com,Canada,2024-06-13
353,Isabella,Martinez,isabella.martinez.353@webmail.net,Singapore,2023-03-26
354,Muhammad,Johnson,muhammad.johnson.354@inbox.com,USA,2022-09-24
355,Daniel,Jones,daniel.jones.355@inbox.com,Indonesia,2022-05-17
356,Isabella,Zhang,isabella.zhang.356@mail.com,United Kingdom,2023-11-08
357,James,Johnson,james.johnson.357@example.com,Sweden,2023-09-07
358,Aisha,Nguyen,aisha.nguyen.358@mail.com,Mexico,2023-06-02
359,Aanya,Reddy,aanya.reddy.359@example.com,Sweden,2024-04-04
360,Harper,Mehta,harper.mehta.360@inbox.com,UAE,2025-02-03
361,Shaurya,Iyer,shaurya.iyer.361@mail.com,United Kingdom,2023-02-02
362,Kiara,Singh,kiara.singh.362@mail.com,Poland,2025-03-26
363,Arjun,Singh,arjun.singh.363@webmail.net,South Africa,2023-12-22
364,Elijah,Chen,elijah.chen.364@webmail.net,Denmark,2024-11-24
365,Elijah,Kim,elijah.kim.365@company.org,South Africa,2023-05-18
366,Liam,Khan,liam.khan.366@example.com,Italy,2023-12-30
367,Ethan,Kim,ethan.kim.367@inbox.com,South Korea,2024-07-07
368,Vihaan,Smith,vihaan.smith.368@example.com,Sweden,2023-04-28
369,Mia,Jones,mia.jones.369@example.com,India,2023-07-27
370,Mira,Reddy,mira.reddy.370@example.com,South Africa,2024-08-13
371,Benjamin,Miller,benjamin.miller.371@webmail.net,Singapore,2024-06-20
372,Henry,Wang,henry.wang.372@example.com,Philippines,2023-11-30
373,Elijah,Kim,elijah.kim.373@inbox.com,Australia,2024-07-28
374,Lucas,Miller,lucas.miller.374@example.com,Germany,2023-12-01
375,Reyansh,Wang,reyansh.wang.375@example.com,Mexico,2024-02-23
376,Diya,Patel,diya.patel.376@webmail.net,Brazil,2023-11-14
377,Evelyn,Miller,evelyn.miller.377@mail.com,Poland,2023-07-20
378,Emma,Bose,emma.bose.378@webmail.net,South Korea,2023-09-28
379,Noah,Park,noah.park.379@example.com,Poland,2025-05-11
380,Noah,Reddy,noah.reddy.380@example.com,Mexico,2024-05-16
381,Ava,Das,ava.das.381@company.org,Japan,2025-09-18
382,Shaurya,Brown,shaurya.brown.382@company.org,Canada,2024-10-27
383,Shaurya,Bose,shaurya.bose.383@inbox.com,UAE,2024-10-16
384,Sophia,Khan,sophia.khan.384@example.com,Poland,2023-04-26
385,Henry,Johnson,henry.johnson.385@inbox.com,South Africa,2025-06-17
386,Ishaan,Park,ishaan.park.386@company.org,Indonesia,2022-05-26
387,Isabella,Miller,isabella.miller.387@example.com,UAE,2023-07-18
388,Aisha,Singh,aisha.singh.388@inbox.com,Australia,2025-04-05
389,Amelia,Mehta,amelia.mehta.389@mail.com,Brazil,2022-08-29
390,Arjun,Das,arjun.das.390@company.org,United Kingdom,2025-04-12
391,Charlotte,Liu,charlotte.liu.391@company.org,Philippines,2022-02-28
392,Noah,Kumar,noah.kumar.392@mail.com,Poland,2024-07-16
393,Ava,Khan,ava.khan.393@mail.com,France,2025-07-15
394,Daniel,Wang,daniel.wang.394@webmail.net,France,2022-03-09
395,Mason,Smith,mason.smith.395@mail.com,Vietnam,2023-11-22
396,Daniel,Das,daniel.das.396@webmail.net,Philippines,2022-12-30
397,Charlotte,Iyer,charlotte.iyer.397@webmail.net,South Korea,2025-07-21
398,Kiara,Smith,kiara.smith.398@company.org,Vietnam,2023-11-16
399,Mia,Chen,mia.chen.399@webmail.net,South Korea,2024-02-21
400,Evelyn,Williams,evelyn.williams.400@mail.com,France,2025-05-29
401,Benjamin,Khan,benjamin.khan.401@example.com,Japan,2024-09-23
402,Lucas,Zhang,lucas.zhang.402@company.org,UAE,2022-06-09
403,Evelyn,Zhang,evelyn.zhang.403@inbox.com,United Kingdom,2022-05-11
404,Aanya,Menon,aanya.menon.404@company.org,Italy,2022-08-17
405,Isabella,Reddy,isabella.reddy.405@webmail.net,Brazil,2023-06-28
406,Vivaan,Williams,vivaan.williams.406@webmail.net,India,2024-02-19
407,Emma,Iyer,emma.iyer.407@example.com,Singapore,2023-08-06
408,Pari,Sharma,pari.sharma.408@example.com,Mexico,2025-07-27
409,Noah,Wang,noah.wang.409@mail.com,Germany,2022-03-01
410,Mira,Bose,mira.bose.410@mail.com,Netherlands,2025-03-24
411,Lucas,Jones,lucas.jones.411@example.com,Poland,2022-05-04
412,Vivaan,Menon,vivaan.menon.412@mail.com,Australia,2024-05-02
413,Benjamin,Miller,benjamin.miller.413@example.com,Spain,2025-04-20
414,Mira,Iyer,mira.iyer.414@example.com,South Korea,2022-03-16
415,Anika,Williams,anika.williams.415@company.org,South Africa,2023-12-12
416,Arjun,Gupta,arjun.gupta.416@company.org,Netherlands,2024-04-12
417,Vivaan,Kim,vivaan.kim.417@company.org,Sweden,2023-01-11
418,Shaurya,Das,shaurya.das.418@example.com,Spain,2024-08-13
419,Olivia,Iyer,olivia.iyer.419@webmail.net,Denmark,2022-10-18
420,Sai,Miller,sai.miller.420@example.com,UAE,2024-03-28
421,Charlotte,Miller,charlotte.miller.421@company.org,Sweden,2022-02-01
422,Ava,Zhang,ava.zhang.422@example.com,Netherlands,2024-09-14
423,Ava,Smith,ava.smith.423@example.com,Japan,2023-07-09
424,Arjun,Smith,arjun.smith.424@example.com,Brazil,2025-04-13
425,James,Nguyen,james.nguyen.425@mail.com,Mexico,2022-03-10
426,Olivia,Davis,olivia.davis.426@mail.com,Mexico,2025-07-13
427,Mia,Lee,mia.lee.427@mail.com,Netherlands,2025-06-14
428,Ishaan,Reddy,ishaan.reddy.428@webmail.net,Indonesia,2022-02-27
429,Mira,Mehta,mira.mehta.429@mail.com,India,2022-03-07
430,Liam,Bose,liam.bose.430@company.org,South Korea,2023-09-11
431,Charlotte,Garcia,charlotte.garcia.431@example.com,Japan,2025-03-16
432,Kiara,Das,kiara.das.432@example.com,UAE,2025-09-06
433,Noah,Menon,noah.menon.433@inbox.com,United Kingdom,2023-11-10
434,Sophia,Nguyen,sophia.nguyen.434@webmail.net,Italy,2023-06-11
435,Diya,Garcia,diya.garcia.435@webmail.net,Indonesia,2023-07-25
436,Evelyn,Menon,evelyn.menon.436@webmail.net,Canada,2022-05-03
437,Isabella,Lopez,isabella.lopez.437@company.org,France,2023-04-02
438,Liam,Gupta,liam.gupta.438@inbox.com,Canada,2024-10-23
439,Mira,Das,mira.das.439@company.org,Italy,2025-01-19
440,Isabella,Singh,isabella.singh.440@webmail.net,Indonesia,2023-07-01
441,Ethan,Patel,ethan.patel.441@inbox.com,Philippines,2024-08-13
442,Isabella,Menon,isabella.menon.442@example.com,South Africa,2022-04-27
443,Sophia,Smith,sophia.smith.443@mail.com,Sweden,2022-02-18
444,Shaurya,Zhang,shaurya.zhang.444@webmail.net,Poland,2022-02-24
445,Ishaan,Reddy,ishaan.reddy.445@inbox.com,Brazil,2023-07-17
446,Ava,Martinez,ava.martinez.446@company.org,India,2022-08-27
447,Ethan,Smith,ethan.smith.447@webmail.net,UAE,2025-03-31
448,Arjun,Martinez,arjun.martinez.448@company.org,Germany,2023-07-25
449,Sophia,Brown,sophia.brown.449@inbox.com,South Africa,2023-01-23
450,Muhammad,Sharma,muhammad.sharma.450@mail.com,Philippines,2024-02-15
451,Evelyn,Johnson,evelyn.johnson.451@example.com,Norway,2023-02-11
452,Sara,Lee,sara.lee.452@mail.com,Italy,2024-08-08
453,Mira,Lee,mira.lee.453@mail.com,Netherlands,2022-07-10
454,Ishaan,Zhang,ishaan.zhang.454@webmail.net,Canada,2022-09-26
455,Ethan,Reddy,ethan.reddy.455@inbox.com,Vietnam,2024-11-03
456,Olivia,Lee,olivia.lee.456@company.org,Canada,2024-04-22
457,Mira,Kumar,mira.kumar.457@mail.com,South Korea,2025-01-10
458,Diya,Wang,diya.wang.458@company.org,UAE,2022-12-15
459,Muhammad,Mehta,muhammad.mehta.459@mail.com,Germany,2025-05-12
460,Amelia,Sharma,amelia.sharma.460@company.org,UAE,2024-06-08
461,Emma,Jones,emma.jones.461@mail.com,Norway,2024-08-08
462,Sai,Reddy,sai.reddy.462@webmail.net,South Korea,2025-01-18
463,Lucas,Miller,lucas.miller.463@webmail.net,Spain,2025-07-03
464,Elijah,Reddy,elijah.reddy.464@inbox.com,Germany,2024-09-24
465,Arjun,Jones,arjun.jones.465@company.org,Italy,2023-06-20
466,Ishaan,Kumar,ishaan.kumar.466@company.org,Norway,2022-10-10
467,Ishaan,Williams,ishaan.williams.467@example.com,Sweden,2025-07-15
468,Muhammad,Miller,muhammad.miller.468@inbox.com,Germany,2022-09-13
469,Aanya,Brown,aanya.brown.469@mail.com,Indonesia,2023-06-22
470,Evelyn,Kumar,evelyn.kumar.470@example.com,South Korea,2023-01-25
471,Kiara,Kim,kiara.kim.471@inbox.com,Norway,2022-07-14
472,Aisha,Lopez,aisha.lopez.472@example.com,Norway,2024-02-20
473,Aanya,Martinez,aanya.martinez.473@mail.com,Denmark,2022-09-23
474,Daniel,Nguyen,daniel.nguyen.474@inbox.com,Poland,2025-08-01
475,Elijah,Patel,elijah.patel.475@example.com,USA,2022-03-12
476,Elijah,Menon,elijah.menon.476@mail.com,South Africa,2025-04-06
477,Elijah,Williams,elijah.williams.477@example.com,Poland,2024-02-13
478,Charlotte,Das,charlotte.das.478@inbox.com,South Africa,2024-01-21
479,Anika,Wang,anika.wang.479@webmail.net,Vietnam,2023-04-08
480,Mia,Reddy,mia.reddy.480@example.com,Indonesia,2022-09-03
481,Ethan,Williams,ethan.williams.481@webmail.net,Netherlands,2022-11-13
482,Noah,Lopez,noah.lopez.482@inbox.com,Germany,2025-08-31
483,Liam,Nguyen,liam.nguyen.483@webmail.net,UAE,2022-07-23
484,Emma,Miller,emma.miller.484@example.com,Norway,2023-05-11
485,Anika,Jones,anika.jones.485@inbox.com,United Kingdom,2023-11-30
486,Anika,Khan,anika.khan.486@example.com,United Kingdom,2023-03-27
487,Ava,Zhang,ava.zhang.487@webmail.net,Poland,2023-01-21
488,Aanya,Liu,aanya.liu.488@company.org,Mexico,2025-01-25
489,Liam,Mehta,liam.mehta.489@webmail.net,France,2024-03-10
490,Mia,Garcia,mia.garcia.490@webmail.net,South Korea,2022-02-06
491,Sai,Johnson,sai.johnson.491@webmail.net,Sweden,2023-01-09
492,Anaya,Martinez,anaya.martinez.492@example.com,UAE,2022-03-20
493,Mira,Garcia,mira.garcia.493@webmail.net,Poland,2023-03-20
494,Charlotte,Sharma,charlotte.sharma.494@webmail.net,United Kingdom,2022-07-28
495,Sara,Nguyen,sara.nguyen.495@webmail.net,UAE,2023-07-23
496,Aditya,Johnson,aditya.johnson.496@company.org,India,2024-05-22
497,Kiara,Smith,kiara.smith.497@inbox.com,Norway,2022-04-25
498,Ava,Miller,ava.miller.498@company.org,Italy,2023-03-11
499,Daniel,Park,daniel.park.499@example.com,Poland,2022-07-19
500,Reyansh,Johnson,reyansh.johnson.500@inbox.com,UAE,2024-05-16
501,Emma,Chen,emma.chen.501@mail.com,Germany,2024-07-24
502,Harper,Johnson,harper.johnson.502@example.com,Sweden,2022-03-12
503,Aditya,Khan,aditya.khan.503@inbox.com,Indonesia,2025-06-02
504,Lucas,Miller,lucas.miller.504@mail.com,Italy,2024-07-30
505,Harper,Khan,harper.khan.505@company.org,Mexico,2023-05-10
506,Aanya,Johnson,aanya.johnson.506@inbox.com,Poland,2024-07-11
507,Noah,Miller,noah.miller.507@company.org,Sweden,2024-01-31
508,Elijah,Das,elijah.das.508@example.com,Netherlands,2023-07-27
509,Noah,Park,noah.park.509@webmail.net,United Kingdom,2024-06-25
510,Aisha,Wang,aisha.wang.510@example.com,Philippines,2024-07-16
511,Lucas,Menon,lucas.menon.511@company.org,South Africa,2024-06-16
512,Pari,Nguyen,pari.nguyen.512@company.org,India,2024-01-17
513,Aanya,Miller,aanya.miller.513@company.org,South Africa,2025-04-18
514,Ava,Khan,ava.khan.514@mail.com,Vietnam,2022-02-19
515,Elijah,Lee,elijah.lee.515@mail.com,United Kingdom,2022-01-30
516,Ethan,Brown,ethan.brown.516@mail.com,Spain,2023-10-04
517,Anaya,Williams,anaya.williams.517@company.org,Sweden,2024-01-03
518,Vihaan,Lee,vihaan.lee.518@company.org,Germany,2022-11-19
519,Henry,Brown,henry.brown.519@webmail.net,Vietnam,2024-03-27
520,Ava,Brown,ava.brown.520@webmail.net,France,2024-04-08
521,Noah,Davis,noah.davis.521@inbox.com,UAE,2024-08-05
522,Lucas,Mehta,lucas.mehta.522@inbox.com,Brazil,2024-05-16
523,Aisha,Iyer,aisha.iyer.523@inbox.com,South Korea,2024-12-31
524,Anaya,Lee,anaya.lee.524@webmail.net,Indonesia,2023-05-08
525,Lucas,Smith,lucas.smith.525@inbox.com,Norway,2023-03-24
526,Muhammad,Martinez,muhammad.martinez.526@company.org,Vietnam,2023-08-13
527,Sophia,Liu,sophia.liu.527@mail.com,UAE,2023-03-28
528,Aditya,Das,aditya.das.528@example.com,Indonesia,2023-06-23
529,Ethan,Kim,ethan.kim.529@webmail.net,Japan,2022-11-29
530,Kiara,Liu,kiara.liu.530@inbox.com,Norway,2024-05-23
531,Zara,Khan,zara.khan.531@company.org,United Kingdom,2025-02-24
532,James,Iyer,james.iyer.532@example.com,Brazil,2024-11-06
533,Evelyn,Iyer,evelyn.iyer.533@mail.com,South Africa,2022-03-23
534,Reyansh,Williams,reyansh.williams.534@webmail.net,Mexico,2022-06-06
535,Ishaan,Sharma,ishaan.sharma.535@mail.com,Norway,2023-09-25
536,Lucas,Garcia,lucas.garcia.536@mail.com,South Africa,2025-03-20
537,Mira,Brown,mira.brown.537@example.com,South Korea,2025-04-09
538,Sai,Kim,sai.kim.538@mail.com,Denmark,2024-04-11
539,Aditya,Bose,aditya.bose.539@webmail.net,France,2025-07-25
540,Diya,Bose,diya.bose.540@webmail.net,India,2025-05-09
541,Amelia,Singh,amelia.singh.541@inbox.com,Philippines,2025-09-23
542,Aditya,Sharma,aditya.sharma.542@company.org,South Korea,2024-07-25
543,Reyansh,Bose,reyansh.bose.543@inbox.com,Mexico,2023-12-07
544,Charlotte,Miller,charlotte.miller.544@mail.com,Netherlands,2025-08-15
545,Harper,Jones,harper.jones.545@mail.com,Japan,2025-06-10
546,Muhammad,Brown,muhammad.brown.546@webmail.net,France,2024-10-04
547,Sara,Lee,sara.lee.547@example.com,France,2025-02-18
548,Noah,Wang,noah.wang.548@company.org,South Korea,2024-11-13
549,Kiara,Singh,kiara.singh.549@webmail.net,Poland,2025-07-08
550,Isabella,Miller,isabella.miller.550@example.com,Mexico,2023-09-15
551,Reyansh,Singh,reyansh.singh.551@webmail.net,Germany,2023-05-18
552,Anika,Sharma,anika.sharma.552@webmail.net,Japan,2023-01-01
553,Ethan,Chen,ethan.chen.553@inbox.com,Japan,2023-04-15
554,James,Nguyen,james.nguyen.554@example.com,Denmark,2023-02-11
555,Emma,Lee,emma.lee.555@example.com,Brazil,2024-11-03
556,Muhammad,Jones,muhammad.jones.556@mail.com,South Korea,2023-09-22
557,Harper,Bose,harper.bose.557@inbox.com,Indonesia,2024-12-08
558,Muhammad,Kim,muhammad.kim.558@inbox.com,South Korea,2024-08-12
559,Pari,Iyer,pari.iyer.559@webmail.net,Germany,2022-08-26
560,Mia,Nguyen,mia.nguyen.560@inbox.com,Poland,2023-10-08
561,Henry,Bose,henry.bose.561@company.org,Netherlands,2025-05-30
562,Anaya,Chen,anaya.chen.562@company.org,Brazil,2025-09-18
563,Sai,Miller,sai.miller.563@company.org,Italy,2024-12-29
564,Emma,Reddy,emma.reddy.564@example.com,Denmark,2022-04-06
565,Henry,Kumar,henry.kumar.565@mail.com,Sweden,2024-06-08
566,Charlotte,Khan,charlotte.khan.566@inbox.com,France,2025-08-20
567,Evelyn,Jones,evelyn.jones.567@mail.com,United Kingdom,2025-01-18
568,James,Garcia,james.garcia.568@company.org,Canada,2023-11-24
569,Vihaan,Jones,vihaan.jones.569@company.org,Germany,2023-10-08
570,Mia,Martinez,mia.martinez.570@company.org,India,2023-12-20
571,Aisha,Nguyen,aisha.nguyen.571@webmail.net,USA,2023-01-31
572,Aarav,Nguyen,aarav.nguyen.572@company.org,Australia,2022-04-24
573,Aditya,Williams,aditya.williams.573@example.com,UAE,2024-04-20
574,Vihaan,Bose,vihaan.bose.574@webmail.net,Canada,2022-02-19
575,Mira,Williams,mira.williams.575@mail.com,France,2025-04-04
576,Mason,Smith,mason.smith.576@webmail.net,Singapore,2025-09-12
577,Ava,Johnson,ava.johnson.577@company.org,Canada,2022-07-26
578,Olivia,Gupta,olivia.gupta.578@company.org,France,2023-09-03
579,Evelyn,Khan,evelyn.khan.579@mail.com,Philippines,2025-07-20
580,Aarav,Chen,aarav.chen.580@inbox.com,USA,2023-12-21
581,Charlotte,Williams,charlotte.williams.581@webmail.net,Norway,2025-07-03
582,Pari,Iyer,pari.iyer.582@inbox.com,Italy,2022-08-29
583,Zara,Mehta,zara.mehta.583@example.com,Philippines,2022-02-20
584,Mason,Lopez,mason.lopez.584@mail.com,USA,2022-11-17
585,Arjun,Gupta,arjun.gupta.585@example.com,Poland,2023-11-25
586,Benjamin,Park,benjamin.park.586@example.com,Indonesia,2023-01-16
587,Aditya,Johnson,aditya.johnson.587@mail.com,Italy,2024-04-18
588,Anaya,Chen,anaya.chen.588@mail.com,India,2024-02-22
589,Mira,Iyer,mira.iyer.589@company.org,Philippines,2023-05-11
590,Elijah,Lopez,elijah.lopez.590@inbox.com,Vietnam,2023-01-04
591,Aisha,Kumar,aisha.kumar.591@company.org,Germany,2022-12-10
592,Mason,Das,mason.das.592@example.com,Japan,2024-05-14
593,James,Kumar,james.kumar.593@mail.com,Philippines,2024-08-30
594,Isabella,Davis,isabella.davis.594@example.com,Netherlands,2023-06-20
595,Ava,Wang,ava.wang.595@inbox.com,Sweden,2024-12-17
596,Mason,Williams,mason.williams.596@inbox.com,Germany,2023-08-08
597,Diya,Chen,diya.chen.597@webmail.net,Norway,2023-01-10
598,Pari,Das,pari.das.598@mail.com,Indonesia,2025-06-05
599,Mia,Bose,mia.bose.599@company.org,India,2023-10-04
600,Mason,Davis,mason.davis.600@mail.com,Sweden,2023-08-27
601,Anika,Menon,anika.menon.601@inbox.com,Australia,2024-10-01
602,Sai,Bose,sai.bose.602@inbox.com,Italy,2022-05-24
603,Charlotte,Nguyen,charlotte.nguyen.603@example.com,Australia,2023-02-22
604,Ava,Park,ava.park.604@company.org,Poland,2022-03-03
605,Arjun,Mehta,arjun.mehta.605@company.org,Denmark,2022-12-04
606,Lucas,Mehta,lucas.mehta.606@inbox.com,Mexico,2022-01-24
607,Anaya,Bose,anaya.bose.607@example.com,Australia,2025-03-06
608,Lucas,Bose,lucas.bose.608@company.org,Brazil,2024-12-29
609,Anaya,Johnson,anaya.johnson.609@company.org,Brazil,2023-05-15
610,Mira,Johnson,mira.johnson.610@company.org,Italy,2024-10-04
611,Olivia,Das,olivia.das.611@inbox.com,Japan,2024-03-07
612,Amelia,Jones,amelia.jones.612@webmail.net,United Kingdom,2025-03-29
613,Liam,Bose,liam.bose.613@inbox.com,Australia,2023-05-02
614,Mason,Patel,mason.patel.614@mail.com,Denmark,2025-02-25
615,Shaurya,Sharma,shaurya.sharma.615@company.org,Japan,2024-06-26
616,James,Nguyen,james.nguyen.616@inbox.com,Spain,2022-08-25
617,Kiara,Brown,kiara.brown.617@webmail.net,Brazil,2024-06-04
618,Anika,Garcia,anika.garcia.618@inbox.com,Norway,2023-02-04
619,Amelia,Nguyen,amelia.nguyen.619@webmail.net,South Africa,2023-12-17
620,Aanya,Nguyen,aanya.nguyen.620@mail.com,UAE,2022-08-06
621,Charlotte,Garcia,charlotte.garcia.621@company.org,France,2024-09-24
622,Vihaan,Miller,vihaan.miller.622@example.com,India,2025-06-24
623,Vihaan,Chen,vihaan.chen.623@webmail.net,USA,2022-08-02
624,Pari,Reddy,pari.reddy.624@mail.com,Indonesia,2022-01-15
625,Anaya,Miller,anaya.miller.625@inbox.com,Italy,2022-04-04
626,Daniel,Kim,daniel.kim.626@company.org,Vietnam,2024-01-21
627,Amelia,Sharma,amelia.sharma.627@company.org,USA,2024-05-06
628,Mason,Sharma,mason.sharma.628@company.org,USA,2025-01-26
629,Zara,Davis,zara.davis.629@example.com,South Korea,2024-02-20
630,Isabella,Wang,isabella.wang.630@example.com,France,2022-05-30
631,Evelyn,Khan,evelyn.khan.631@mail.com,Brazil,2024-08-20
632,Evelyn,Menon,evelyn.menon.632@inbox.com,UAE,2025-05-19
633,Sophia,Reddy,sophia.reddy.633@webmail.net,UAE,2023-12-15
634,Elijah,Iyer,elijah.iyer.634@mail.com,Indonesia,2023-04-11
635,Sai,Kim,sai.kim.635@example.com,South Africa,2022-05-26
636,Sophia,Johnson,sophia.johnson.636@company.org,Singapore,2024-01-10
637,Vihaan,Kim,vihaan.kim.637@mail.com,USA,2022-05-09
638,Amelia,Zhang,amelia.zhang.638@inbox.com,Spain,2024-05-29
639,Reyansh,Kumar,reyansh.kumar.639@example.com,Sweden,2022-12-23
640,Anaya,Kumar,anaya.kumar.640@company.org,Indonesia,2024-01-09
641,Zara,Patel,zara.patel.641@inbox.com,Canada,2024-04-23
642,Elijah,Park,elijah.park.642@mail.com,India,2025-08-14
643,Liam,Sharma,liam.sharma.643@company.org,Australia,2022-08-12
644,Sophia,Bose,sophia.bose.644@inbox.com,Canada,2022-09-10
645,Elijah,Iyer,elijah.iyer.645@webmail.net,Denmark,2024-11-17
646,Charlotte,Brown,charlotte.brown.646@mail.com,Singapore,2025-05-12
647,Sai,Miller,sai.miller.647@inbox.com,Philippines,2022-03-25
648,Reyansh,Williams,reyansh.williams.648@example.com,Brazil,2023-06-14
649,Benjamin,Chen,benjamin.chen.649@company.org,Poland,2023-09-09
650,Liam,Sharma,liam.sharma.650@inbox.com,South Africa,2025-05-02
651,Ethan,Garcia,ethan.garcia.651@inbox.com,Brazil,2024-05-09
652,Ava,Williams,ava.williams.652@company.org,France,2024-10-23
653,Ava,Reddy,ava.reddy.653@inbox.com,Poland,2025-05-24
654,Anika,Lee,anika.lee.654@example.com,Canada,2023-02-21
655,Shaurya,Johnson,shaurya.johnson.655@mail.com,Indonesia,2025-02-23
656,Ava,Brown,ava.brown.656@example.com,UAE,2022-05-23
657,Aarav,Das,aarav.das.657@inbox.com,Italy,2025-03-28
658,Zara,Gupta,zara.gupta.658@example.com,Germany,2022-10-19
659,Isabella,Jones,isabella.jones.659@company.org,Norway,2024-03-07
660,Mason,Gupta,mason.gupta.660@example.com,USA,2023-07-04
661,Henry,Reddy,henry.reddy.661@company.org,Poland,2025-05-03
662,Liam,Zhang,liam.zhang.662@example.com,Singapore,2023-03-30
663,Mason,Johnson,mason.johnson.663@company.org,Canada,2023-01-13
664,Elijah,Miller,elijah.miller.664@webmail.net,France,2022-09-21
665,Ishaan,Menon,ishaan.menon.665@inbox.com,South Korea,2024-02-06
666,Shaurya,Reddy,shaurya.reddy.666@webmail.net,France,2023-03-05
667,Mason,Das,mason.das.667@example.com,Netherlands,2023-07-15
668,Sara,Iyer,sara.iyer.668@webmail.net,Philippines,2024-07-11
669,Daniel,Mehta,daniel.mehta.669@example.com,Italy,2022-07-30
670,Aisha,Sharma,aisha.sharma.670@inbox.com,Singapore,2025-07-31
671,Daniel,Johnson,daniel.johnson.671@webmail.net,Mexico,2023-06-04
672,Isabella,Liu,isabella.liu.672@company.org,South Africa,2022-07-31
673,Aisha,Brown,aisha.brown.673@mail.com,Poland,2024-01-15
674,Liam,Singh,liam.singh.674@inbox.com,Singapore,2023-03-29
675,Amelia,Martinez,amelia.martinez.675@inbox.com,Brazil,2023-08-08
676,Zara,Liu,zara.liu.676@inbox.com,Singapore,2022-06-26
677,Elijah,Mehta,elijah.mehta.677@company.org,Denmark,2022-10-07
678,Henry,Sharma,henry.sharma.678@webmail.net,Philippines,2025-01-05
679,Anaya,Jones,anaya.jones.679@example.com,South Korea,2025-06-26
680,Mason,Park,mason.park.680@mail.com,Netherlands,2024-09-10
681,Aisha,Iyer,aisha.iyer.681@mail.com,Japan,2025-01-16
682,Isabella,Wang,isabella.wang.682@example.com,Singapore,2023-11-29
683,Benjamin,Garcia,benjamin.garcia.683@webmail.net,Denmark,2024-04-10
684,Harper,Bose,harper.bose.684@webmail.net,Indonesia,2024-04-24
685,Aditya,Wang,aditya.wang.685@company.org,UAE,2024-07-11
686,Sai,Gupta,sai.gupta.686@inbox.com,Brazil,2022-09-16
687,Daniel,Patel,daniel.patel.687@webmail.net,Denmark,2025-03-15
688,Noah,Wang,noah.wang.688@example.com,Spain,2022-01-17
689,Reyansh,Menon,reyansh.menon.689@company.org,Brazil,2025-03-06
690,Evelyn,Davis,evelyn.davis.690@company.org,Denmark,2022-12-10
691,Ethan,Smith,ethan.smith.691@webmail.net,Singapore,2025-04-14
692,James,Lee,james.lee.692@mail.com,Sweden,2023-06-20
693,Vivaan,Garcia,vivaan.garcia.693@inbox.com,United Kingdom,2023-10-09
694,Sai,Gupta,sai.gupta.694@mail.com,Philippines,2023-06-26
695,Aisha,Brown,aisha.brown.695@mail.com,Italy,2024-03-20
696,Lucas,Smith,lucas.smith.696@example.com,Netherlands,2023-11-12
697,Ethan,Brown,ethan.brown.697@inbox.com,Canada,2022-03-11
698,Muhammad,Sharma,muhammad.sharma.698@example.com,Mexico,2024-11-17
699,Aanya,Bose,aanya.bose.699@mail.com,Philippines,2024-03-12
700,Diya,Davis,diya.davis.700@inbox.com,France,2024-05-19
701,Isabella,Jones,isabella.jones.701@webmail.net,Brazil,2024-09-05
702,Diya,Singh,diya.singh.702@webmail.net,South Africa,2023-09-07
703,Vivaan,Nguyen,vivaan.nguyen.703@mail.com,Poland,2023-11-30
704,James,Williams,james.williams.704@example.com,Singapore,2024-12-30
705,Anaya,Mehta,anaya.mehta.705@example.com,Japan,2024-06-15
706,Reyansh,Wang,reyansh.wang.706@mail.com,Norway,2023-07-23
707,Liam,Mehta,liam.mehta.707@example.com,Italy,2023-02-12
708,Amelia,Miller,amelia.miller.708@inbox.com,South Africa,2024-07-16
709,Ava,Lopez,ava.lopez.709@company.org,Singapore,2022-06-27
710,Olivia,Smith,olivia.smith.710@company.org,Italy,2022-09-26
711,Aisha,Bose,aisha.bose.711@company.org,Poland,2022-05-12
712,Ishaan,Brown,ishaan.brown.712@mail.com,United Kingdom,2023-04-20
713,Muhammad,Singh,muhammad.singh.713@mail.com,UAE,2024-03-04
714,Ava,Williams,ava.williams.714@mail.com,Poland,2024-06-11
715,Ava,Williams,ava.williams.715@webmail.net,France,2024-09-14
716,Charlotte,Lee,charlotte.lee.716@mail.com,South Africa,2024-05-12
717,Aanya,Garcia,aanya.garcia.717@mail.com,South Korea,2022-10-18
718,Liam,Liu,liam.liu.718@company.org,Italy,2022-03-25
719,Olivia,Sharma,olivia.sharma.719@mail.com,Netherlands,2022-10-31
720,Ava,Davis,ava.davis.720@webmail.net,Sweden,2023-09-28
721,Amelia,Williams,amelia.williams.721@webmail.net,Indonesia,2024-01-30
722,Aanya,Reddy,aanya.reddy.722@example.com,Denmark,2025-05-21
723,Pari,Das,pari.das.723@inbox.com,India,2022-12-16
724,Charlotte,Das,charlotte.das.724@webmail.net,France,2024-05-28
725,Amelia,Davis,amelia.davis.725@example.com,Sweden,2024-06-08
726,Muhammad,Menon,muhammad.menon.726@inbox.com,Norway,2024-04-22
727,Aditya,Chen,aditya.chen.727@webmail.net,Philippines,2024-04-28
728,Anaya,Williams,anaya.williams.728@mail.com,United Kingdom,2023-04-08
729,Aditya,Jones,aditya.jones.729@inbox.com,Japan,2025-09-01
730,Sai,Jones,sai.jones.730@mail.com,United Kingdom,2022-11-23
731,James,Lee,james.lee.731@company.org,UAE,2024-09-09
732,Isabella,Singh,isabella.singh.732@mail.com,Poland,2025-05-04
733,Anaya,Liu,anaya.liu.733@example.com,Australia,2024-06-04
734,Olivia,Davis,olivia.davis.734@company.org,Japan,2024-04-16
735,Aanya,Brown,aanya.brown.735@inbox.com,Indonesia,2023-03-26
736,Elijah,Menon,elijah.menon.736@example.com,Sweden,2022-07-30
737,Mason,Bose,mason.bose.737@inbox.com,India,2025-09-08
738,Ishaan,Lee,ishaan.lee.738@mail.com,Germany,2022-08-16
739,Liam,Liu,liam.liu.739@webmail.net,Brazil,2024-01-31
740,Shaurya,Martinez,shaurya.martinez.740@inbox.com,South Africa,2024-09-02
741,Mason,Johnson,mason.johnson.741@example.com,Italy,2024-09-11
742,Sai,Johnson,sai.johnson.742@inbox.com,Sweden,2024-12-15
743,Emma,Jones,emma.jones.743@inbox.com,Netherlands,2024-06-23
744,Aarav,Zhang,aarav.zhang.744@example.com,Philippines,2025-02-09
745,Mia,Kim,mia.kim.745@inbox.com,Vietnam,2025-08-13
746,Arjun,Wang,arjun.wang.746@webmail.net,Norway,2022-12-05
747,Isabella,Liu,isabella.liu.747@webmail.net,Australia,2023-02-22
748,Liam,Liu,liam.liu.748@inbox.com,South Korea,2024-04-30
749,Elijah,Khan,elijah.khan.749@webmail.net,Denmark,2025-05-09
750,Noah,Kumar,noah.kumar.750@example.com,Vietnam,2022-03-13
751,Reyansh,Kim,reyansh.kim.751@example.com,Italy,2022-07-12
752,Aanya,Jones,aanya.jones.752@example.com,Italy,2023-10-27
753,Kiara,Lee,kiara.lee.753@inbox.com,Germany,2022-09-04
754,Zara,Reddy,zara.reddy.754@inbox.com,South Africa,2023-01-24
755,Sai,Smith,sai.smith.755@mail.com,Vietnam,2022-03-22
756,Sophia,Kim,sophia.kim.756@mail.com,South Korea,2023-10-29
757,Sai,Lee,sai.lee.757@example.com,United Kingdom,2022-11-28
758,Lucas,Reddy,lucas.reddy.758@company.org,Germany,2022-12-18
759,Evelyn,Park,evelyn.park.759@example.com,Italy,2022-01-13
760,Noah,Liu,noah.liu.760@webmail.net,United Kingdom,2024-12-14
761,Ishaan,Garcia,ishaan.garcia.761@mail.com,Canada,2023-08-19
762,Sai,Nguyen,sai.nguyen.762@example.com,United Kingdom,2023-05-02
763,Emma,Kumar,emma.kumar.763@mail.com,South Korea,2023-08-18
764,Ishaan,Kim,ishaan.kim.764@mail.com,Vietnam,2022-04-17
765,Evelyn,Martinez,evelyn.martinez.765@company.org,USA,2024-10-06
766,Aanya,Jones,aanya.jones.766@mail.com,UAE,2024-09-02
767,Shaurya,Bose,shaurya.bose.767@company.org,Spain,2024-12-02
768,Ethan,Zhang,ethan.zhang.768@example.com,Australia,2022-06-06
769,Ishaan,Chen,ishaan.chen.769@company.org,United Kingdom,2025-02-08
770,Ava,Smith,ava.smith.770@inbox.com,Spain,2025-05-13
771,Ishaan,Iyer,ishaan.iyer.771@example.com,Japan,2023-01-21
772,Henry,Lopez,henry.lopez.772@company.org,Poland,2023-03-19
773,Vivaan,Zhang,vivaan.zhang.773@inbox.com,Vietnam,2022-11-16
774,Evelyn,Lopez,evelyn.lopez.774@mail.com,Sweden,2025-03-07
775,Sophia,Das,sophia.das.775@example.com,South Africa,2025-05-02
776,Anika,Garcia,anika.garcia.776@example.com,Singapore,2023-01-10
777,Amelia,Kim,amelia.kim.777@example.com,Poland,2024-03-31
778,Aarav,Smith,aarav.smith.778@mail.com,Mexico,2023-08-24
779,Elijah,Williams,elijah.williams.779@company.org,UAE,2024-11-26
780,Diya,Chen,diya.chen.780@example.com,Netherlands,2022-01-26
781,James,Reddy,james.reddy.781@inbox.com,USA,2022-12-02
782,Aditya,Bose,aditya.bose.782@webmail.net,India,2024-02-26
783,Mira,Kim,mira.kim.783@company.org,Indonesia,2025-04-06
784,Mason,Williams,mason.williams.784@webmail.net,Indonesia,2022-05-09
785,Charlotte,Davis,charlotte.davis.785@mail.com,Poland,2023-03-08
786,Sai,Das,sai.das.786@company.org,Canada,2022-11-12
787,Shaurya,Davis,shaurya.davis.787@webmail.net,Mexico,2024-06-29
788,Arjun,Das,arjun.das.788@webmail.net,Indonesia,2025-02-07
789,Anika,Patel,anika.patel.789@example.com,Brazil,2023-11-06
790,Muhammad,Jones,muhammad.jones.790@company.org,Poland,2022-03-27
791,Aisha,Park,aisha.park.791@mail.com,Philippines,2022-07-05
792,Aarav,Lee,aarav.lee.792@example.com,Germany,2022-09-12
793,Amelia,Smith,amelia.smith.793@company.org,Sweden,2025-05-01
794,Sara,Singh,sara.singh.794@mail.com,UAE,2025-03-10
795,Zara,Nguyen,zara.nguyen.795@example.com,United Kingdom,2023-06-05
796,Isabella,Menon,isabella.menon.796@example.com,Sweden,2023-02-13
797,Elijah,Kim,elijah.kim.797@webmail.net,Canada,2023-12-09
798,Harper,Smith,harper.smith.798@webmail.net,India,2025-08-27
799,Elijah,Singh,elijah.singh.799@mail.com,UAE,2023-02-01
800,Reyansh,Kumar,reyansh.kumar.800@example.com,Denmark,2022-12-21
801,Harper,Sharma,harper.sharma.801@example.com,India,2023-01-15
802,Aditya,Garcia,aditya.garcia.802@webmail.net,UAE,2022-08-22
803,Diya,Bose,diya.bose.803@company.org,India,2025-06-01
804,Mason,Iyer,mason.iyer.804@mail.com,Mexico,2023-10-09
805,Liam,Menon,liam.menon.805@company.org,Canada,2023-08-03
806,Muhammad,Miller,muhammad.miller.806@example.com,Vietnam,2022-10-06
807,Pari,Wang,pari.wang.807@example.com,Sweden,2023-09-15
808,Arjun,Kumar,arjun.kumar.808@inbox.com,Italy,2025-04-16
809,Aisha,Brown,aisha.brown.809@company.org,Canada,2023-12-11
810,Aarav,Smith,aarav.smith.810@inbox.com,Australia,2024-05-25
811,Aisha,Nguyen,aisha.nguyen.811@mail.com,Poland,2023-12-22
812,Emma,Martinez,emma.martinez.812@mail.com,Netherlands,2025-02-11
813,Charlotte,Chen,charlotte.chen.813@mail.com,Brazil,2022-01-10
814,Mason,Sharma,mason.sharma.814@company.org,Brazil,2023-06-23
815,Aarav,Brown,aarav.brown.815@webmail.net,USA,2025-08-11
816,Aisha,Gupta,aisha.gupta.816@company.org,Australia,2023-01-05
817,Mason,Garcia,mason.garcia.817@mail.com,India,2025-01-10
818,Zara,Reddy,zara.reddy.818@mail.com,India,2025-08-06
819,Evelyn,Williams,evelyn.williams.819@inbox.com,Indonesia,2023-12-14
820,Sai,Martinez,sai.martinez.820@company.org,United Kingdom,2022-07-27
821,Sophia,Reddy,sophia.reddy.821@company.org,Denmark,2022-04-07
822,Isabella,Park,isabella.park.822@mail.com,Germany,2023-03-30
823,Sara,Zhang,sara.zhang.823@webmail.net,Mexico,2024-12-24
824,Liam,Brown,liam.brown.824@inbox.com,Italy,2022-12-29
825,Arjun,Mehta,arjun.mehta.825@company.org,Germany,2022-06-19
826,Shaurya,Gupta,shaurya.gupta.826@webmail.net,France,2023-12-25
827,Liam,Williams,liam.williams.827@company.org,United Kingdom,2023-07-11
828,Anaya,Jones,anaya.jones.828@webmail.net,South Korea,2023-02-16
829,Muhammad,Reddy,muhammad.reddy.829@inbox.com,France,2025-07-07
830,Benjamin,Patel,benjamin.patel.830@inbox.com,Australia,2022-08-19
831,Sai,Lee,sai.lee.831@inbox.com,Brazil,2023-09-08
832,Harper,Patel,harper.patel.832@inbox.com,Vietnam,2023-02-09
833,Diya,Sharma,diya.sharma.833@webmail.net,Singapore,2024-05-13
834,Henry,Iyer,henry.iyer.834@webmail.net,United Kingdom,2022-06-08
835,Ishaan,Gupta,ishaan.gupta.835@example.com,USA,2025-07-13
836,Pari,Khan,pari.khan.836@webmail.net,Australia,2023-08-02
837,Sai,Martinez,sai.martinez.837@inbox.com,Denmark,2025-06-16
838,Arjun,Sharma,arjun.sharma.838@mail.com,Canada,2024-09-30
839,Ethan,Wang,ethan.wang.839@example.com,Germany,2025-08-09
840,Noah,Gupta,noah.gupta.840@webmail.net,India,2022-03-20
841,Aanya,Bose,aanya.bose.841@webmail.net,Denmark,2025-06-30
842,Sophia,Garcia,sophia.garcia.842@webmail.net,USA,2024-11-27
843,Isabella,Singh,isabella.singh.843@mail.com,UAE,2022-10-18
844,Zara,Menon,zara.menon.844@mail.com,Italy,2022-02-23
845,Daniel,Lopez,daniel.lopez.845@mail.com,Poland,2024-10-02
846,Mira,Garcia,mira.garcia.846@company.org,Spain,2024-01-15
847,Vihaan,Reddy,vihaan.reddy.847@webmail.net,Japan,2022-08-02
848,Mason,Mehta,mason.mehta.848@company.org,South Africa,2023-01-23
849,Charlotte,Wang,charlotte.wang.849@webmail.net,USA,2025-04-29
850,Olivia,Garcia,olivia.garcia.850@webmail.net,Norway,2023-06-19
851,Elijah,Miller,elijah.miller.851@webmail.net,Mexico,2023-02-25
852,Diya,Sharma,diya.sharma.852@company.org,Mexico,2022-12-07
853,Vivaan,Kumar,vivaan.kumar.853@example.com,Japan,2025-06-10
854,Lucas,Miller,lucas.miller.854@company.org,UAE,2022-12-28
855,Aanya,Gupta,aanya.gupta.855@mail.com,Brazil,2023-02-19
856,Charlotte,Liu,charlotte.liu.856@example.com,Philippines,2025-04-01
857,Pari,Martinez,pari.martinez.857@inbox.com,Singapore,2025-07-27
858,Diya,Singh,diya.singh.858@company.org,Brazil,2023-05-10
859,Olivia,Bose,olivia.bose.859@example.com,Denmark,2024-12-28
860,Olivia,Martinez,olivia.martinez.860@mail.com,Denmark,2024-05-24
861,Kiara,Liu,kiara.liu.861@company.org,Netherlands,2023-04-26
862,Diya,Garcia,diya.garcia.862@example.com,India,2022-03-29
863,Pari,Lopez,pari.lopez.863@example.com,Brazil,2024-03-28
864,Lucas,Sharma,lucas.sharma.864@company.org,Mexico,2022-11-09
865,Ishaan,Brown,ishaan.brown.865@mail.com,Indonesia,2025-05-31
866,Liam,Patel,liam.patel.866@mail.com,USA,2024-06-30
867,Shaurya,Chen,shaurya.chen.867@company.org,United Kingdom,2025-08-30
868,Emma,Reddy,emma.reddy.868@webmail.net,UAE,2024-06-29
869,Reyansh,Brown,reyansh.brown.869@inbox.com,South Korea,2022-07-31
870,Aanya,Nguyen,aanya.nguyen.870@webmail.net,Spain,2024-10-05
871,Liam,Singh,liam.singh.871@company.org,Indonesia,2024-12-13
872,Daniel,Wang,daniel.wang.872@mail.com,UAE,2024-10-30
873,James,Liu,james.liu.873@webmail.net,France,2023-04-22
874,Mira,Khan,mira.khan.874@example.com,France,2024-12-26
875,Elijah,Johnson,elijah.johnson.875@example.com,Denmark,2022-10-10
876,Benjamin,Brown,benjamin.brown.876@mail.com,Poland,2024-09-20
877,Elijah,Gupta,elijah.gupta.877@mail.com,Netherlands,2023-05-30
878,Arjun,Iyer,arjun.iyer.878@inbox.com,UAE,2022-09-18
879,Sai,Liu,sai.liu.879@inbox.com,Indonesia,2023-11-25
880,Aarav,Menon,aarav.menon.880@mail.com,Australia,2024-12-12
881,Arjun,Smith,arjun.smith.881@example.com,Japan,2025-01-24
882,Aarav,Patel,aarav.patel.882@webmail.net,Singapore,2025-02-12
883,Mason,Singh,mason.singh.883@webmail.net,Spain,2023-08-12
884,Olivia,Davis,olivia.davis.884@example.com,Singapore,2025-07-11
885,Lucas,Wang,lucas.wang.885@mail.com,Denmark,2022-09-10
886,Ethan,Reddy,ethan.reddy.886@inbox.com,India,2022-02-01
887,Liam,Menon,liam.menon.887@example.com,United Kingdom,2023-06-15
888,Aanya,Kumar,aanya.kumar.888@mail.com,Singapore,2025-02-11
889,Arjun,Davis,arjun.davis.889@inbox.com,Canada,2024-07-11
890,Daniel,Kumar,daniel.kumar.890@example.com,Netherlands,2023-11-02
891,Aanya,Lopez,aanya.lopez.891@mail.com,Spain,2022-03-25
892,Reyansh,Brown,reyansh.brown.892@mail.com,Australia,2023-09-28
893,Henry,Nguyen,henry.nguyen.893@company.org,Philippines,2023-02-17
894,Mira,Das,mira.das.894@example.com,Brazil,2022-03-19
895,Sophia,Martinez,sophia.martinez.895@webmail.net,Norway,2022-08-27
896,Vihaan,Smith,vihaan.smith.896@webmail.net,USA,2022-05-17
897,Mira,Liu,mira.liu.897@company.org,Vietnam,2024-01-17
898,Kiara,Gupta,kiara.gupta.898@mail.com,USA,2022-09-23
899,Mira,Reddy,mira.reddy.899@example.com,Netherlands,2023-04-25
900,Sophia,Garcia,sophia.garcia.900@inbox.com,Netherlands,2022-05-22
901,Charlotte,Johnson,charlotte.johnson.901@inbox.com,France,2023-08-16
902,Emma,Singh,emma.singh.902@example.com,Italy,2023-02-14
903,Ethan,Jones,ethan.jones.903@mail.com,Japan,2025-07-24
904,Zara,Martinez,zara.martinez.904@mail.com,India,2025-03-14
905,Reyansh,Reddy,reyansh.reddy.905@inbox.com,Vietnam,2025-06-09
906,Charlotte,Williams,charlotte.williams.906@mail.com,Denmark,2024-05-09
907,Vihaan,Liu,vihaan.liu.907@company.org,Singapore,2023-10-13
908,Charlotte,Park,charlotte.park.908@company.org,Netherlands,2023-01-02
909,Lucas,Das,lucas.das.909@webmail.net,Canada,2025-08-19
910,Aditya,Miller,aditya.miller.910@company.org,Denmark,2025-05-28
911,Elijah,Park,elijah.park.911@mail.com,Poland,2022-07-06
912,Ethan,Singh,ethan.singh.912@mail.com,France,2025-06-09
913,Kiara,Khan,kiara.khan.913@webmail.net,India,2022-05-02
914,Isabella,Mehta,isabella.mehta.914@mail.com,South Africa,2025-07-19
915,Benjamin,Menon,benjamin.menon.915@example.com,Mexico,2022-05-16
916,Ava,Davis,ava.davis.916@company.org,Singapore,2023-05-22
917,Zara,Miller,zara.miller.917@example.com,Italy,2025-05-06
918,Daniel,Martinez,daniel.martinez.918@webmail.net,Sweden,2022-06-24
919,Mason,Khan,mason.khan.919@company.org,Germany,2024-07-02
920,James,Chen,james.chen.920@example.com,United Kingdom,2024-05-24
921,Reyansh,Wang,reyansh.wang.921@company.org,South Korea,2025-09-29
922,Olivia,Kumar,olivia.kumar.922@inbox.com,Spain,2023-08-19
923,Amelia,Martinez,amelia.martinez.923@webmail.net,Poland,2022-02-28
924,Diya,Menon,diya.menon.924@mail.com,Singapore,2024-08-18
925,Benjamin,Park,benjamin.park.925@webmail.net,Indonesia,2022-03-02
926,Sophia,Kumar,sophia.kumar.926@mail.com,Mexico,2022-03-18
927,Lucas,Bose,lucas.bose.927@inbox.com,Japan,2022-02-01
928,Noah,Liu,noah.liu.928@inbox.com,South Korea,2023-03-12
929,Amelia,Zhang,amelia.zhang.929@example.com,Indonesia,2025-09-11
930,Pari,Khan,pari.khan.930@webmail.net,South Korea,2025-04-17
931,Liam,Menon,liam.menon.931@webmail.net,Philippines,2024-07-28
932,Sai,Mehta,sai.mehta.932@mail.com,Italy,2025-07-03
933,Mason,Nguyen,mason.nguyen.933@company.org,Netherlands,2025-09-09
934,Emma,Liu,emma.liu.934@company.org,India,2025-05-14
935,Aanya,Reddy,aanya.reddy.935@company.org,South Korea,2023-09-19
936,Ishaan,Chen,ishaan.chen.936@company.org,Sweden,2022-02-14
937,Diya,Mehta,diya.mehta.937@example.com,Australia,2023-01-23
938,Aditya,Jones,aditya.jones.938@inbox.com,India,2024-12-30
939,Kiara,Menon,kiara.menon.939@webmail.net,UAE,2024-02-24
940,Sophia,Kim,sophia.kim.940@example.com,United Kingdom,2023-01-11
941,Emma,Garcia,emma.garcia.941@webmail.net,Poland,2022-10-03
942,Lucas,Martinez,lucas.martinez.942@inbox.com,Norway,2023-06-19
943,Aanya,Liu,aanya.liu.943@example.com,Japan,2023-03-19
944,Vivaan,Johnson,vivaan.johnson.944@mail.com,India,2025-08-19
945,Elijah,Chen,elijah.chen.945@mail.com,Australia,2024-10-02
946,Pari,Park,pari.park.946@inbox.com,Australia,2024-10-09
947,Mason,Miller,mason.miller.947@example.com,USA,2024-01-07
948,Ishaan,Kim,ishaan.kim.948@company.org,France,2025-05-29
949,Aarav,Iyer,aarav.iyer.949@company.org,Japan,2025-06-04
950,Aisha,Lee,aisha.lee.950@inbox.com,Indonesia,2023-10-21
951,Ava,Zhang,ava.zhang.951@webmail.net,UAE,2023-01-27
952,Anaya,Jones,anaya.jones.952@company.org,South Korea,2025-07-04
953,Daniel,Johnson,daniel.johnson.953@example.com,Denmark,2022-01-12
954,Harper,Park,harper.park.954@company.org,UAE,2024-10-02
955,Benjamin,Lopez,benjamin.lopez.955@inbox.com,South Korea,2024-11-29
956,Reyansh,Garcia,reyansh.garcia.956@inbox.com,Canada,2023-03-06
957,Liam,Zhang,liam.zhang.957@inbox.com,Japan,2024-10-16
958,Aisha,Mehta,aisha.mehta.958@company.org,Germany,2025-04-04
959,Anika,Kumar,anika.kumar.959@company.org,India,2023-09-20
960,Liam,Park,liam.park.960@example.com,Germany,2024-10-15
961,Amelia,Das,amelia.das.961@webmail.net,Japan,2023-09-21
962,Ava,Nguyen,ava.nguyen.962@company.org,India,2025-01-04
963,Elijah,Liu,elijah.liu.963@inbox.com,Australia,2025-02-02
964,Pari,Park,pari.park.964@webmail.net,Norway,2024-11-09
965,Olivia,Miller,olivia.miller.965@mail.com,South Korea,2025-07-29
966,Henry,Singh,henry.singh.966@example.com,South Korea,2024-01-02
967,Ishaan,Nguyen,ishaan.nguyen.967@company.org,Japan,2025-03-31
968,Diya,Park,diya.park.968@example.com,Mexico,2022-12-12
969,Olivia,Iyer,olivia.iyer.969@inbox.com,Philippines,2023-10-16
970,Noah,Smith,noah.smith.970@company.org,Japan,2023-04-02
971,Mia,Zhang,mia.zhang.971@webmail.net,United Kingdom,2022-03-25
972,James,Martinez,james.martinez.972@example.com,Poland,2024-01-04
973,Kiara,Miller,kiara.miller.973@webmail.net,United Kingdom,2024-04-03
974,Aisha,Williams,aisha.williams.974@mail.com,India,2022-08-02
975,Kiara,Brown,kiara.brown.975@company.org,Spain,2023-12-12
976,Shaurya,Brown,shaurya.brown.976@mail.com,Indonesia,2025-04-25
977,Sai,Garcia,sai.garcia.977@mail.com,Mexico,2023-05-02
978,Vihaan,Sharma,vihaan.sharma.978@inbox.com,Italy,2022-11-22
979,Aanya,Martinez,aanya.martinez.979@webmail.net,France,2025-05-04
980,Sai,Khan,sai.khan.980@webmail.net,Poland,2024-09-11
981,Isabella,Johnson,isabella.johnson.981@webmail.net,Spain,2023-08-19
982,Aarav,Patel,aarav.patel.982@mail.com,Norway,2025-02-09
983,Emma,Sharma,emma.sharma.983@company.org,Mexico,2022-10-24
984,Vivaan,Park,vivaan.park.984@mail.com,USA,2022-12-18
985,Olivia,Das,olivia.das.985@example.com,Germany,2023-08-19
986,Harper,Martinez,harper.martinez.986@mail.com,South Korea,2022-04-12
987,Aditya,Das,aditya.das.987@webmail.net,South Korea,2025-02-04
988,Evelyn,Lopez,evelyn.lopez.988@inbox.com,Sweden,2023-11-05
989,Ishaan,Brown,ishaan.brown.989@inbox.com,Netherlands,2025-03-11
990,Kiara,Singh,kiara.singh.990@example.com,Singapore,2022-12-21
991,Pari,Nguyen,pari.nguyen.991@mail.com,Germany,2025-02-14
992,Vivaan,Martinez,vivaan.martinez.992@mail.com,Sweden,2022-07-11
993,Emma,Lee,emma.lee.993@example.com,South Africa,2023-08-06
994,Sara,Chen,sara.chen.994@company.org,Norway,2022-03-17
995,Benjamin,Patel,benjamin.patel.995@example.com,Vietnam,2024-10-12
996,Vivaan,Patel,vivaan.patel.996@example.com,Indonesia,2023-10-10
997,Ethan,Johnson,ethan.johnson.997@company.org,United Kingdom,2023-01-28
998,Lucas,Lee,lucas.lee.998@mail.com,Germany,2024-12-15
999,Aarav,Das,aarav.das.999@example.com,Spain,2024-10-26
1000,Evelyn,Menon,evelyn.menon.1000@company.org,Poland,2024-12-24
1001,Ishaan,Williams,ishaan.williams.1001@company.org,United Kingdom,2025-01-21
1002,Daniel,Gupta,daniel.gupta.1002@example.com,South Korea,2025-05-04
1003,Reyansh,Garcia,reyansh.garcia.1003@company.org,Australia,2022-11-07
1004,Sara,Liu,sara.liu.1004@mail.com,Sweden,2023-07-11
1005,Mason,Das,mason.das.1005@example.com,France,2024-05-01
1006,Amelia,Bose,amelia.bose.1006@webmail.net,Australia,2023-05-29
1007,Anika,Sharma,anika.sharma.1007@example.com,USA,2022-06-21
1008,Elijah,Park,elijah.park.1008@mail.com,Netherlands,2022-05-20
1009,Harper,Reddy,harper.reddy.1009@example.com,Philippines,2023-02-02
1010,Pari,Jones,pari.jones.1010@inbox.com,South Korea,2023-12-23
1011,Vihaan,Gupta,vihaan.gupta.1011@example.com,France,2025-08-16
1012,Mira,Smith,mira.smith.1012@inbox.com,Vietnam,2023-10-24
1013,Muhammad,Gupta,muhammad.gupta.1013@example.com,India,2025-08-16
1014,Ishaan,Park,ishaan.park.1014@mail.com,South Africa,2023-05-26
1015,Olivia,Kumar,olivia.kumar.1015@company.org,Italy,2023-02-21
1016,Sai,Smith,sai.smith.1016@mail.com,Mexico,2022-06-26
1017,Sophia,Johnson,sophia.johnson.1017@inbox.com,Italy,2025-07-22
1018,Ava,Lee,ava.lee.1018@webmail.net,Netherlands,2024-10-04
1019,Aanya,Gupta,aanya.gupta.1019@example.com,Germany,2025-08-04
1020,Aanya,Gupta,aanya.gupta.1020@company.org,Spain,2024-01-20
1021,Elijah,Park,elijah.park.1021@mail.com,Italy,2024-08-07
1022,Ava,Chen,ava.chen.1022@company.org,UAE,2022-02-14
1023,Ishaan,Garcia,ishaan.garcia.1023@example.com,Netherlands,2023-10-01
1024,Ethan,Patel,ethan.patel.1024@inbox.com,Canada,2024-10-14
1025,Liam,Sharma,liam.sharma.1025@company.org,Indonesia,2025-04-07
1026,Elijah,Nguyen,elijah.nguyen.1026@mail.com,Denmark,2024-11-06
1027,Noah,Miller,noah.miller.1027@company.org,Sweden,2022-05-28
1028,Isabella,Park,isabella.park.1028@mail.com,Philippines,2024-01-19
1029,Olivia,Park,olivia.park.1029@webmail.net,Vietnam,2022-08-19
1030,Henry,Kumar,henry.kumar.1030@example.com,Poland,2022-01-19
1031,Aanya,Miller,aanya.miller.1031@webmail.net,Netherlands,2025-09-12
1032,Aanya,Reddy,aanya.reddy.1032@inbox.com,Netherlands,2023-01-10
1033,Noah,Menon,noah.menon.1033@company.org,India,2022-12-12
1034,Henry,Kim,henry.kim.1034@webmail.net,Singapore,2025-06-23
1035,Anika,Reddy,anika.reddy.1035@webmail.net,Italy,2025-05-29
1036,Elijah,Jones,elijah.jones.1036@webmail.net,Canada,2023-11-26
1037,Liam,Gupta,liam.gupta.1037@example.com,Netherlands,2022-06-09
1038,Sophia,Williams,sophia.williams.1038@company.org,India,2024-05-02
1039,Aarav,Liu,aarav.liu.1039@company.org,Canada,2024-08-19
1040,Aisha,Kumar,aisha.kumar.1040@company.org,Sweden,2022-11-18
1041,Mia,Brown,mia.brown.1041@example.com,UAE,2025-06-22
1042,Pari,Zhang,pari.zhang.1042@inbox.com,Italy,2024-05-20
1043,Daniel,Lopez,daniel.lopez.1043@inbox.com,Netherlands,2025-01-17
1044,Ethan,Gupta,ethan.gupta.1044@mail.com,United Kingdom,2022-01-04
1045,Noah,Smith,noah.smith.1045@inbox.com,South Africa,2024-04-30
1046,Evelyn,Smith,evelyn.smith.1046@example.com,Indonesia,2022-03-13
1047,Aanya,Garcia,aanya.garcia.1047@webmail.net,Germany,2022-06-16
1048,Sara,Lopez,sara.lopez.1048@mail.com,Australia,2022-07-07
1049,Sophia,Mehta,sophia.mehta.1049@mail.com,Italy,2025-01-18
1050,Noah,Gupta,noah.gupta.1050@example.com,Spain,2024-09-10
1051,James,Gupta,james.gupta.1051@webmail.net,Italy,2024-10-19
1052,James,Miller,james.miller.1052@webmail.net,Germany,2022-01-07
1053,Evelyn,Nguyen,evelyn.nguyen.1053@company.org,India,2023-11-04
1054,James,Garcia,james.garcia.1054@mail.com,Sweden,2024-12-10
1055,James,Singh,james.singh.1055@mail.com,Philippines,2022-06-10
1056,Ava,Park,ava.park.1056@company.org,Poland,2023-05-15
1057,Harper,Kumar,harper.kumar.1057@webmail.net,Singapore,2024-08-04
1058,Anika,Menon,anika.menon.1058@inbox.com,Singapore,2023-04-02
1059,Ethan,Wang,ethan.wang.1059@mail.com,Germany,2023-10-04
1060,Benjamin,Lee,benjamin.lee.1060@company.org,Philippines,2023-04-10
1061,Henry,Zhang,henry.zhang.1061@company.org,Mexico,2024-09-09
1062,Anaya,Mehta,anaya.mehta.1062@company.org,Australia,2025-01-14
1063,Mira,Park,mira.park.1063@mail.com,UAE,2025-01-08
1064,Diya,Miller,diya.miller.1064@inbox.com,Norway,2025-01-08
1065,Muhammad,Chen,muhammad.chen.1065@company.org,UAE,2024-01-17
1066,James,Martinez,james.martinez.1066@webmail.net,Vietnam,2024-11-13
1067,Charlotte,Das,charlotte.das.1067@example.com,Spain,2024-03-23
1068,Reyansh,Sharma,reyansh.sharma.1068@mail.com,Singapore,2022-03-24
1069,Vihaan,Mehta,vihaan.mehta.1069@mail.com,Japan,2023-03-22
1070,Sara,Khan,sara.khan.1070@inbox.com,India,2022-11-13
1071,Charlotte,Patel,charlotte.patel.1071@webmail.net,UAE,2022-06-09
1072,Daniel,Zhang,daniel.zhang.1072@company.org,Vietnam,2025-09-05
1073,Pari,Nguyen,pari.nguyen.1073@company.org,South Africa,2023-08-28
1074,Anika,Miller,anika.miller.1074@inbox.com,Indonesia,2024-12-12
1075,Vihaan,Bose,vihaan.bose.1075@webmail.net,Singapore,2023-10-10
1076,Liam,Davis,liam.davis.1076@example.com,India,2025-03-01
1077,Sara,Mehta,sara.mehta.1077@webmail.net,Poland,2025-07-13
1078,Pari,Bose,pari.bose.1078@inbox.com,South Africa,2025-03-19
1079,James,Davis,james.davis.1079@company.org,Philippines,2022-11-02
1080,Kiara,Das,kiara.das.1080@mail.com,Italy,2024-11-26
1081,Arjun,Singh,arjun.singh.1081@company.org,France,2022-07-05
1082,Ava,Patel,ava.patel.1082@inbox.com,Spain,2024-05-14
1083,Sara,Khan,sara.khan.1083@company.org,France,2025-08-07
1084,Sara,Sharma,sara.sharma.1084@webmail.net,Mexico,2025-01-07
1085,Shaurya,Patel,shaurya.patel.1085@inbox.com,Germany,2024-07-16
1086,Vihaan,Chen,vihaan.chen.1086@company.org,South Africa,2025-08-02
1087,Aisha,Garcia,aisha.garcia.1087@company.org,Denmark,2023-07-11
1088,Arjun,Wang,arjun.wang.1088@inbox.com,Indonesia,2024-03-27
1089,Pari,Singh,pari.singh.1089@example.com,Sweden,2025-05-06
1090,Harper,Singh,harper.singh.1090@company.org,Spain,2024-04-14
1091,Sophia,Reddy,sophia.reddy.1091@mail.com,UAE,2022-11-28
1092,Noah,Brown,noah.brown.1092@inbox.com,UAE,2022-12-06
1093,Daniel,Miller,daniel.miller.1093@company.org,Netherlands,2025-07-03
1094,Aarav,Gupta,aarav.gupta.1094@inbox.com,Vietnam,2023-11-24
1095,Anika,Kumar,anika.kumar.1095@company.org,South Africa,2024-08-22
1096,Anika,Patel,anika.patel.1096@inbox.com,Vietnam,2023-08-16
1097,Muhammad,Johnson,muhammad.johnson.1097@company.org,Japan,2025-01-29
1098,Mira,Sharma,mira.sharma.1098@inbox.com,Sweden,2024-03-09
1099,Harper,Jones,harper.jones.1099@example.com,Netherlands,2023-04-06
1100,Kiara,Brown,kiara.brown.1100@example.com,Sweden,2022-05-30
1101,Aanya,Chen,aanya.chen.1101@company.org,Norway,2022-01-12
1102,Arjun,Mehta,arjun.mehta.1102@mail.com,Vietnam,2025-09-05
1103,Isabella,Liu,isabella.liu.1103@mail.com,United Kingdom,2024-04-15
1104,Isabella,Kim,isabella.kim.1104@mail.com,Canada,2022-02-06
1105,Mia,Lee,mia.lee.1105@example.com,Mexico,2022-05-16
1106,Arjun,Patel,arjun.patel.1106@inbox.com,France,2024-05-16
1107,Arjun,Martinez,arjun.martinez.1107@inbox.com,Brazil,2023-09-26
1108,Ava,Jones,ava.jones.1108@webmail.net,South Africa,2023-11-04
1109,Liam,Sharma,liam.sharma.1109@example.com,Singapore,2024-04-10
1110,Aarav,Kim,aarav.kim.1110@company.org,Philippines,2022-04-09
1111,James,Patel,james.patel.1111@example.com,Indonesia,2023-07-10
1112,Harper,Gupta,harper.gupta.1112@inbox.com,South Korea,2024-07-31
1113,Sai,Das,sai.das.1113@webmail.net,Italy,2023-09-06
1114,Vivaan,Garcia,vivaan.garcia.1114@company.org,France,2022-12-08
1115,Ishaan,Nguyen,ishaan.nguyen.1115@company.org,Singapore,2023-04-04
1116,Shaurya,Das,shaurya.das.1116@inbox.com,Vietnam,2022-01-18
1117,Henry,Zhang,henry.zhang.1117@mail.com,Norway,2022-07-11
1118,Aditya,Sharma,aditya.sharma.1118@company.org,Denmark,2023-09-05
1119,Charlotte,Davis,charlotte.davis.1119@inbox.com,Canada,2022-11-23
1120,Olivia,Mehta,olivia.mehta.1120@company.org,Spain,2022-08-10
1121,Aanya,Singh,aanya.singh.1121@company.org,Brazil,2025-07-20
1122,Sara,Mehta,sara.mehta.1122@mail.com,United Kingdom,2024-11-08
1123,Elijah,Zhang,elijah.zhang.1123@company.org,India,2023-12-18
1124,Henry,Reddy,henry.reddy.1124@example.com,South Korea,2023-01-25
1125,Reyansh,Mehta,reyansh.mehta.1125@company.org,Philippines,2024-01-27
1126,Noah,Smith,noah.smith.1126@mail.com,Germany,2022-06-05
1127,Mira,Lopez,mira.lopez.1127@mail.com,Canada,2023-05-09
1128,Amelia,Jones,amelia.jones.1128@company.org,Mexico,2024-10-21
1129,Aisha,Lee,aisha.lee.1129@mail.com,Denmark,2024-05-28
1130,Elijah,Smith,elijah.smith.1130@webmail.net,Mexico,2022-09-19
1131,Aarav,Brown,aarav.brown.1131@mail.com,Brazil,2025-01-11
1132,Isabella,Menon,isabella.menon.1132@mail.com,UAE,2024-11-21
1133,Noah,Kumar,noah.kumar.1133@webmail.net,Netherlands,2023-11-23
1134,Olivia,Chen,olivia.chen.1134@webmail.net,South Korea,2024-05-06
1135,Reyansh,Singh,reyansh.singh.1135@company.org,South Africa,2022-05-08
1136,Zara,Zhang,zara.zhang.1136@company.org,Germany,2022-11-02
1137,Sara,Nguyen,sara.nguyen.1137@example.com,South Africa,2025-02-04
1138,Arjun,Kumar,arjun.kumar.1138@company.org,USA,2024-09-08
1139,Vivaan,Liu,vivaan.liu.1139@company.org,Denmark,2023-09-22
1140,James,Mehta,james.mehta.1140@company.org,India,2023-02-09
1141,Charlotte,Kumar,charlotte.kumar.1141@webmail.net,Norway,2024-10-12
1142,Shaurya,Smith,shaurya.smith.1142@mail.com,Singapore,2025-04-14
1143,James,Nguyen,james.nguyen.1143@mail.com,South Korea,2023-12-23
1144,Harper,Miller,harper.miller.1144@webmail.net,Canada,2023-07-20
1145,Harper,Sharma,harper.sharma.1145@mail.com,Vietnam,2025-08-10
1146,Daniel,Park,daniel.park.1146@company.org,France,2022-08-07
1147,Ethan,Singh,ethan.singh.1147@company.org,France,2024-05-28
1148,Shaurya,Nguyen,shaurya.nguyen.1148@webmail.net,Philippines,2023-07-12
1149,Aditya,Iyer,aditya.iyer.1149@mail.com,Netherlands,2022-04-08
1150,Sara,Smith,sara.smith.1150@example.com,Brazil,2024-11-04
1151,Anaya,Miller,anaya.miller.1151@webmail.net,UAE,2023-12-31
1152,Mia,Kumar,mia.kumar.1152@example.com,India,2024-10-04
1153,Liam,Gupta,liam.gupta.1153@company.org,Indonesia,2024-09-11
1154,Zara,Liu,zara.liu.1154@inbox.com,Philippines,2024-06-17
1155,Charlotte,Martinez,charlotte.martinez.1155@webmail.net,France,2024-10-12
1156,Ava,Smith,ava.smith.1156@example.com,Denmark,2024-03-13
1157,Sara,Johnson,sara.johnson.1157@company.org,Brazil,2023-09-23
1158,Olivia,Liu,olivia.liu.1158@webmail.net,UAE,2025-05-16
1159,Lucas,Kumar,lucas.kumar.1159@example.com,Poland,2024-02-19
1160,Ishaan,Jones,ishaan.jones.1160@mail.com,France,2022-04-30
1161,Harper,Kim,harper.kim.1161@mail.com,Japan,2022-08-22
1162,Diya,Singh,diya.singh.1162@company.org,UAE,2025-01-19
1163,Muhammad,Park,muhammad.park.1163@webmail.net,Brazil,2025-06-14
1164,Noah,Nguyen,noah.nguyen.1164@webmail.net,United Kingdom,2024-11-14
1165,Lucas,Garcia,lucas.garcia.1165@company.org,Australia,2022-09-08
1166,Mason,Sharma,mason.sharma.1166@example.com,Brazil,2022-07-18
1167,Elijah,Martinez,elijah.martinez.1167@mail.com,France,2024-09-04
1168,Harper,Patel,harper.patel.1168@mail.com,Denmark,2022-03-28
1169,Aanya,Menon,aanya.menon.1169@company.org,France,2023-09-22
1170,Benjamin,Martinez,benjamin.martinez.1170@example.com,South Africa,2025-09-26
1171,Mira,Reddy,mira.reddy.1171@webmail.net,Australia,2024-07-31
1172,Lucas,Zhang,lucas.zhang.1172@mail.com,Netherlands,2022-12-07
1173,Mason,Lopez,mason.lopez.1173@company.org,Germany,2025-06-28
1174,Diya,Lopez,diya.lopez.1174@company.org,Vietnam,2023-02-15
1175,Aanya,Nguyen,aanya.nguyen.1175@inbox.com,Vietnam,2023-12-06
1176,Benjamin,Martinez,benjamin.martinez.1176@mail.com,Canada,2023-08-11
1177,Ava,Khan,ava.khan.1177@example.com,United Kingdom,2022-11-11
1178,Evelyn,Zhang,evelyn.zhang.1178@webmail.net,Sweden,2025-07-07
1179,Shaurya,Lopez,shaurya.lopez.1179@mail.com,United Kingdom,2024-01-10
1180,Daniel,Lopez,daniel.lopez.1180@company.org,India,2024-02-21
1181,Muhammad,Reddy,muhammad.reddy.1181@mail.com,Netherlands,2024-07-26
1182,Charlotte,Liu,charlotte.liu.1182@webmail.net,USA,2024-03-21
1183,Mason,Smith,mason.smith.1183@company.org,India,2023-10-29
1184,Pari,Wang,pari.wang.1184@webmail.net,Netherlands,2023-06-29
1185,James,Wang,james.wang.1185@company.org,Philippines,2022-06-01
1186,Isabella,Khan,isabella.khan.1186@webmail.net,Japan,2025-04-04
1187,Pari,Bose,pari.bose.1187@inbox.com,Canada,2024-07-18
1188,Charlotte,Williams,charlotte.williams.1188@mail.com,Japan,2022-01-09
1189,Aarav,Martinez,aarav.martinez.1189@example.com,Sweden,2024-03-18
1190,Aarav,Johnson,aarav.johnson.1190@mail.com,South Africa,2024-12-04
1191,Liam,Williams,liam.williams.1191@example.com,UAE,2022-08-29
1192,Isabella,Kim,isabella.kim.1192@inbox.com,Denmark,2023-02-10
1193,Charlotte,Williams,charlotte.williams.1193@inbox.com,Denmark,2024-08-08
1194,Zara,Park,zara.park.1194@mail.com,Singapore,2023-10-04
1195,Henry,Wang,henry.wang.1195@webmail.net,Norway,2022-10-05
1196,Emma,Davis,emma.davis.1196@webmail.net,Norway,2023-01-30
1197,Aisha,Martinez,aisha.martinez.1197@webmail.net,UAE,2025-02-16
1198,Ishaan,Zhang,ishaan.zhang.1198@example.com,Vietnam,2025-03-07
1199,Pari,Jones,pari.jones.1199@mail.com,Indonesia,2022-06-05
1200,Anaya,Miller,anaya.miller.1200@inbox.com,Singapore,2025-05-29
1201,Henry,Lopez,henry.lopez.1201@example.com,Indonesia,2022-09-07
1202,Ava,Kim,ava.kim.1202@example.com,USA,2025-07-02
1203,Shaurya,Garcia,shaurya.garcia.1203@webmail.net,Poland,2022-05-17
1204,Arjun,Menon,arjun.menon.1204@inbox.com,Brazil,2022-05-05
1205,Benjamin,Patel,benjamin.patel.1205@webmail.net,Philippines,2023-09-15
1206,Daniel,Kim,daniel.kim.1206@inbox.com,Sweden,2025-01-10
1207,Benjamin,Patel,benjamin.patel.1207@webmail.net,France,2023-11-13
1208,Aarav,Mehta,aarav.mehta.1208@company.org,Vietnam,2023-03-21
1209,Kiara,Patel,kiara.patel.1209@company.org,Poland,2024-03-12
1210,Pari,Lopez,pari.lopez.1210@example.com,France,2023-07-13
1211,Anika,Kim,anika.kim.1211@mail.com,USA,2022-05-15
1212,Zara,Chen,zara.chen.1212@inbox.com,Singapore,2024-11-06
1213,Sophia,Johnson,sophia.johnson.1213@mail.com,Denmark,2024-03-15
1214,Aarav,Nguyen,aarav.nguyen.1214@example.com,Indonesia,2022-05-21
1215,Henry,Das,henry.das.1215@company.org,Philippines,2024-06-24
1216,Olivia,Smith,olivia.smith.1216@mail.com,Japan,2024-07-30
1217,Kiara,Jones,kiara.jones.1217@company.org,Singapore,2022-01-08
1218,Sara,Singh,sara.singh.1218@company.org,Spain,2022-06-15
1219,Henry,Reddy,henry.reddy.1219@inbox.com,Sweden,2023-06-13
1220,Muhammad,Wang,muhammad.wang.1220@inbox.com,Sweden,2025-09-22
1221,Charlotte,Liu,charlotte.liu.1221@inbox.com,Denmark,2024-12-14
1222,Ethan,Johnson,ethan.johnson.1222@webmail.net,Denmark,2025-04-11
1223,Anika,Chen,anika.chen.1223@webmail.net,Mexico,2024-11-24
1224,Mia,Kumar,mia.kumar.1224@example.com,Denmark,2024-01-19
1225,Muhammad,Menon,muhammad.menon.1225@webmail.net,Canada,2024-09-11
1226,Pari,Park,pari.park.1226@mail.com,Indonesia,2025-05-28
1227,Liam,Williams,liam.williams.1227@company.org,UAE,2024-04-12
1228,Aarav,Lee,aarav.lee.1228@mail.com,Japan,2023-03-23
1229,Sai,Johnson,sai.johnson.1229@inbox.com,Vietnam,2022-04-29
1230,Henry,Bose,henry.bose.1230@webmail.net,France,2023-05-03
1231,Olivia,Mehta,olivia.mehta.1231@inbox.com,Denmark,2022-10-11
1232,Kiara,Garcia,kiara.garcia.1232@mail.com,Philippines,2022-12-31
1233,Anika,Zhang,anika.zhang.1233@mail.com,Japan,2022-12-23
1234,Kiara,Liu,kiara.liu.1234@company.org,Brazil,2023-07-08
1235,Shaurya,Chen,shaurya.chen.1235@example.com,United Kingdom,2022-05-02
1236,Amelia,Lopez,amelia.lopez.1236@company.org,USA,2022-03-07
1237,Lucas,Smith,lucas.smith.1237@inbox.com,Poland,2024-02-04
1238,Elijah,Zhang,elijah.zhang.1238@webmail.net,Japan,2022-10-12
1239,Harper,Menon,harper.menon.1239@mail.com,Singapore,2025-03-11
1240,Elijah,Khan,elijah.khan.1240@company.org,India,2025-05-26
1241,Isabella,Garcia,isabella.garcia.1241@example.com,Norway,2024-02-20
1242,Olivia,Johnson,olivia.johnson.1242@mail.com,Vietnam,2023-12-12
1243,Muhammad,Lee,muhammad.lee.1243@webmail.net,Sweden,2023-05-06
1244,Aarav,Sharma,aarav.sharma.1244@mail.com,Vietnam,2023-08-13
1245,James,Gupta,james.gupta.1245@inbox.com,Mexico,2024-08-09
1246,Sara,Singh,sara.singh.1246@inbox.com,Norway,2023-01-04
1247,Zara,Garcia,zara.garcia.1247@inbox.com,Poland,2023-07-23
1248,Diya,Garcia,diya.garcia.1248@mail.com,Spain,2023-10-14
1249,Emma,Smith,emma.smith.1249@inbox.com,Singapore,2023-12-02
1250,Diya,Martinez,diya.martinez.1250@company.org,Germany,2024-12-01
1251,Pari,Liu,pari.liu.1251@inbox.com,United Kingdom,2025-06-03
1252,Anika,Davis,anika.davis.1252@webmail.net,Spain,2022-11-01
1253,Shaurya,Wang,shaurya.wang.1253@mail.com,Philippines,2024-01-05
1254,Aarav,Singh,aarav.singh.1254@webmail.net,Spain,2022-07-28
1255,Evelyn,Davis,evelyn.davis.1255@inbox.com,Philippines,2025-05-04
1256,Amelia,Das,amelia.das.1256@company.org,Japan,2025-08-26
1257,Elijah,Patel,elijah.patel.1257@example.com,Singapore,2024-12-08
1258,Aanya,Patel,aanya.patel.1258@inbox.com,Australia,2024-01-11
1259,Reyansh,Jones,reyansh.jones.1259@inbox.com,Philippines,2023-02-08
1260,Emma,Smith,emma.smith.1260@company.org,Norway,2025-06-12
1261,Sara,Smith,sara.smith.1261@webmail.net,USA,2022-07-08
1262,Olivia,Zhang,olivia.zhang.1262@company.org,Vietnam,2022-11-06
1263,Elijah,Martinez,elijah.martinez.1263@company.org,South Africa,2022-09-29
1264,Mira,Smith,mira.smith.1264@company.org,Mexico,2024-01-28
1265,Ethan,Kumar,ethan.kumar.1265@webmail.net,Canada,2024-08-11
1266,Mira,Jones,mira.jones.1266@mail.com,South Africa,2025-09-10
1267,Aanya,Kim,aanya.kim.1267@webmail.net,Mexico,2024-09-07
1268,Daniel,Martinez,daniel.martinez.1268@example.com,Singapore,2022-05-03
1269,Aanya,Brown,aanya.brown.1269@inbox.com,Brazil,2023-05-08
1270,Mira,Lee,mira.lee.1270@company.org,Japan,2024-09-28
1271,Sophia,Menon,sophia.menon.1271@inbox.com,Italy,2025-03-07
1272,James,Miller,james.miller.1272@webmail.net,Italy,2022-09-17
1273,Diya,Zhang,diya.zhang.1273@mail.com,USA,2025-02-04
1274,Anika,Park,anika.park.1274@example.com,Japan,2022-11-24
1275,Aanya,Johnson,aanya.johnson.1275@example.com,United Kingdom,2022-04-10
1276,Lucas,Davis,lucas.davis.1276@example.com,India,2025-04-12
1277,Sophia,Miller,sophia.miller.1277@example.com,Canada,2023-02-12
1278,Daniel,Khan,daniel.khan.1278@webmail.net,Canada,2023-04-26
1279,Pari,Iyer,pari.iyer.1279@inbox.com,Philippines,2023-11-20
1280,Ishaan,Khan,ishaan.khan.1280@mail.com,Sweden,2022-02-14
1281,Aditya,Park,aditya.park.1281@inbox.com,UAE,2025-09-04
1282,Lucas,Jones,lucas.jones.1282@inbox.com,Norway,2024-05-02
1283,Ethan,Khan,ethan.khan.1283@company.org,Indonesia,2022-10-03
1284,James,Lopez,james.lopez.1284@company.org,Italy,2023-11-07
1285,Evelyn,Kim,evelyn.kim.1285@company.org,South Africa,2023-04-27
1286,Olivia,Garcia,olivia.garcia.1286@mail.com,Norway,2025-06-04
1287,Sai,Jones,sai.jones.1287@inbox.com,South Korea,2023-10-03
1288,Sara,Khan,sara.khan.1288@example.com,South Korea,2022-01-01
1289,Evelyn,Liu,evelyn.liu.1289@inbox.com,Germany,2023-03-22
1290,Lucas,Davis,lucas.davis.1290@webmail.net,USA,2025-03-19
1291,Lucas,Das,lucas.das.1291@webmail.net,USA,2025-05-24
1292,Mira,Lopez,mira.lopez.1292@example.com,Brazil,2024-05-01
1293,Emma,Mehta,emma.mehta.1293@company.org,Spain,2023-11-11
1294,Sophia,Iyer,sophia.iyer.1294@webmail.net,France,2025-07-10
1295,Ava,Iyer,ava.iyer.1295@example.com,Japan,2023-10-18
1296,Anika,Miller,anika.miller.1296@inbox.com,Poland,2023-03-19
1297,Charlotte,Wang,charlotte.wang.1297@webmail.net,Japan,2022-10-20
1298,Arjun,Singh,arjun.singh.1298@inbox.com,Germany,2022-06-21
1299,Mia,Lopez,mia.lopez.1299@inbox.com,Italy,2024-12-24
1300,Daniel,Garcia,daniel.garcia.1300@inbox.com,Australia,2022-01-31
1301,Shaurya,Patel,shaurya.patel.1301@example.com,Norway,2022-10-16
1302,Reyansh,Das,reyansh.das.1302@mail.com,Japan,2025-01-16
1303,Ethan,Nguyen,ethan.nguyen.1303@mail.com,USA,2022-05-21
1304,Shaurya,Sharma,shaurya.sharma.1304@mail.com,Netherlands,2023-06-16
1305,Mason,Das,mason.das.1305@inbox.com,Netherlands,2023-12-22
1306,Aditya,Brown,aditya.brown.1306@mail.com,Canada,2022-03-29
1307,Zara,Chen,zara.chen.1307@example.com,Singapore,2024-04-23
1308,Lucas,Singh,lucas.singh.1308@inbox.com,Australia,2025-06-23
1309,Ava,Liu,ava.liu.1309@example.com,USA,2025-04-08
1310,Anika,Johnson,anika.johnson.1310@mail.com,Italy,2025-02-19
1311,Aditya,Mehta,aditya.mehta.1311@example.com,Italy,2024-03-20
1312,Anaya,Garcia,anaya.garcia.1312@inbox.com,Singapore,2023-05-17
1313,Aanya,Kim,aanya.kim.1313@example.com,Philippines,2025-03-02
1314,Henry,Miller,henry.miller.1314@inbox.com,United Kingdom,2024-01-18
1315,Aisha,Mehta,aisha.mehta.1315@example.com,UAE,2025-09-03
1316,Anaya,Gupta,anaya.gupta.1316@webmail.net,Brazil,2023-05-20
1317,Aarav,Singh,aarav.singh.1317@company.org,Japan,2022-07-05
1318,Sophia,Wang,sophia.wang.1318@example.com,Brazil,2022-03-07
1319,James,Wang,james.wang.1319@webmail.net,Indonesia,2024-12-05
1320,Benjamin,Khan,benjamin.khan.1320@example.com,UAE,2023-01-22
1321,Aanya,Garcia,aanya.garcia.1321@company.org,Canada,2023-06-10
1322,Vihaan,Patel,vihaan.patel.1322@mail.com,UAE,2024-12-25
1323,Charlotte,Wang,charlotte.wang.1323@mail.com,United Kingdom,2024-01-28
1324,Pari,Brown,pari.brown.1324@inbox.com,Norway,2025-06-05
1325,Ethan,Nguyen,ethan.nguyen.1325@example.com,Australia,2024-12-06
1326,Ava,Smith,ava.smith.1326@mail.com,Philippines,2023-01-25
1327,Aditya,Garcia,aditya.garcia.1327@webmail.net,Indonesia,2024-05-18
1328,Mira,Davis,mira.davis.1328@webmail.net,Indonesia,2022-10-22
1329,Elijah,Singh,elijah.singh.1329@inbox.com,Norway,2023-05-18
1330,Mia,Menon,mia.menon.1330@company.org,Poland,2022-09-07
1331,Arjun,Miller,arjun.miller.1331@webmail.net,Germany,2023-04-05
1332,Sara,Davis,sara.davis.1332@webmail.net,UAE,2022-01-02
1333,Harper,Johnson,harper.johnson.1333@mail.com,Philippines,2022-01-30
1334,Daniel,Zhang,daniel.zhang.1334@company.org,UAE,2023-01-06
1335,Liam,Nguyen,liam.nguyen.1335@company.org,Canada,2025-06-26
1336,Ava,Mehta,ava.mehta.1336@webmail.net,Sweden,2025-04-04
1337,Henry,Khan,henry.khan.1337@inbox.com,Poland,2023-05-17
1338,Mason,Kim,mason.kim.1338@example.com,Mexico,2022-05-30
1339,Evelyn,Park,evelyn.park.1339@example.com,Canada,2025-07-21
1340,Ishaan,Singh,ishaan.singh.1340@mail.com,India,2022-06-16
1341,Amelia,Mehta,amelia.mehta.1341@example.com,United Kingdom,2024-06-06
1342,Ava,Park,ava.park.1342@company.org,Netherlands,2024-08-27
1343,James,Menon,james.menon.1343@inbox.com,India,2022-12-09
1344,Benjamin,Lee,benjamin.lee.1344@example.com,Canada,2022-11-21
1345,Amelia,Bose,amelia.bose.1345@webmail.net,Canada,2025-05-29
1346,Vihaan,Smith,vihaan.smith.1346@webmail.net,Norway,2025-06-30
1347,Emma,Wang,emma.wang.1347@example.com,Indonesia,2025-07-03
1348,Daniel,Menon,daniel.menon.1348@example.com,Sweden,2025-02-14
1349,Arjun,Liu,arjun.liu.1349@example.com,South Korea,2022-12-02
1350,Evelyn,Gupta,evelyn.gupta.1350@mail.com,United Kingdom,2024-04-05
1351,Ava,Mehta,ava.mehta.1351@company.org,Australia,2024-10-17
1352,Anika,Martinez,anika.martinez.1352@mail.com,South Africa,2024-05-17
1353,Henry,Williams,henry.williams.1353@example.com,Philippines,2025-04-05
1354,Elijah,Smith,elijah.smith.1354@webmail.net,Vietnam,2024-12-27
1355,Isabella,Kumar,isabella.kumar.1355@mail.com,United Kingdom,2025-05-16
1356,Diya,Davis,diya.davis.1356@company.org,Singapore,2023-06-09
1357,Aanya,Davis,aanya.davis.1357@webmail.net,Poland,2023-07-02
1358,Liam,Davis,liam.davis.1358@inbox.com,Mexico,2023-10-03
1359,Isabella,Liu,isabella.liu.1359@inbox.com,Philippines,2024-08-03
1360,Anika,Martinez,anika.martinez.1360@mail.com,Norway,2023-08-06
1361,Henry,Bose,henry.bose.1361@inbox.com,Philippines,2023-07-14
1362,Ethan,Jones,ethan.jones.1362@example.com,Singapore,2025-02-02
1363,Aditya,Das,aditya.das.1363@example.com,Poland,2024-03-15
1364,Ishaan,Kumar,ishaan.kumar.1364@example.com,South Korea,2023-04-12
1365,Pari,Mehta,pari.mehta.1365@example.com,Mexico,2025-04-13
1366,Zara,Bose,zara.bose.1366@company.org,Norway,2024-05-14
1367,Elijah,Bose,elijah.bose.1367@mail.com,Denmark,2022-05-27
1368,Aditya,Jones,aditya.jones.1368@mail.com,UAE,2022-08-04
1369,Sara,Smith,sara.smith.1369@mail.com,Denmark,2022-12-28
1370,Sara,Wang,sara.wang.1370@example.com,South Korea,2024-06-05
1371,Sophia,Martinez,sophia.martinez.1371@example.com,Australia,2025-01-29
1372,Liam,Wang,liam.wang.1372@mail.com,Netherlands,2024-01-29
1373,Elijah,Liu,elijah.liu.1373@company.org,United Kingdom,2024-09-24
1374,Aisha,Patel,aisha.patel.1374@company.org,Philippines,2023-08-16
1375,Sai,Chen,sai.chen.1375@inbox.com,India,2023-06-25
1376,Isabella,Williams,isabella.williams.1376@mail.com,United Kingdom,2025-03-07
1377,Benjamin,Bose,benjamin.bose.1377@webmail.net,USA,2022-03-26
1378,Aisha,Miller,aisha.miller.1378@inbox.com,India,2024-04-18
1379,Elijah,Khan,elijah.khan.1379@company.org,Mexico,2024-12-19
1380,Pari,Khan,pari.khan.1380@webmail.net,India,2023-11-24
1381,Benjamin,Martinez,benjamin.martinez.1381@example.com,Sweden,2022-12-11
1382,Isabella,Das,isabella.das.1382@mail.com,Singapore,2022-07-25
1383,Noah,Reddy,noah.reddy.1383@company.org,Netherlands,2025-03-03
1384,Vihaan,Davis,vihaan.davis.1384@inbox.com,Singapore,2022-05-13
1385,Sophia,Miller,sophia.miller.1385@mail.com,Spain,2025-03-29
1386,Ishaan,Garcia,ishaan.garcia.1386@mail.com,Norway,2024-01-28
1387,Sophia,Kim,sophia.kim.1387@mail.com,Denmark,2024-05-21
1388,Daniel,Nguyen,daniel.nguyen.1388@mail.com,Sweden,2023-01-12
1389,Arjun,Menon,arjun.menon.1389@inbox.com,Spain,2024-11-29
1390,Elijah,Reddy,elijah.reddy.1390@webmail.net,United Kingdom,2023-10-20
1391,Emma,Smith,emma.smith.1391@inbox.com,Australia,2023-06-20
1392,Benjamin,Kim,benjamin.kim.1392@inbox.com,USA,2022-09-20
1393,Olivia,Lopez,olivia.lopez.1393@company.org,Italy,2022-08-15
1394,Ethan,Patel,ethan.patel.1394@mail.com,Brazil,2024-11-30
1395,Emma,Khan,emma.khan.1395@example.com,Philippines,2022-06-24
1396,Vihaan,Iyer,vihaan.iyer.1396@mail.com,Poland,2025-09-11
1397,Mira,Sharma,mira.sharma.1397@example.com,Mexico,2023-04-19
1398,Ethan,Garcia,ethan.garcia.1398@inbox.com,USA,2022-11-21
1399,Charlotte,Mehta,charlotte.mehta.1399@company.org,Australia,2024-03-23
1400,Sara,Davis,sara.davis.1400@company.org,Netherlands,2025-02-07
1401,Shaurya,Lee,shaurya.lee.1401@example.com,Indonesia,2023-08-09
1402,James,Kumar,james.kumar.1402@company.org,Vietnam,2022-03-09
1403,Sara,Singh,sara.singh.1403@inbox.com,India,2022-11-08
1404,Daniel,Menon,daniel.menon.1404@webmail.net,India,2024-10-14
1405,Aarav,Reddy,aarav.reddy.1405@inbox.com,Singapore,2024-10-26
1406,Emma,Zhang,emma.zhang.1406@example.com,United Kingdom,2023-03-31
1407,Ava,Iyer,ava.iyer.1407@company.org,Singapore,2025-01-07
1408,Reyansh,Kumar,reyansh.kumar.1408@webmail.net,Mexico,2025-09-08
1409,Benjamin,Davis,benjamin.davis.1409@mail.com,Canada,2022-11-05
1410,Harper,Jones,harper.jones.1410@example.com,Norway,2022-03-03
1411,Anika,Bose,anika.bose.1411@inbox.com,Sweden,2023-06-03
1412,Amelia,Johnson,amelia.johnson.1412@mail.com,Philippines,2022-01-29
1413,Olivia,Park,olivia.park.1413@inbox.com,UAE,2024-08-29
1414,Aisha,Iyer,aisha.iyer.1414@inbox.com,Sweden,2025-06-15
1415,Vihaan,Kim,vihaan.kim.1415@webmail.net,Japan,2025-06-19
1416,Vivaan,Davis,vivaan.davis.1416@mail.com,Japan,2022-08-24
1417,Noah,Kumar,noah.kumar.1417@mail.com,Singapore,2022-05-17
1418,Ava,Miller,ava.miller.1418@company.org,Vietnam,2025-09-17
1419,Pari,Williams,pari.williams.1419@company.org,Brazil,2022-08-26
1420,Isabella,Das,isabella.das.1420@inbox.com,Poland,2023-11-29
1421,Charlotte,Khan,charlotte.khan.1421@mail.com,Australia,2024-06-21
1422,Charlotte,Park,charlotte.park.1422@mail.com,Australia,2023-04-26
1423,Evelyn,Bose,evelyn.bose.1423@webmail.net,Germany,2025-04-11
1424,Shaurya,Kim,shaurya.kim.1424@mail.com,Denmark,2023-05-09
1425,Arjun,Davis,arjun.davis.1425@example.com,Norway,2022-10-14
1426,Liam,Liu,liam.liu.1426@example.com,Germany,2025-04-04
1427,Liam,Kumar,liam.kumar.1427@webmail.net,Spain,2023-04-17
1428,Ethan,Nguyen,ethan.nguyen.1428@inbox.com,South Africa,2022-08-25
1429,Kiara,Gupta,kiara.gupta.1429@mail.com,Germany,2022-02-10
1430,Daniel,Lopez,daniel.lopez.1430@company.org,Japan,2024-05-30
1431,Daniel,Iyer,daniel.iyer.1431@mail.com,Poland,2022-12-25
1432,Vivaan,Smith,vivaan.smith.1432@webmail.net,Canada,2022-07-28
1433,Harper,Zhang,harper.zhang.1433@webmail.net,Poland,2025-01-11
1434,Emma,Singh,emma.singh.1434@webmail.net,Singapore,2024-01-07
1435,Ishaan,Singh,ishaan.singh.1435@mail.com,Australia,2022-02-20
1436,Mason,Chen,mason.chen.1436@inbox.com,USA,2023-10-04
1437,Pari,Nguyen,pari.nguyen.1437@mail.com,Vietnam,2025-03-23
1438,Anaya,Reddy,anaya.reddy.1438@webmail.net,France,2025-09-09
1439,Daniel,Garcia,daniel.garcia.1439@inbox.com,Indonesia,2025-09-08
1440,Mia,Kumar,mia.kumar.1440@webmail.net,Brazil,2023-09-21
1441,Aditya,Lopez,aditya.lopez.1441@webmail.net,Philippines,2025-01-23
1442,Liam,Johnson,liam.johnson.1442@company.org,Poland,2024-07-11
1443,Charlotte,Miller,charlotte.miller.1443@example.com,South Africa,2024-03-19
1444,Reyansh,Jones,reyansh.jones.1444@example.com,Italy,2025-09-25
1445,Anika,Miller,anika.miller.1445@webmail.net,Norway,2025-02-16
1446,Aditya,Davis,aditya.davis.1446@company.org,Singapore,2025-04-03
1447,Vihaan,Mehta,vihaan.mehta.1447@webmail.net,South Korea,2023-09-11
1448,Aisha,Chen,aisha.chen.1448@webmail.net,South Korea,2022-09-16
1449,Isabella,Das,isabella.das.1449@example.com,Poland,2024-12-07
1450,Evelyn,Kumar,evelyn.kumar.1450@webmail.net,Germany,2025-07-13
1451,Ethan,Reddy,ethan.reddy.1451@company.org,Philippines,2022-06-25
1452,Diya,Chen,diya.chen.1452@company.org,Denmark,2022-07-30
1453,Sophia,Williams,sophia.williams.1453@webmail.net,Mexico,2022-02-08
1454,Diya,Jones,diya.jones.1454@mail.com,Denmark,2023-12-08
1455,Sai,Menon,sai.menon.1455@mail.com,Mexico,2025-01-20
1456,Muhammad,Reddy,muhammad.reddy.1456@webmail.net,United Kingdom,2024-09-11
1457,Emma,Reddy,emma.reddy.1457@webmail.net,Sweden,2025-02-03
1458,Harper,Lopez,harper.lopez.1458@webmail.net,France,2024-05-04
1459,Ava,Patel,ava.patel.1459@inbox.com,France,2024-05-28
1460,Shaurya,Singh,shaurya.singh.1460@mail.com,Germany,2025-04-09
1461,Vihaan,Williams,vihaan.williams.1461@inbox.com,South Korea,2025-02-08
1462,Ethan,Das,ethan.das.1462@mail.com,South Africa,2022-07-02
1463,Ishaan,Mehta,ishaan.mehta.1463@company.org,USA,2025-04-04
1464,Sara,Sharma,sara.sharma.1464@webmail.net,Italy,2025-08-21
1465,Amelia,Davis,amelia.davis.1465@company.org,USA,2024-02-06
1466,Anika,Mehta,anika.mehta.1466@webmail.net,Denmark,2023-12-06
1467,Mason,Jones,mason.jones.1467@company.org,Canada,2024-07-21
1468,Aarav,Iyer,aarav.iyer.1468@inbox.com,Norway,2024-08-20
1469,Henry,Liu,henry.liu.1469@example.com,Australia,2022-10-15
1470,Shaurya,Patel,shaurya.patel.1470@inbox.com,South Africa,2022-02-27
1471,Shaurya,Zhang,shaurya.zhang.1471@company.org,India,2025-07-25
1472,Benjamin,Das,benjamin.das.1472@example.com,Mexico,2022-03-18
1473,Reyansh,Williams,reyansh.williams.1473@mail.com,France,2024-11-10
1474,Mira,Lopez,mira.lopez.1474@company.org,Vietnam,2024-06-08
1475,Henry,Singh,henry.singh.1475@company.org,Italy,2023-07-14
1476,Aditya,Reddy,aditya.reddy.1476@inbox.com,South Korea,2023-07-27
1477,Ava,Liu,ava.liu.1477@webmail.net,Canada,2025-08-03
1478,Henry,Reddy,henry.reddy.1478@webmail.net,South Korea,2022-07-29
1479,Muhammad,Lee,muhammad.lee.1479@inbox.com,Japan,2024-03-29
1480,Mason,Miller,mason.miller.1480@mail.com,Australia,2024-08-08
1481,Vihaan,Gupta,vihaan.gupta.1481@company.org,Denmark,2022-05-17
1482,Lucas,Nguyen,lucas.nguyen.1482@company.org,Indonesia,2025-05-09
1483,Mira,Williams,mira.williams.1483@inbox.com,Poland,2023-02-08
1484,Evelyn,Martinez,evelyn.martinez.1484@inbox.com,Poland,2022-07-21
1485,Daniel,Martinez,daniel.martinez.1485@company.org,Netherlands,2025-02-06
1486,Amelia,Garcia,amelia.garcia.1486@company.org,France,2022-12-28
1487,Mira,Mehta,mira.mehta.1487@example.com,USA,2022-02-07
1488,Mia,Kim,mia.kim.1488@mail.com,United Kingdom,2025-05-27
1489,Daniel,Williams,daniel.williams.1489@example.com,Spain,2023-06-03
1490,Olivia,Davis,olivia.davis.1490@mail.com,South Africa,2022-01-18
1491,Kiara,Lee,kiara.lee.1491@inbox.com,South Korea,2025-05-12
1492,Arjun,Das,arjun.das.1492@company.org,South Korea,2024-05-04
1493,Liam,Chen,liam.chen.1493@example.com,USA,2024-12-01
1494,Noah,Brown,noah.brown.1494@company.org,Singapore,2024-08-14
1495,Vivaan,Liu,vivaan.liu.1495@mail.com,France,2023-05-29
1496,Noah,Bose,noah.bose.1496@webmail.net,Vietnam,2024-01-08
1497,Aditya,Kim,aditya.kim.1497@webmail.net,Germany,2022-08-30
1498,Mia,Kumar,mia.kumar.1498@inbox.com,Norway,2023-12-20
1499,Mason,Bose,mason.bose.1499@example.com,Philippines,2025-07-21
1500,Evelyn,Das,evelyn.das.1500@inbox.com,Denmark,2024-05-12
1501,Charlotte,Sharma,charlotte.sharma.1501@company.org,Australia,2024-11-30
1502,Noah,Wang,noah.wang.1502@example.com,UAE,2022-08-20
1503,Zara,Liu,zara.liu.1503@inbox.com,USA,2023-08-06
1504,Charlotte,Liu,charlotte.liu.1504@company.org,France,2024-07-29
1505,Ava,Singh,ava.singh.1505@example.com,Poland,2025-09-05
1506,Aisha,Lee,aisha.lee.1506@example.com,Mexico,2023-02-26
1507,Mason,Reddy,mason.reddy.1507@mail.com,Netherlands,2023-08-01
1508,Ethan,Liu,ethan.liu.1508@mail.com,South Korea,2024-03-26
1509,Aisha,Singh,aisha.singh.1509@inbox.com,United Kingdom,2025-05-04
1510,Aditya,Chen,aditya.chen.1510@example.com,Australia,2023-11-21
1511,Harper,Sharma,harper.sharma.1511@company.org,Netherlands,2022-08-28
1512,Kiara,Brown,kiara.brown.1512@company.org,Netherlands,2023-04-28
1513,Liam,Khan,liam.khan.1513@company.org,United Kingdom,2024-11-17
1514,Ishaan,Mehta,ishaan.mehta.1514@example.com,Philippines,2023-12-15
1515,Ava,Lee,ava.lee.1515@example.com,Sweden,2022-01-07
1516,Aisha,Bose,aisha.bose.1516@company.org,India,2025-09-16
1517,Sai,Brown,sai.brown.1517@example.com,Italy,2022-06-10
1518,Evelyn,Chen,evelyn.chen.1518@inbox.com,Vietnam,2022-02-04
1519,Elijah,Chen,elijah.chen.1519@mail.com,South Korea,2023-05-14
1520,Kiara,Mehta,kiara.mehta.1520@inbox.com,South Korea,2024-04-06
1521,Liam,Chen,liam.chen.1521@example.com,Italy,2023-02-28
1522,Shaurya,Singh,shaurya.singh.1522@example.com,Japan,2022-01-24
1523,Daniel,Davis,daniel.davis.1523@example.com,Sweden,2022-11-17
1524,Charlotte,Smith,charlotte.smith.1524@inbox.com,Norway,2023-02-26
1525,Shaurya,Lee,shaurya.lee.1525@company.org,South Korea,2023-01-16
1526,Aanya,Reddy,aanya.reddy.1526@company.org,South Korea,2023-06-11
1527,Charlotte,Jones,charlotte.jones.1527@mail.com,India,2022-02-15
1528,Lucas,Kumar,lucas.kumar.1528@example.com,Vietnam,2022-06-14
1529,Ava,Patel,ava.patel.1529@webmail.net,Canada,2023-09-01
1530,Diya,Lee,diya.lee.1530@company.org,Poland,2024-09-04
1531,Ethan,Lopez,ethan.lopez.1531@inbox.com,UAE,2023-06-01
1532,Kiara,Lee,kiara.lee.1532@company.org,Vietnam,2022-05-03
1533,Mia,Martinez,mia.martinez.1533@example.com,Germany,2025-06-16
1534,Mia,Gupta,mia.gupta.1534@inbox.com,Italy,2024-11-29
1535,Mia,Garcia,mia.garcia.1535@mail.com,Brazil,2022-08-12
1536,Daniel,Menon,daniel.menon.1536@webmail.net,UAE,2022-10-12
1537,Noah,Wang,noah.wang.1537@webmail.net,Mexico,2024-01-28
1538,Vivaan,Reddy,vivaan.reddy.1538@example.com,Netherlands,2023-06-30
1539,Lucas,Jones,lucas.jones.1539@inbox.com,France,2025-04-07
1540,Olivia,Lopez,olivia.lopez.1540@mail.com,Denmark,2024-02-29
1541,Reyansh,Johnson,reyansh.johnson.1541@example.com,Indonesia,2023-05-22
1542,Henry,Kim,henry.kim.1542@inbox.com,Canada,2024-04-07
1543,Mia,Johnson,mia.johnson.1543@webmail.net,Denmark,2023-01-06
1544,Daniel,Iyer,daniel.iyer.1544@mail.com,Norway,2024-01-20
1545,Ava,Reddy,ava.reddy.1545@mail.com,Mexico,2025-06-18
1546,James,Williams,james.williams.1546@company.org,Spain,2025-05-08
1547,Noah,Davis,noah.davis.1547@mail.com,Indonesia,2022-09-26
1548,Arjun,Nguyen,arjun.nguyen.1548@company.org,Indonesia,2025-07-23
1549,Amelia,Gupta,amelia.gupta.1549@company.org,Denmark,2023-12-21
1550,Liam,Davis,liam.davis.1550@webmail.net,United Kingdom,2022-10-01
1551,Aisha,Johnson,aisha.johnson.1551@company.org,Canada,2022-06-18
1552,Benjamin,Chen,benjamin.chen.1552@inbox.com,Singapore,2024-02-07
1553,Vihaan,Reddy,vihaan.reddy.1553@mail.com,Australia,2024-06-21
1554,Aarav,Chen,aarav.chen.1554@mail.com,Germany,2023-12-05
1555,Charlotte,Das,charlotte.das.1555@company.org,Singapore,2024-06-16
1556,Ethan,Mehta,ethan.mehta.1556@inbox.com,Australia,2023-04-11
1557,Elijah,Wang,elijah.wang.1557@inbox.com,Vietnam,2023-11-07
1558,Olivia,Reddy,olivia.reddy.1558@example.com,Denmark,2024-08-07
1559,Harper,Johnson,harper.johnson.1559@inbox.com,Germany,2022-04-07
1560,Emma,Kumar,emma.kumar.1560@example.com,Norway,2022-01-02
1561,Henry,Liu,henry.liu.1561@example.com,UAE,2025-08-30
1562,Mira,Zhang,mira.zhang.1562@mail.com,USA,2023-11-02
1563,James,Johnson,james.johnson.1563@inbox.com,South Africa,2025-01-10
1564,Ava,Johnson,ava.johnson.1564@webmail.net,Singapore,2024-04-26
1565,Anaya,Park,anaya.park.1565@webmail.net,France,2022-08-05
1566,Kiara,Davis,kiara.davis.1566@inbox.com,Singapore,2025-07-28
1567,Mason,Khan,mason.khan.1567@mail.com,South Korea,2022-07-28
1568,Aarav,Reddy,aarav.reddy.1568@example.com,South Africa,2022-08-12
1569,Amelia,Park,amelia.park.1569@mail.com,Spain,2022-05-12
1570,Ishaan,Kim,ishaan.kim.1570@webmail.net,Spain,2025-05-10
1571,Benjamin,Bose,benjamin.bose.1571@company.org,Spain,2022-10-07
1572,Mia,Miller,mia.miller.1572@company.org,Spain,2025-06-27
1573,Ethan,Johnson,ethan.johnson.1573@mail.com,UAE,2022-10-16
1574,Isabella,Lopez,isabella.lopez.1574@company.org,USA,2024-02-13
1575,Anika,Lee,anika.lee.1575@inbox.com,Sweden,2023-10-01
1576,Charlotte,Martinez,charlotte.martinez.1576@example.com,UAE,2022-02-28
1577,Elijah,Garcia,elijah.garcia.1577@inbox.com,Indonesia,2022-06-25
1578,James,Garcia,james.garcia.1578@example.com,Indonesia,2022-08-09
1579,Evelyn,Zhang,evelyn.zhang.1579@webmail.net,Japan,2024-03-14
1580,Sai,Miller,sai.miller.1580@example.com,Poland,2023-01-16
1581,Lucas,Kim,lucas.kim.1581@example.com,Philippines,2024-11-28
1582,Charlotte,Wang,charlotte.wang.1582@inbox.com,Denmark,2024-08-10
1583,Vihaan,Kumar,vihaan.kumar.1583@company.org,Mexico,2025-04-24
1584,Aarav,Garcia,aarav.garcia.1584@company.org,Italy,2023-12-30
1585,Elijah,Nguyen,elijah.nguyen.1585@webmail.net,Mexico,2023-07-03
1586,Mira,Das,mira.das.1586@example.com,France,2024-12-15
1587,Benjamin,Nguyen,benjamin.nguyen.1587@company.org,South Korea,2023-02-09
1588,Vihaan,Kim,vihaan.kim.1588@company.org,Netherlands,2022-09-20
1589,Elijah,Patel,elijah.patel.1589@inbox.com,Vietnam,2025-06-10
1590,Daniel,Sharma,daniel.sharma.1590@webmail.net,South Korea,2022-05-09
1591,Ishaan,Miller,ishaan.miller.1591@inbox.com,Canada,2023-01-27
1592,Ishaan,Lopez,ishaan.lopez.1592@inbox.com,Japan,2025-08-25
1593,Sara,Sharma,sara.sharma.1593@example.com,Philippines,2024-07-27
1594,Diya,Bose,diya.bose.1594@mail.com,Denmark,2024-10-20
1595,Ethan,Smith,ethan.smith.1595@inbox.com,France,2025-04-30
1596,Anika,Garcia,anika.garcia.1596@company.org,France,2025-09-01
1597,Aditya,Brown,aditya.brown.1597@mail.com,Canada,2024-07-14
1598,Shaurya,Liu,shaurya.liu.1598@webmail.net,Netherlands,2025-04-11
1599,Ava,Iyer,ava.iyer.1599@webmail.net,Vietnam,2025-02-01
1600,Aanya,Mehta,aanya.mehta.1600@inbox.com,Denmark,2022-03-26
1601,Sara,Chen,sara.chen.1601@example.com,United Kingdom,2022-09-18
1602,Mia,Johnson,mia.johnson.1602@inbox.com,Netherlands,2024-01-10
1603,Charlotte,Iyer,charlotte.iyer.1603@webmail.net,Singapore,2024-01-08
1604,Sara,Khan,sara.khan.1604@webmail.net,Sweden,2022-01-19
1605,Mira,Bose,mira.bose.1605@webmail.net,Italy,2024-11-20
1606,Liam,Miller,liam.miller.1606@example.com,Vietnam,2022-06-01
1607,Charlotte,Kim,charlotte.kim.1607@webmail.net,UAE,2024-08-06
1608,Zara,Brown,zara.brown.1608@inbox.com,Japan,2025-05-31
1609,Reyansh,Menon,reyansh.menon.1609@company.org,South Africa,2023-08-31
1610,Mia,Chen,mia.chen.1610@mail.com,Vietnam,2025-02-14
1611,James,Chen,james.chen.1611@company.org,Australia,2023-06-09
1612,Diya,Brown,diya.brown.1612@example.com,Norway,2024-11-11
1613,Aarav,Liu,aarav.liu.1613@example.com,Canada,2023-10-01
1614,Reyansh,Miller,reyansh.miller.1614@webmail.net,United Kingdom,2023-07-01
1615,Pari,Nguyen,pari.nguyen.1615@inbox.com,South Korea,2022-10-27
1616,Aditya,Sharma,aditya.sharma.1616@example.com,Poland,2022-03-30
1617,Benjamin,Park,benjamin.park.1617@company.org,Australia,2024-09-18
1618,Muhammad,Lee,muhammad.lee.1618@example.com,United Kingdom,2025-08-23
1619,Benjamin,Khan,benjamin.khan.1619@company.org,Singapore,2025-06-01
1620,Diya,Kumar,diya.kumar.1620@mail.com,United Kingdom,2023-01-29
1621,Mira,Jones,mira.jones.1621@example.com,Vietnam,2024-09-19
1622,Mia,Bose,mia.bose.1622@webmail.net,Japan,2024-12-11
1623,Liam,Menon,liam.menon.1623@example.com,France,2023-03-07
1624,Vihaan,Johnson,vihaan.johnson.1624@inbox.com,Singapore,2022-04-04
1625,Sara,Liu,sara.liu.1625@mail.com,Japan,2023-11-16
1626,Arjun,Garcia,arjun.garcia.1626@company.org,Australia,2023-09-02
1627,Diya,Kim,diya.kim.1627@example.com,Netherlands,2022-08-12
1628,Charlotte,Chen,charlotte.chen.1628@mail.com,Spain,2024-08-11
1629,Reyansh,Bose,reyansh.bose.1629@inbox.com,Italy,2022-06-10
1630,Aditya,Reddy,aditya.reddy.1630@company.org,Canada,2025-02-04
1631,Sara,Chen,sara.chen.1631@example.com,Italy,2024-02-13
1632,Shaurya,Kim,shaurya.kim.1632@example.com,South Africa,2022-02-28
1633,Ava,Menon,ava.menon.1633@inbox.com,Germany,2023-08-31
1634,Elijah,Sharma,elijah.sharma.1634@webmail.net,Sweden,2024-01-13
1635,Isabella,Johnson,isabella.johnson.1635@example.com,Philippines,2024-04-19
1636,Pari,Sharma,pari.sharma.1636@webmail.net,Singapore,2022-07-08
1637,Elijah,Davis,elijah.davis.1637@inbox.com,UAE,2024-11-25
1638,Aisha,Johnson,aisha.johnson.1638@example.com,India,2023-07-22
1639,Charlotte,Zhang,charlotte.zhang.1639@example.com,Mexico,2025-07-30
1640,Mia,Chen,mia.chen.1640@mail.com,South Korea,2022-10-02
1641,Henry,Patel,henry.patel.1641@mail.com,Singapore,2023-04-10
1642,Ava,Kumar,ava.kumar.1642@inbox.com,United Kingdom,2024-01-26
1643,Sai,Kumar,sai.kumar.1643@webmail.net,South Africa,2025-02-16
1644,Kiara,Khan,kiara.khan.1644@mail.com,India,2022-02-09
1645,James,Iyer,james.iyer.1645@webmail.net,Netherlands,2022-04-08
1646,Charlotte,Kim,charlotte.kim.1646@webmail.net,South Korea,2024-04-09
1647,Ethan,Sharma,ethan.sharma.1647@inbox.com,India,2022-03-29
1648,Noah,Wang,noah.wang.1648@example.com,Philippines,2023-09-22
1649,Muhammad,Mehta,muhammad.mehta.1649@company.org,South Africa,2023-12-14
1650,Charlotte,Khan,charlotte.khan.1650@company.org,Philippines,2022-12-28
1651,Arjun,Patel,arjun.patel.1651@mail.com,Philippines,2024-01-30
1652,Vivaan,Garcia,vivaan.garcia.1652@example.com,Poland,2023-01-12
1653,Ishaan,Sharma,ishaan.sharma.1653@example.com,France,2023-04-23
1654,Reyansh,Jones,reyansh.jones.1654@mail.com,Poland,2025-07-21
1655,James,Reddy,james.reddy.1655@example.com,United Kingdom,2024-02-12
1656,Benjamin,Wang,benjamin.wang.1656@mail.com,Poland,2022-04-09
1657,Kiara,Williams,kiara.williams.1657@webmail.net,Mexico,2023-05-19
1658,Muhammad,Park,muhammad.park.1658@company.org,Denmark,2022-08-02
1659,Liam,Liu,liam.liu.1659@example.com,Australia,2024-07-10
1660,Diya,Brown,diya.brown.1660@example.com,Canada,2023-03-02
1661,Shaurya,Chen,shaurya.chen.1661@mail.com,Spain,2024-12-17
1662,Emma,Davis,emma.davis.1662@webmail.net,France,2023-01-14
1663,James,Patel,james.patel.1663@example.com,Germany,2025-05-13
1664,Daniel,Johnson,daniel.johnson.1664@example.com,France,2025-09-28
1665,Amelia,Reddy,amelia.reddy.1665@example.com,USA,2022-10-06
1666,Sai,Lee,sai.lee.1666@company.org,South Africa,2023-03-17
1667,Mason,Lee,mason.lee.1667@mail.com,Netherlands,2022-11-17
1668,Shaurya,Kim,shaurya.kim.1668@company.org,Japan,2023-12-01
1669,Mason,Iyer,mason.iyer.1669@company.org,France,2024-12-10
1670,Aditya,Lopez,aditya.lopez.1670@webmail.net,France,2024-08-08
1671,Sai,Kim,sai.kim.1671@inbox.com,South Korea,2023-10-13
1672,Aarav,Davis,aarav.davis.1672@mail.com,Brazil,2022-07-02
1673,Evelyn,Gupta,evelyn.gupta.1673@inbox.com,Poland,2025-09-02
1674,Charlotte,Miller,charlotte.miller.1674@webmail.net,Brazil,2025-04-11
1675,Anaya,Menon,anaya.menon.1675@mail.com,India,2022-06-25
1676,Shaurya,Park,shaurya.park.1676@webmail.net,Netherlands,2022-10-01
1677,Aanya,Park,aanya.park.1677@example.com,India,2024-09-28
1678,Emma,Das,emma.das.1678@webmail.net,Australia,2023-01-26
1679,Noah,Lopez,noah.lopez.1679@example.com,Italy,2022-06-12
1680,Vihaan,Bose,vihaan.bose.1680@mail.com,Norway,2022-09-03
1681,Vivaan,Garcia,vivaan.garcia.1681@example.com,Sweden,2022-04-21
1682,Anika,Nguyen,anika.nguyen.1682@company.org,Italy,2024-06-19
1683,Liam,Williams,liam.williams.1683@inbox.com,Australia,2022-12-24
1684,Muhammad,Brown,muhammad.brown.1684@example.com,Brazil,2023-01-04
1685,Mason,Zhang,mason.zhang.1685@webmail.net,Australia,2022-12-09
1686,Arjun,Garcia,arjun.garcia.1686@webmail.net,Denmark,2022-03-26
1687,Isabella,Khan,isabella.khan.1687@company.org,Australia,2023-12-08
1688,Diya,Johnson,diya.johnson.1688@mail.com,UAE,2023-12-13
1689,Kiara,Kim,kiara.kim.1689@inbox.com,UAE,2022-11-11
1690,Noah,Khan,noah.khan.1690@company.org,India,2022-04-03
1691,Zara,Khan,zara.khan.1691@webmail.net,United Kingdom,2023-12-14
1692,Mason,Singh,mason.singh.1692@mail.com,Mexico,2023-04-04
1693,Benjamin,Singh,benjamin.singh.1693@company.org,South Africa,2022-09-21
1694,Elijah,Davis,elijah.davis.1694@example.com,Brazil,2023-10-02
1695,Evelyn,Garcia,evelyn.garcia.1695@company.org,Australia,2024-01-06
1696,Mia,Menon,mia.menon.1696@webmail.net,USA,2025-02-17
1697,Anika,Iyer,anika.iyer.1697@webmail.net,Mexico,2024-06-19
1698,Pari,Kumar,pari.kumar.1698@mail.com,Denmark,2024-06-10
1699,Aarav,Williams,aarav.williams.1699@example.com,India,2024-01-02
1700,Harper,Patel,harper.patel.1700@company.org,Spain,2023-09-05
1701,Lucas,Wang,lucas.wang.1701@example.com,Indonesia,2023-12-04
1702,Amelia,Iyer,amelia.iyer.1702@company.org,Canada,2025-03-15
1703,Aarav,Lee,aarav.lee.1703@webmail.net,Philippines,2022-12-05
1704,Ishaan,Smith,ishaan.smith.1704@mail.com,South Korea,2024-10-03
1705,Sai,Sharma,sai.sharma.1705@inbox.com,Netherlands,2022-09-09
1706,Mia,Zhang,mia.zhang.1706@company.org,Denmark,2022-02-07
1707,Mia,Jones,mia.jones.1707@webmail.net,Germany,2022-10-15
1708,Emma,Kim,emma.kim.1708@example.com,Italy,2025-08-29
1709,Arjun,Johnson,arjun.johnson.1709@inbox.com,Indonesia,2024-04-04
1710,Aditya,Das,aditya.das.1710@inbox.com,Spain,2024-12-20
1711,Daniel,Davis,daniel.davis.1711@mail.com,Denmark,2025-05-08
1712,Sai,Lopez,sai.lopez.1712@example.com,Mexico,2024-03-10
1713,Emma,Kumar,emma.kumar.1713@example.com,India,2023-08-18
1714,Emma,Jones,emma.jones.1714@example.com,Poland,2023-07-22
1715,Emma,Singh,emma.singh.1715@company.org,South Africa,2024-12-30
1716,Arjun,Davis,arjun.davis.1716@mail.com,Indonesia,2022-08-04
1717,Noah,Iyer,noah.iyer.1717@example.com,Norway,2024-10-05
1718,Lucas,Nguyen,lucas.nguyen.1718@mail.com,Denmark,2025-03-16
1719,Pari,Brown,pari.brown.1719@inbox.com,UAE,2024-02-22
1720,Isabella,Menon,isabella.menon.1720@example.com,India,2023-08-03
1721,Olivia,Jones,olivia.jones.1721@company.org,Netherlands,2024-03-29
1722,Muhammad,Garcia,muhammad.garcia.1722@company.org,Indonesia,2024-11-19
1723,Charlotte,Kumar,charlotte.kumar.1723@webmail.net,South Korea,2024-08-22
1724,Emma,Wang,emma.wang.1724@example.com,Vietnam,2022-10-20
1725,Mia,Reddy,mia.reddy.1725@webmail.net,Canada,2022-10-05
1726,Mira,Reddy,mira.reddy.1726@mail.com,United Kingdom,2023-03-05
1727,Muhammad,Lee,muhammad.lee.1727@webmail.net,Germany,2022-08-22
1728,Anaya,Miller,anaya.miller.1728@example.com,South Africa,2023-04-01
1729,Mason,Park,mason.park.1729@mail.com,Norway,2024-01-07
1730,Olivia,Williams,olivia.williams.1730@example.com,Italy,2023-03-29
1731,Kiara,Reddy,kiara.reddy.1731@mail.com,USA,2025-07-21
1732,Evelyn,Kim,evelyn.kim.1732@webmail.net,Mexico,2024-06-17
1733,Noah,Kim,noah.kim.1733@inbox.com,South Africa,2024-01-26
1734,James,Park,james.park.1734@company.org,Indonesia,2025-07-31
1735,Henry,Jones,henry.jones.1735@inbox.com,Italy,2024-05-31
1736,Ishaan,Kumar,ishaan.kumar.1736@mail.com,South Korea,2025-05-11
1737,Sara,Iyer,sara.iyer.1737@inbox.com,Netherlands,2023-03-24
1738,Vihaan,Khan,vihaan.khan.1738@inbox.com,UAE,2023-12-10
1739,Aanya,Lopez,aanya.lopez.1739@company.org,France,2023-03-20
1740,Diya,Singh,diya.singh.1740@mail.com,Indonesia,2022-09-08
1741,Anika,Gupta,anika.gupta.1741@inbox.com,India,2024-06-11
1742,Ishaan,Jones,ishaan.jones.1742@inbox.com,Japan,2022-10-14
1743,Anaya,Davis,anaya.davis.1743@example.com,Indonesia,2024-10-30
1744,Liam,Smith,liam.smith.1744@inbox.com,Germany,2023-11-28
1745,Charlotte,Singh,charlotte.singh.1745@inbox.com,Norway,2022-07-08
1746,Vivaan,Johnson,vivaan.johnson.1746@mail.com,Netherlands,2023-12-13
1747,Liam,Khan,liam.khan.1747@company.org,USA,2024-02-28
1748,Noah,Kim,noah.kim.1748@inbox.com,Indonesia,2024-01-07
1749,Mira,Chen,mira.chen.1749@mail.com,Denmark,2025-05-27
1750,Elijah,Nguyen,elijah.nguyen.1750@inbox.com,Italy,2024-12-06
1751,Muhammad,Nguyen,muhammad.nguyen.1751@example.com,Netherlands,2022-08-05
1752,Henry,Gupta,henry.gupta.1752@example.com,South Korea,2023-09-16
1753,Daniel,Liu,daniel.liu.1753@webmail.net,Brazil,2023-07-10
1754,Sai,Brown,sai.brown.1754@company.org,India,2024-09-23
1755,Kiara,Martinez,kiara.martinez.1755@mail.com,Sweden,2025-04-28
1756,Zara,Mehta,zara.mehta.1756@example.com,USA,2024-04-16
1757,Ethan,Park,ethan.park.1757@example.com,Vietnam,2024-03-06
1758,Sophia,Mehta,sophia.mehta.1758@inbox.com,Netherlands,2024-07-25
1759,Benjamin,Miller,benjamin.miller.1759@inbox.com,India,2023-09-10
1760,Shaurya,Lee,shaurya.lee.1760@inbox.com,Spain,2023-08-23
1761,Emma,Sharma,emma.sharma.1761@inbox.com,South Korea,2023-06-30
1762,Aisha,Jones,aisha.jones.1762@example.com,Norway,2022-12-02
1763,Ethan,Nguyen,ethan.nguyen.1763@webmail.net,Spain,2023-03-25
1764,Aanya,Wang,aanya.wang.1764@webmail.net,Philippines,2025-02-05
1765,Mason,Khan,mason.khan.1765@company.org,Denmark,2022-05-14
1766,Shaurya,Mehta,shaurya.mehta.1766@webmail.net,South Korea,2025-09-09
1767,Evelyn,Brown,evelyn.brown.1767@company.org,Canada,2025-03-20
1768,Ava,Reddy,ava.reddy.1768@webmail.net,USA,2024-09-19
1769,Zara,Williams,zara.williams.1769@company.org,France,2023-12-19
1770,Elijah,Chen,elijah.chen.1770@mail.com,Germany,2022-10-16
1771,Ava,Das,ava.das.1771@webmail.net,Norway,2022-03-07
1772,Aisha,Liu,aisha.liu.1772@inbox.com,Denmark,2024-02-07
1773,Henry,Nguyen,henry.nguyen.1773@mail.com,Italy,2022-02-11
1774,Aarav,Khan,aarav.khan.1774@inbox.com,Japan,2024-09-22
1775,Lucas,Gupta,lucas.gupta.1775@inbox.com,South Africa,2023-10-11
1776,Diya,Garcia,diya.garcia.1776@mail.com,Indonesia,2022-02-14
1777,Muhammad,Chen,muhammad.chen.1777@webmail.net,Japan,2022-04-14
1778,Benjamin,Nguyen,benjamin.nguyen.1778@company.org,UAE,2024-01-17
1779,Elijah,Williams,elijah.williams.1779@webmail.net,Japan,2024-12-14
1780,Muhammad,Smith,muhammad.smith.1780@company.org,Sweden,2022-01-28
1781,Sara,Singh,sara.singh.1781@example.com,Denmark,2022-08-16
1782,Liam,Jones,liam.jones.1782@mail.com,Indonesia,2023-07-10
1783,Aanya,Patel,aanya.patel.1783@inbox.com,Japan,2023-10-14
1784,Olivia,Patel,olivia.patel.1784@inbox.com,South Korea,2024-04-02
1785,Arjun,Miller,arjun.miller.1785@mail.com,Australia,2025-04-02
1786,Reyansh,Lopez,reyansh.lopez.1786@company.org,France,2023-05-17
1787,Liam,Liu,liam.liu.1787@inbox.com,Vietnam,2023-02-26
1788,Emma,Gupta,emma.gupta.1788@company.org,Norway,2023-07-01
1789,Shaurya,Sharma,shaurya.sharma.1789@company.org,Germany,2023-03-14
1790,Emma,Chen,emma.chen.1790@webmail.net,Netherlands,2023-06-13
1791,Aanya,Gupta,aanya.gupta.1791@mail.com,Australia,2024-02-21
1792,Pari,Liu,pari.liu.1792@company.org,Australia,2024-08-10
1793,Evelyn,Zhang,evelyn.zhang.1793@company.org,Norway,2024-12-26
1794,Muhammad,Williams,muhammad.williams.1794@example.com,Italy,2022-07-01
1795,Ishaan,Bose,ishaan.bose.1795@webmail.net,USA,2023-06-25
1796,Aisha,Lee,aisha.lee.1796@mail.com,UAE,2025-06-23
1797,Ethan,Kumar,ethan.kumar.1797@company.org,Poland,2025-04-01
1798,Noah,Singh,noah.singh.1798@inbox.com,Indonesia,2022-02-14
1799,Muhammad,Iyer,muhammad.iyer.1799@mail.com,Germany,2024-12-04
1800,Pari,Das,pari.das.1800@mail.com,Germany,2022-07-22
1801,Sai,Williams,sai.williams.1801@example.com,Indonesia,2022-05-01
1802,Vivaan,Chen,vivaan.chen.1802@webmail.net,Netherlands,2022-03-08
1803,Kiara,Gupta,kiara.gupta.1803@company.org,India,2024-07-10
1804,Vihaan,Garcia,vihaan.garcia.1804@inbox.com,United Kingdom,2022-03-09
1805,Arjun,Das,arjun.das.1805@example.com,Vietnam,2025-03-18
1806,Reyansh,Wang,reyansh.wang.1806@company.org,United Kingdom,2022-11-16
1807,James,Kumar,james.kumar.1807@mail.com,Australia,2024-11-07
1808,Olivia,Sharma,olivia.sharma.1808@mail.com,Canada,2025-08-07
1809,Zara,Martinez,zara.martinez.1809@inbox.com,UAE,2022-09-07
1810,Harper,Chen,harper.chen.1810@company.org,Philippines,2023-01-11
1811,Harper,Martinez,harper.martinez.1811@example.com,Canada,2025-06-27
1812,James,Chen,james.chen.1812@company.org,USA,2022-12-04
1813,Kiara,Das,kiara.das.1813@company.org,France,2022-01-07
1814,Reyansh,Bose,reyansh.bose.1814@company.org,Australia,2025-08-15
1815,Lucas,Smith,lucas.smith.1815@company.org,Indonesia,2022-10-15
1816,Ethan,Park,ethan.park.1816@mail.com,United Kingdom,2025-07-20
1817,Olivia,Johnson,olivia.johnson.1817@mail.com,Spain,2024-03-09
1818,Pari,Williams,pari.williams.1818@inbox.com,United Kingdom,2022-07-12
1819,Mia,Gupta,mia.gupta.1819@mail.com,Sweden,2024-02-10
1820,Emma,Lee,emma.lee.1820@company.org,South Korea,2025-01-26
1821,Aditya,Reddy,aditya.reddy.1821@webmail.net,Mexico,2022-06-29
1822,Ava,Das,ava.das.1822@company.org,Italy,2025-02-17
1823,Aisha,Park,aisha.park.1823@mail.com,Italy,2024-05-10
1824,Mason,Das,mason.das.1824@mail.com,Spain,2025-08-23
1825,Arjun,Kumar,arjun.kumar.1825@inbox.com,Netherlands,2022-10-06
1826,Aarav,Park,aarav.park.1826@example.com,Netherlands,2023-09-08
1827,Ethan,Miller,ethan.miller.1827@example.com,Vietnam,2022-07-05
1828,Shaurya,Johnson,shaurya.johnson.1828@company.org,Singapore,2022-06-08
1829,Aanya,Reddy,aanya.reddy.1829@mail.com,UAE,2023-06-11
1830,Kiara,Lopez,kiara.lopez.1830@example.com,Singapore,2022-12-28
1831,Isabella,Nguyen,isabella.nguyen.1831@inbox.com,Netherlands,2025-04-03
1832,James,Martinez,james.martinez.1832@webmail.net,Japan,2023-07-08
1833,Lucas,Park,lucas.park.1833@webmail.net,Poland,2024-01-23
1834,Harper,Menon,harper.menon.1834@webmail.net,Germany,2022-06-17
1835,Muhammad,Menon,muhammad.menon.1835@webmail.net,Netherlands,2022-12-25
1836,Ishaan,Sharma,ishaan.sharma.1836@example.com,United Kingdom,2025-07-13
1837,Arjun,Garcia,arjun.garcia.1837@example.com,Vietnam,2022-10-06
1838,Ava,Lopez,ava.lopez.1838@inbox.com,Vietnam,2022-08-26
1839,Aisha,Lopez,aisha.lopez.1839@example.com,Poland,2025-03-26
1840,Arjun,Park,arjun.park.1840@webmail.net,Sweden,2025-05-16
1841,Mia,Mehta,mia.mehta.1841@webmail.net,South Korea,2024-02-01
1842,Harper,Menon,harper.menon.1842@inbox.com,Norway,2025-06-11
1843,Charlotte,Davis,charlotte.davis.1843@example.com,USA,2023-10-31
1844,Muhammad,Johnson,muhammad.johnson.1844@inbox.com,Italy,2025-08-17
1845,Ava,Jones,ava.jones.1845@example.com,Italy,2022-02-21
1846,Diya,Davis,diya.davis.1846@inbox.com,Vietnam,2025-01-01
1847,Aanya,Garcia,aanya.garcia.1847@mail.com,Spain,2023-05-01
1848,Ava,Garcia,ava.garcia.1848@company.org,United Kingdom,2024-11-14
1849,Amelia,Park,amelia.park.1849@company.org,Norway,2024-06-07
1850,Lucas,Garcia,lucas.garcia.1850@mail.com,Norway,2024-02-27
1851,Vihaan,Johnson,vihaan.johnson.1851@webmail.net,Japan,2024-07-07
1852,Ava,Lopez,ava.lopez.1852@inbox.com,Vietnam,2025-04-05
1853,Mira,Brown,mira.brown.1853@example.com,India,2024-07-06
1854,Aditya,Khan,aditya.khan.1854@inbox.com,UAE,2025-06-11
1855,James,Sharma,james.sharma.1855@inbox.com,South Africa,2023-08-15
1856,Reyansh,Williams,reyansh.williams.1856@inbox.com,UAE,2023-10-02
1857,Olivia,Patel,olivia.patel.1857@mail.com,Vietnam,2023-01-20
1858,Anika,Kim,anika.kim.1858@company.org,South Korea,2022-05-12
1859,Arjun,Zhang,arjun.zhang.1859@example.com,South Korea,2023-06-09
1860,Aanya,Sharma,aanya.sharma.1860@inbox.com,Norway,2022-02-28
1861,Mia,Park,mia.park.1861@company.org,Spain,2024-03-10
1862,Mason,Menon,mason.menon.1862@webmail.net,USA,2024-07-02
1863,Vivaan,Brown,vivaan.brown.1863@company.org,Singapore,2023-08-30
1864,Liam,Martinez,liam.martinez.1864@webmail.net,United Kingdom,2022-06-05
1865,Anaya,Brown,anaya.brown.1865@company.org,Netherlands,2025-06-14
1866,Noah,Singh,noah.singh.1866@inbox.com,Poland,2023-07-19
1867,Isabella,Mehta,isabella.mehta.1867@example.com,Netherlands,2025-07-29
1868,Charlotte,Mehta,charlotte.mehta.1868@inbox.com,South Korea,2022-03-15
1869,Aisha,Martinez,aisha.martinez.1869@mail.com,Singapore,2024-08-28
1870,Sai,Lee,sai.lee.1870@example.com,Denmark,2024-07-08
1871,Noah,Menon,noah.menon.1871@company.org,Canada,2025-05-29
1872,Evelyn,Garcia,evelyn.garcia.1872@mail.com,Spain,2023-06-24
1873,Arjun,Kim,arjun.kim.1873@company.org,South Korea,2025-06-03
1874,Aisha,Williams,aisha.williams.1874@company.org,Vietnam,2023-05-02
1875,Kiara,Williams,kiara.williams.1875@inbox.com,Singapore,2024-08-28
1876,Harper,Jones,harper.jones.1876@company.org,Vietnam,2022-10-08
1877,Vivaan,Kim,vivaan.kim.1877@company.org,Indonesia,2025-09-02
1878,Diya,Martinez,diya.martinez.1878@mail.com,Netherlands,2024-10-23
1879,Mia,Menon,mia.menon.1879@company.org,South Africa,2025-06-10
1880,Daniel,Zhang,daniel.zhang.1880@company.org,Spain,2025-02-02
1881,Vihaan,Miller,vihaan.miller.1881@inbox.com,Australia,2023-12-20
1882,Shaurya,Iyer,shaurya.iyer.1882@inbox.com,Germany,2025-08-04
1883,Isabella,Williams,isabella.williams.1883@example.com,Mexico,2024-09-11
1884,Anaya,Zhang,anaya.zhang.1884@inbox.com,Spain,2025-07-03
1885,Mira,Kim,mira.kim.1885@inbox.com,France,2024-12-02
1886,Benjamin,Iyer,benjamin.iyer.1886@mail.com,Singapore,2022-06-26
1887,Shaurya,Mehta,shaurya.mehta.1887@mail.com,USA,2025-05-23
1888,Aisha,Jones,aisha.jones.1888@company.org,Netherlands,2023-11-09
1889,Isabella,Kim,isabella.kim.1889@mail.com,India,2022-09-05
1890,Zara,Khan,zara.khan.1890@inbox.com,USA,2025-05-11
1891,Zara,Park,zara.park.1891@mail.com,Norway,2024-09-27
1892,Aditya,Nguyen,aditya.nguyen.1892@example.com,Netherlands,2022-03-27
1893,Sai,Brown,sai.brown.1893@inbox.com,Poland,2025-09-09
1894,Arjun,Kumar,arjun.kumar.1894@inbox.com,Spain,2024-11-09
1895,Sai,Johnson,sai.johnson.1895@mail.com,Philippines,2023-01-02
1896,Muhammad,Martinez,muhammad.martinez.1896@company.org,Philippines,2022-07-07
1897,Evelyn,Park,evelyn.park.1897@company.org,Denmark,2023-01-27
1898,Amelia,Kumar,amelia.kumar.1898@mail.com,Canada,2024-07-20
1899,Muhammad,Chen,muhammad.chen.1899@inbox.com,Mexico,2025-07-16
1900,James,Nguyen,james.nguyen.1900@mail.com,Singapore,2023-10-19
1901,Anaya,Khan,anaya.khan.1901@mail.com,United Kingdom,2022-11-29
1902,Zara,Jones,zara.jones.1902@inbox.com,Spain,2025-09-02
1903,James,Patel,james.patel.1903@company.org,Netherlands,2023-08-06
1904,Muhammad,Brown,muhammad.brown.1904@webmail.net,Norway,2024-01-08
1905,Anika,Menon,anika.menon.1905@inbox.com,Germany,2024-01-09
1906,Emma,Liu,emma.liu.1906@example.com,South Korea,2024-09-29
1907,Benjamin,Patel,benjamin.patel.1907@example.com,Philippines,2024-12-08
1908,Anika,Menon,anika.menon.1908@webmail.net,Norway,2023-04-26
1909,Emma,Kumar,emma.kumar.1909@example.com,Vietnam,2024-04-10
1910,Anika,Zhang,anika.zhang.1910@webmail.net,Italy,2022-01-13
1911,Sophia,Bose,sophia.bose.1911@inbox.com,Japan,2022-05-21
1912,Anika,Das,anika.das.1912@mail.com,Australia,2023-11-13
1913,Liam,Kumar,liam.kumar.1913@webmail.net,South Africa,2025-05-11
1914,Aditya,Menon,aditya.menon.1914@webmail.net,Canada,2024-01-02
1915,Mason,Bose,mason.bose.1915@webmail.net,Mexico,2025-09-24
1916,Reyansh,Liu,reyansh.liu.1916@inbox.com,France,2024-02-26
1917,Arjun,Smith,arjun.smith.1917@company.org,Spain,2025-02-06
1918,Henry,Nguyen,henry.nguyen.1918@webmail.net,Mexico,2024-12-15
1919,Vivaan,Chen,vivaan.chen.1919@mail.com,India,2024-09-05
1920,Ethan,Wang,ethan.wang.1920@mail.com,South Africa,2022-01-05
1921,Sophia,Mehta,sophia.mehta.1921@inbox.com,South Africa,2023-05-03
1922,Elijah,Reddy,elijah.reddy.1922@mail.com,United Kingdom,2023-01-23
1923,Evelyn,Lee,evelyn.lee.1923@mail.com,South Africa,2025-08-08
1924,Benjamin,Park,benjamin.park.1924@inbox.com,Spain,2023-12-03
1925,Lucas,Zhang,lucas.zhang.1925@mail.com,Philippines,2023-02-09
1926,Diya,Park,diya.park.1926@inbox.com,Denmark,2025-05-27
1927,Mira,Mehta,mira.mehta.1927@webmail.net,Canada,2023-07-26
1928,Diya,Johnson,diya.johnson.1928@company.org,Singapore,2022-12-15
1929,Vivaan,Sharma,vivaan.sharma.1929@company.org,Norway,2024-08-31
1930,Pari,Bose,pari.bose.1930@webmail.net,Canada,2022-11-04
1931,Sara,Lee,sara.lee.1931@example.com,France,2023-09-15
1932,Daniel,Williams,daniel.williams.1932@inbox.com,Poland,2022-08-20
1933,Sai,Smith,sai.smith.1933@company.org,France,2022-07-02
1934,Aarav,Lee,aarav.lee.1934@webmail.net,Sweden,2025-04-16
1935,Mia,Liu,mia.liu.1935@webmail.net,Vietnam,2022-07-04
1936,Pari,Lee,pari.lee.1936@mail.com,Australia,2025-08-31
1937,Zara,Das,zara.das.1937@webmail.net,Philippines,2023-08-17
1938,Ishaan,Williams,ishaan.williams.1938@company.org,Australia,2022-12-01
1939,Mira,Nguyen,mira.nguyen.1939@mail.com,Vietnam,2023-10-12
1940,Diya,Williams,diya.williams.1940@example.com,Germany,2023-03-27
1941,Sara,Iyer,sara.iyer.1941@webmail.net,Poland,2023-01-21
1942,Emma,Martinez,emma.martinez.1942@webmail.net,Vietnam,2022-05-14
1943,Aarav,Garcia,aarav.garcia.1943@inbox.com,Germany,2024-12-12
1944,Sophia,Park,sophia.park.1944@webmail.net,Australia,2025-01-05
1945,Isabella,Nguyen,isabella.nguyen.1945@inbox.com,Poland,2022-04-24
1946,Reyansh,Davis,reyansh.davis.1946@example.com,India,2023-06-02
1947,Anika,Garcia,anika.garcia.1947@company.org,UAE,2024-11-08
1948,Benjamin,Lee,benjamin.lee.1948@example.com,Philippines,2022-01-09
1949,Sara,Miller,sara.miller.1949@webmail.net,Poland,2023-04-15
1950,Sophia,Park,sophia.park.1950@mail.com,UAE,2024-05-19
1951,Aditya,Martinez,aditya.martinez.1951@inbox.com,France,2022-09-21
1952,Harper,Garcia,harper.garcia.1952@webmail.net,Mexico,2022-07-24
1953,Sai,Brown,sai.brown.1953@company.org,Indonesia,2023-11-04
1954,Shaurya,Menon,shaurya.menon.1954@inbox.com,United Kingdom,2022-03-10
1955,Ishaan,Garcia,ishaan.garcia.1955@inbox.com,Japan,2023-10-31
1956,Mira,Kumar,mira.kumar.1956@company.org,Japan,2025-07-12
1957,Sara,Miller,sara.miller.1957@webmail.net,Mexico,2022-09-14
1958,Liam,Nguyen,liam.nguyen.1958@mail.com,Netherlands,2024-05-13
1959,Ethan,Patel,ethan.patel.1959@mail.com,Australia,2022-03-26
1960,Pari,Singh,pari.singh.1960@webmail.net,India,2023-02-09
1961,Aanya,Lee,aanya.lee.1961@webmail.net,Italy,2022-06-30
1962,Amelia,Patel,amelia.patel.1962@inbox.com,Italy,2025-01-06
1963,Henry,Garcia,henry.garcia.1963@webmail.net,Italy,2022-06-24
1964,Shaurya,Gupta,shaurya.gupta.1964@example.com,UAE,2022-11-13
1965,Mira,Singh,mira.singh.1965@company.org,France,2025-07-01
1966,Zara,Martinez,zara.martinez.1966@company.org,Vietnam,2022-11-26
1967,James,Sharma,james.sharma.1967@company.org,Sweden,2022-10-08
1968,Mason,Bose,mason.bose.1968@mail.com,Canada,2025-04-08
1969,Amelia,Park,amelia.park.1969@inbox.com,United Kingdom,2022-02-10
1970,Mira,Park,mira.park.1970@example.com,Vietnam,2023-09-05
1971,Emma,Martinez,emma.martinez.1971@inbox.com,United Kingdom,2022-08-27
1972,Vivaan,Reddy,vivaan.reddy.1972@webmail.net,Italy,2023-12-07
1973,Zara,Lopez,zara.lopez.1973@example.com,Vietnam,2023-05-27
1974,Aditya,Kim,aditya.kim.1974@webmail.net,Poland,2023-05-20
1975,Elijah,Khan,elijah.khan.1975@example.com,Australia,2025-05-30
1976,Mira,Brown,mira.brown.1976@example.com,India,2024-04-29
1977,Benjamin,Johnson,benjamin.johnson.1977@webmail.net,Canada,2023-02-01
1978,Diya,Iyer,diya.iyer.1978@example.com,Singapore,2022-02-01
1979,Anaya,Singh,anaya.singh.1979@webmail.net,Singapore,2023-03-19
1980,Shaurya,Gupta,shaurya.gupta.1980@webmail.net,South Korea,2025-05-29
1981,Isabella,Nguyen,isabella.nguyen.1981@company.org,South Korea,2022-07-23
1982,Olivia,Park,olivia.park.1982@inbox.com,United Kingdom,2024-03-07
1983,Kiara,Garcia,kiara.garcia.1983@webmail.net,Italy,2024-01-11
1984,Zara,Martinez,zara.martinez.1984@webmail.net,Poland,2022-05-21
1985,Isabella,Wang,isabella.wang.1985@company.org,UAE,2022-10-17
1986,Isabella,Kim,isabella.kim.1986@example.com,Spain,2022-03-04
1987,Harper,Brown,harper.brown.1987@mail.com,Italy,2024-10-03
1988,Shaurya,Bose,shaurya.bose.1988@company.org,Netherlands,2024-09-04
1989,Evelyn,Reddy,evelyn.reddy.1989@webmail.net,South Korea,2023-11-11
1990,Sai,Bose,sai.bose.1990@inbox.com,Netherlands,2022-08-19
1991,Ishaan,Park,ishaan.park.1991@mail.com,South Korea,2024-03-23
1992,Isabella,Das,isabella.das.1992@example.com,Denmark,2024-05-05
1993,Arjun,Bose,arjun.bose.1993@company.org,India,2022-06-17
1994,Harper,Williams,harper.williams.1994@example.com,Spain,2023-12-23
1995,Elijah,Liu,elijah.liu.1995@inbox.com,Japan,2023-01-31
1996,James,Reddy,james.reddy.1996@example.com,Sweden,2022-06-26
1997,Mia,Singh,mia.singh.1997@webmail.net,France,2022-03-12
1998,Sai,Williams,sai.williams.1998@inbox.com,Indonesia,2023-05-03
1999,James,Nguyen,james.nguyen.1999@webmail.net,Italy,2024-08-27
2000,Sara,Brown,sara.brown.2000@mail.com,France,2022-10-15
2001,Sai,Nguyen,sai.nguyen.2001@inbox.com,Poland,2025-09-16
2002,Reyansh,Williams,reyansh.williams.2002@example.com,Norway,2022-01-10
2003,Sophia,Gupta,sophia.gupta.2003@mail.com,USA,2024-10-15
2004,Lucas,Jones,lucas.jones.2004@webmail.net,Indonesia,2025-09-11
2005,Benjamin,Nguyen,benjamin.nguyen.2005@inbox.com,Netherlands,2024-08-18
2006,Daniel,Smith,daniel.smith.2006@webmail.net,Indonesia,2025-06-03
2007,Aisha,Reddy,aisha.reddy.2007@mail.com,Germany,2022-01-22
2008,Kiara,Gupta,kiara.gupta.2008@mail.com,USA,2025-08-27
2009,Vivaan,Mehta,vivaan.mehta.2009@mail.com,Netherlands,2024-10-06
2010,Anika,Williams,anika.williams.2010@company.org,South Africa,2022-10-24
2011,Sai,Das,sai.das.2011@mail.com,Italy,2024-01-07
2012,Isabella,Sharma,isabella.sharma.2012@mail.com,United Kingdom,2022-08-25
2013,Ethan,Garcia,ethan.garcia.2013@example.com,Netherlands,2025-08-28
2014,Ethan,Martinez,ethan.martinez.2014@mail.com,Brazil,2023-04-04
2015,Elijah,Liu,elijah.liu.2015@example.com,Singapore,2023-06-03
2016,Aarav,Gupta,aarav.gupta.2016@webmail.net,South Africa,2023-10-08
2017,Amelia,Nguyen,amelia.nguyen.2017@company.org,Denmark,2025-02-09
2018,Henry,Das,henry.das.2018@webmail.net,India,2023-09-13
2019,Amelia,Miller,amelia.miller.2019@company.org,Denmark,2024-11-20
2020,Amelia,Iyer,amelia.iyer.2020@example.com,Indonesia,2024-03-31
2021,Vivaan,Williams,vivaan.williams.2021@inbox.com,Denmark,2024-05-09
2022,Arjun,Menon,arjun.menon.2022@webmail.net,South Africa,2024-01-06
2023,Muhammad,Garcia,muhammad.garcia.2023@inbox.com,Poland,2023-11-28
2024,Isabella,Sharma,isabella.sharma.2024@inbox.com,France,2025-02-02
2025,Kiara,Garcia,kiara.garcia.2025@webmail.net,UAE,2022-12-27
2026,Harper,Iyer,harper.iyer.2026@inbox.com,Denmark,2024-07-24
2027,Mia,Khan,mia.khan.2027@webmail.net,South Korea,2023-10-10
2028,Emma,Wang,emma.wang.2028@mail.com,Netherlands,2024-08-23
2029,Anaya,Das,anaya.das.2029@example.com,Indonesia,2024-11-02
2030,Lucas,Khan,lucas.khan.2030@mail.com,France,2022-08-31
2031,Benjamin,Garcia,benjamin.garcia.2031@webmail.net,United Kingdom,2024-02-06
2032,Aisha,Iyer,aisha.iyer.2032@company.org,Australia,2022-03-15
2033,Vivaan,Smith,vivaan.smith.2033@inbox.com,Japan,2024-11-17
2034,Aanya,Singh,aanya.singh.2034@example.com,Sweden,2025-06-07
2035,Arjun,Brown,arjun.brown.2035@example.com,Spain,2024-08-17
2036,Pari,Gupta,pari.gupta.2036@mail.com,Norway,2024-01-26
2037,Sara,Brown,sara.brown.2037@example.com,UAE,2025-04-11
2038,Henry,Menon,henry.menon.2038@company.org,Germany,2024-07-27
2039,Reyansh,Lee,reyansh.lee.2039@webmail.net,India,2025-05-26
2040,Mia,Liu,mia.liu.2040@example.com,United Kingdom,2025-04-29
2041,Daniel,Lopez,daniel.lopez.2041@company.org,United Kingdom,2022-03-07
2042,Harper,Gupta,harper.gupta.2042@example.com,France,2025-09-14
2043,Anaya,Bose,anaya.bose.2043@mail.com,UAE,2025-02-05
2044,Mira,Lee,mira.lee.2044@company.org,Italy,2024-02-14
2045,Reyansh,Khan,reyansh.khan.2045@inbox.com,South Africa,2023-06-04
2046,Ishaan,Gupta,ishaan.gupta.2046@webmail.net,Australia,2023-10-08
2047,Aarav,Iyer,aarav.iyer.2047@inbox.com,Netherlands,2023-03-22
2048,Harper,Singh,harper.singh.2048@inbox.com,Canada,2023-08-02
2049,Mason,Smith,mason.smith.2049@mail.com,South Africa,2022-08-24
2050,Evelyn,Williams,evelyn.williams.2050@mail.com,Brazil,2025-05-30
2051,Isabella,Williams,isabella.williams.2051@webmail.net,Spain,2025-08-17
2052,Evelyn,Wang,evelyn.wang.2052@inbox.com,Vietnam,2022-02-16
2053,Ethan,Khan,ethan.khan.2053@company.org,USA,2022-04-19
2054,Sai,Brown,sai.brown.2054@webmail.net,Mexico,2025-04-14
2055,Aanya,Williams,aanya.williams.2055@webmail.net,India,2025-03-25
2056,Aditya,Park,aditya.park.2056@mail.com,South Africa,2024-06-11
2057,Vihaan,Kim,vihaan.kim.2057@company.org,Indonesia,2023-04-05
2058,Mason,Johnson,mason.johnson.2058@company.org,Vietnam,2025-09-19
2059,Aisha,Nguyen,aisha.nguyen.2059@inbox.com,Philippines,2023-06-19
2060,Aarav,Liu,aarav.liu.2060@company.org,Japan,2024-08-06
2061,Shaurya,Lee,shaurya.lee.2061@webmail.net,Singapore,2024-09-27
2062,Anaya,Kumar,anaya.kumar.2062@company.org,Norway,2025-05-09
2063,Daniel,Kim,daniel.kim.2063@inbox.com,Italy,2025-06-15
2064,Sophia,Chen,sophia.chen.2064@inbox.com,Australia,2022-05-11
2065,Aditya,Davis,aditya.davis.2065@webmail.net,Mexico,2025-01-31
2066,Ishaan,Miller,ishaan.miller.2066@inbox.com,Norway,2022-11-29
2067,Sai,Miller,sai.miller.2067@inbox.com,Norway,2024-03-20
2068,Noah,Chen,noah.chen.2068@mail.com,South Africa,2022-02-06
2069,Vivaan,Kumar,vivaan.kumar.2069@company.org,Norway,2023-02-06
2070,Anika,Liu,anika.liu.2070@webmail.net,South Korea,2024-02-24
2071,Muhammad,Nguyen,muhammad.nguyen.2071@inbox.com,India,2023-02-08
2072,Harper,Smith,harper.smith.2072@example.com,United Kingdom,2025-03-21
2073,Muhammad,Jones,muhammad.jones.2073@company.org,South Korea,2025-02-18
2074,Aarav,Jones,aarav.jones.2074@mail.com,Mexico,2025-06-05
2075,James,Martinez,james.martinez.2075@company.org,Indonesia,2025-08-04
2076,Benjamin,Iyer,benjamin.iyer.2076@inbox.com,UAE,2023-03-19
2077,Elijah,Park,elijah.park.2077@webmail.net,Germany,2024-03-18
2078,Anika,Gupta,anika.gupta.2078@company.org,Mexico,2024-06-23
2079,Kiara,Liu,kiara.liu.2079@webmail.net,UAE,2022-06-02
2080,Shaurya,Lee,shaurya.lee.2080@webmail.net,Spain,2022-05-08
2081,Sai,Patel,sai.patel.2081@mail.com,Spain,2024-01-10
2082,Anaya,Jones,anaya.jones.2082@inbox.com,Canada,2024-11-17
2083,Evelyn,Johnson,evelyn.johnson.2083@company.org,Denmark,2024-03-17
2084,Sophia,Zhang,sophia.zhang.2084@company.org,Japan,2024-02-14
2085,Isabella,Jones,isabella.jones.2085@webmail.net,Indonesia,2025-02-10
2086,Mason,Liu,mason.liu.2086@mail.com,France,2024-02-25
2087,Ishaan,Garcia,ishaan.garcia.2087@webmail.net,Indonesia,2022-07-20
2088,Harper,Zhang,harper.zhang.2088@example.com,Sweden,2024-12-14
2089,Anaya,Jones,anaya.jones.2089@example.com,Netherlands,2025-03-05
2090,Aanya,Davis,aanya.davis.2090@example.com,UAE,2024-07-23
2091,Mason,Gupta,mason.gupta.2091@inbox.com,United Kingdom,2024-06-07
2092,Mira,Patel,mira.patel.2092@mail.com,Sweden,2022-07-02
2093,Emma,Das,emma.das.2093@inbox.com,UAE,2023-04-02
2094,Amelia,Sharma,amelia.sharma.2094@mail.com,Germany,2025-05-02
2095,James,Williams,james.williams.2095@inbox.com,India,2023-03-17
2096,Anaya,Singh,anaya.singh.2096@webmail.net,Philippines,2022-01-04
2097,Muhammad,Davis,muhammad.davis.2097@example.com,UAE,2025-09-14
2098,Aditya,Williams,aditya.williams.2098@company.org,Netherlands,2023-04-27
2099,Elijah,Jones,elijah.jones.2099@webmail.net,Mexico,2024-01-09
2100,Benjamin,Khan,benjamin.khan.2100@company.org,Germany,2024-09-15
2101,Mia,Chen,mia.chen.2101@webmail.net,Italy,2022-08-20
2102,Liam,Reddy,liam.reddy.2102@company.org,Poland,2023-09-29
2103,Ava,Iyer,ava.iyer.2103@inbox.com,Singapore,2024-04-20
2104,Aditya,Park,aditya.park.2104@inbox.com,Italy,2024-09-30
2105,Sai,Zhang,sai.zhang.2105@example.com,France,2024-06-07
2106,Aisha,Davis,aisha.davis.2106@example.com,South Africa,2024-09-27
2107,Henry,Reddy,henry.reddy.2107@company.org,Australia,2024-04-21
2108,Elijah,Chen,elijah.chen.2108@company.org,India,2024-03-21
2109,Kiara,Chen,kiara.chen.2109@company.org,Netherlands,2022-01-29
2110,Muhammad,Park,muhammad.park.2110@mail.com,Norway,2022-01-30
2111,Zara,Wang,zara.wang.2111@mail.com,Australia,2025-07-12
2112,James,Jones,james.jones.2112@company.org,Canada,2024-07-31
2113,Liam,Johnson,liam.johnson.2113@example.com,Denmark,2024-02-03
2114,Vivaan,Brown,vivaan.brown.2114@mail.com,Spain,2023-10-07
2115,Vivaan,Zhang,vivaan.zhang.2115@inbox.com,Sweden,2023-08-17
2116,Sara,Reddy,sara.reddy.2116@example.com,United Kingdom,2024-04-21
2117,Aanya,Das,aanya.das.2117@mail.com,Germany,2023-02-01
2118,Sai,Khan,sai.khan.2118@webmail.net,South Korea,2024-11-20
2119,Aanya,Patel,aanya.patel.2119@inbox.com,Poland,2022-10-09
2120,Vivaan,Lee,vivaan.lee.2120@inbox.com,India,2023-08-29
2121,Reyansh,Brown,reyansh.brown.2121@webmail.net,Germany,2023-05-19
2122,Sara,Johnson,sara.johnson.2122@example.com,United Kingdom,2022-11-11
2123,Anika,Chen,anika.chen.2123@company.org,Poland,2023-01-03
2124,Amelia,Miller,amelia.miller.2124@webmail.net,Sweden,2022-06-28
2125,Zara,Patel,zara.patel.2125@webmail.net,Mexico,2024-05-09
2126,Mason,Reddy,mason.reddy.2126@example.com,Netherlands,2023-09-26
2127,Pari,Bose,pari.bose.2127@inbox.com,USA,2024-05-10
2128,James,Park,james.park.2128@mail.com,United Kingdom,2025-03-31
2129,Henry,Kim,henry.kim.2129@inbox.com,Germany,2024-06-01
2130,Mason,Jones,mason.jones.2130@company.org,Canada,2022-11-13
2131,Shaurya,Smith,shaurya.smith.2131@mail.com,Norway,2025-04-29
2132,Anika,Davis,anika.davis.2132@company.org,Spain,2023-12-03
2133,Aditya,Sharma,aditya.sharma.2133@company.org,Italy,2023-03-26
2134,Aanya,Sharma,aanya.sharma.2134@webmail.net,India,2023-03-01
2135,Benjamin,Menon,benjamin.menon.2135@webmail.net,Vietnam,2023-06-30
2136,Anaya,Martinez,anaya.martinez.2136@inbox.com,Sweden,2022-03-12
2137,Aanya,Nguyen,aanya.nguyen.2137@company.org,Norway,2022-04-19
2138,Aisha,Reddy,aisha.reddy.2138@example.com,Singapore,2025-07-14
2139,Ishaan,Nguyen,ishaan.nguyen.2139@inbox.com,Norway,2025-09-26
2140,Isabella,Mehta,isabella.mehta.2140@company.org,Poland,2025-05-30
2141,Liam,Kumar,liam.kumar.2141@inbox.com,Vietnam,2024-09-13
2142,Sara,Chen,sara.chen.2142@webmail.net,Indonesia,2023-03-01
2143,Anika,Park,anika.park.2143@inbox.com,Mexico,2022-11-24
2144,Mia,Lopez,mia.lopez.2144@example.com,Mexico,2024-12-10
2145,Ishaan,Kim,ishaan.kim.2145@company.org,USA,2024-01-11
2146,Aarav,Kumar,aarav.kumar.2146@mail.com,USA,2023-10-04
2147,Henry,Kumar,henry.kumar.2147@webmail.net,Indonesia,2025-03-30
2148,Sophia,Davis,sophia.davis.2148@example.com,Canada,2024-04-16
2149,Vivaan,Kumar,vivaan.kumar.2149@webmail.net,Vietnam,2024-11-10
2150,Muhammad,Smith,muhammad.smith.2150@company.org,Singapore,2023-07-11
2151,Ava,Singh,ava.singh.2151@example.com,Indonesia,2022-07-13
2152,Mia,Smith,mia.smith.2152@webmail.net,Australia,2022-01-15
2153,Pari,Nguyen,pari.nguyen.2153@inbox.com,USA,2024-11-23
2154,Olivia,Mehta,olivia.mehta.2154@company.org,Canada,2024-08-29
2155,Aisha,Wang,aisha.wang.2155@mail.com,Indonesia,2022-12-30
2156,Amelia,Smith,amelia.smith.2156@inbox.com,India,2024-02-05
2157,Benjamin,Mehta,benjamin.mehta.2157@mail.com,USA,2025-06-29
2158,Sophia,Gupta,sophia.gupta.2158@company.org,Japan,2024-02-17
2159,Amelia,Singh,amelia.singh.2159@mail.com,Norway,2024-10-22
2160,Elijah,Park,elijah.park.2160@company.org,Vietnam,2024-05-27
2161,Diya,Reddy,diya.reddy.2161@mail.com,Denmark,2025-03-04
2162,Arjun,Khan,arjun.khan.2162@company.org,Japan,2025-08-21
2163,Pari,Kumar,pari.kumar.2163@inbox.com,Sweden,2022-10-26
2164,Vivaan,Lee,vivaan.lee.2164@company.org,Vietnam,2024-08-12
2165,Sara,Park,sara.park.2165@webmail.net,Norway,2022-01-04
2166,Isabella,Kim,isabella.kim.2166@example.com,Vietnam,2025-08-19
2167,Liam,Williams,liam.williams.2167@inbox.com,Spain,2022-07-09
2168,Evelyn,Jones,evelyn.jones.2168@inbox.com,Netherlands,2024-03-14
2169,Aditya,Kumar,aditya.kumar.2169@mail.com,Philippines,2022-03-14
2170,Zara,Bose,zara.bose.2170@company.org,Spain,2023-11-29
2171,Liam,Sharma,liam.sharma.2171@mail.com,Singapore,2023-06-04
2172,Sai,Kumar,sai.kumar.2172@example.com,Denmark,2025-02-19
2173,Pari,Lee,pari.lee.2173@example.com,Spain,2023-01-24
2174,Kiara,Singh,kiara.singh.2174@inbox.com,Mexico,2022-04-08
2175,Reyansh,Sharma,reyansh.sharma.2175@webmail.net,Netherlands,2025-06-09
2176,Vivaan,Martinez,vivaan.martinez.2176@inbox.com,South Africa,2025-07-29
2177,Sara,Iyer,sara.iyer.2177@webmail.net,United Kingdom,2023-01-06
2178,Noah,Liu,noah.liu.2178@inbox.com,India,2024-03-18
2179,Anika,Reddy,anika.reddy.2179@company.org,Poland,2023-11-13
2180,Reyansh,Kim,reyansh.kim.2180@company.org,Italy,2022-07-13
2181,Sai,Patel,sai.patel.2181@webmail.net,India,2023-05-02
2182,Arjun,Wang,arjun.wang.2182@example.com,Germany,2025-05-31
2183,Ethan,Patel,ethan.patel.2183@company.org,South Korea,2024-08-30
2184,Isabella,Reddy,isabella.reddy.2184@example.com,United Kingdom,2024-05-18
2185,Vihaan,Das,vihaan.das.2185@webmail.net,Singapore,2022-05-29
2186,Daniel,Chen,daniel.chen.2186@mail.com,Spain,2025-09-05
2187,Benjamin,Wang,benjamin.wang.2187@company.org,Vietnam,2022-01-17
2188,Mia,Johnson,mia.johnson.2188@webmail.net,Italy,2025-09-28
2189,Daniel,Lopez,daniel.lopez.2189@inbox.com,United Kingdom,2024-10-08
2190,Vivaan,Jones,vivaan.jones.2190@inbox.com,Sweden,2024-07-02
2191,Kiara,Gupta,kiara.gupta.2191@example.com,United Kingdom,2024-07-13
2192,Arjun,Martinez,arjun.martinez.2192@company.org,Australia,2022-07-15
2193,Harper,Menon,harper.menon.2193@webmail.net,UAE,2024-01-18
2194,Daniel,Jones,daniel.jones.2194@mail.com,France,2022-08-02
2195,Aditya,Patel,aditya.patel.2195@inbox.com,Germany,2024-06-27
2196,Isabella,Miller,isabella.miller.2196@inbox.com,South Africa,2023-04-29
2197,James,Kumar,james.kumar.2197@mail.com,Norway,2022-08-17
2198,Lucas,Das,lucas.das.2198@inbox.com,Poland,2023-03-29
2199,Emma,Sharma,emma.sharma.2199@company.org,Sweden,2024-10-18
2200,Shaurya,Patel,shaurya.patel.2200@company.org,Brazil,2025-06-26
2201,Henry,Zhang,henry.zhang.2201@webmail.net,India,2023-06-19
2202,Kiara,Mehta,kiara.mehta.2202@mail.com,South Africa,2025-05-04
2203,Arjun,Brown,arjun.brown.2203@webmail.net,Australia,2024-12-15
2204,Mia,Lopez,mia.lopez.2204@inbox.com,Indonesia,2025-08-16
2205,James,Martinez,james.martinez.2205@company.org,Mexico,2023-04-11
2206,Mason,Brown,mason.brown.2206@example.com,France,2023-12-07
2207,Aditya,Garcia,aditya.garcia.2207@example.com,Brazil,2024-09-19
2208,Pari,Lee,pari.lee.2208@webmail.net,Brazil,2024-08-27
2209,Anaya,Iyer,anaya.iyer.2209@inbox.com,Netherlands,2025-06-08
2210,Ava,Mehta,ava.mehta.2210@mail.com,Singapore,2025-07-07
2211,Aarav,Smith,aarav.smith.2211@example.com,USA,2023-07-10
2212,Vivaan,Davis,vivaan.davis.2212@mail.com,United Kingdom,2023-03-28
2213,Ethan,Mehta,ethan.mehta.2213@company.org,South Africa,2025-04-04
2214,Emma,Patel,emma.patel.2214@mail.com,USA,2022-11-04
2215,Mira,Singh,mira.singh.2215@inbox.com,Brazil,2025-01-21
2216,Diya,Brown,diya.brown.2216@mail.com,Norway,2022-10-05
2217,Kiara,Sharma,kiara.sharma.2217@inbox.com,France,2022-06-07
2218,Vivaan,Liu,vivaan.liu.2218@mail.com,Vietnam,2023-08-12
2219,Muhammad,Brown,muhammad.brown.2219@inbox.com,Australia,2023-12-10
2220,Anika,Smith,anika.smith.2220@mail.com,UAE,2024-03-29
2221,Daniel,Kumar,daniel.kumar.2221@example.com,Spain,2022-07-04
2222,Shaurya,Kumar,shaurya.kumar.2222@mail.com,Germany,2022-10-25
2223,Charlotte,Johnson,charlotte.johnson.2223@inbox.com,Indonesia,2023-05-09
2224,Benjamin,Williams,benjamin.williams.2224@mail.com,South Africa,2022-03-13
2225,Daniel,Martinez,daniel.martinez.2225@company.org,Australia,2023-04-02
2226,Shaurya,Brown,shaurya.brown.2226@example.com,Brazil,2024-09-04
2227,Zara,Zhang,zara.zhang.2227@company.org,Germany,2024-06-26
2228,Amelia,Mehta,amelia.mehta.2228@example.com,Philippines,2025-05-03
2229,Lucas,Wang,lucas.wang.2229@company.org,Vietnam,2022-04-11
2230,Aanya,Miller,aanya.miller.2230@company.org,Singapore,2023-08-05
2231,Amelia,Miller,amelia.miller.2231@mail.com,Italy,2023-05-15
2232,Emma,Miller,emma.miller.2232@webmail.net,Indonesia,2025-01-16
2233,Amelia,Garcia,amelia.garcia.2233@company.org,Japan,2023-09-15
2234,James,Kim,james.kim.2234@mail.com,India,2022-12-08
2235,Kiara,Jones,kiara.jones.2235@webmail.net,Brazil,2022-12-06
2236,Aisha,Williams,aisha.williams.2236@company.org,Singapore,2022-09-02
2237,Emma,Menon,emma.menon.2237@example.com,Norway,2022-07-28
2238,Sai,Das,sai.das.2238@company.org,Italy,2023-07-01
2239,Pari,Martinez,pari.martinez.2239@webmail.net,India,2024-03-06
2240,Daniel,Brown,daniel.brown.2240@webmail.net,Spain,2023-12-28
2241,Isabella,Williams,isabella.williams.2241@webmail.net,UAE,2023-05-08
2242,Zara,Johnson,zara.johnson.2242@mail.com,USA,2023-11-18
2243,Pari,Menon,pari.menon.2243@example.com,South Africa,2023-07-12
2244,Sai,Das,sai.das.2244@company.org,Sweden,2024-04-29
2245,Sai,Wang,sai.wang.2245@mail.com,Japan,2022-06-02
2246,Muhammad,Reddy,muhammad.reddy.2246@example.com,UAE,2024-04-28
2247,Kiara,Brown,kiara.brown.2247@inbox.com,Australia,2023-01-24
2248,Aisha,Nguyen,aisha.nguyen.2248@inbox.com,Vietnam,2022-10-24
2249,Benjamin,Khan,benjamin.khan.2249@company.org,Indonesia,2023-02-10
2250,Aarav,Chen,aarav.chen.2250@inbox.com,South Korea,2025-07-01
2251,Olivia,Wang,olivia.wang.2251@webmail.net,Singapore,2025-06-30
2252,James,Chen,james.chen.2252@example.com,South Africa,2024-01-04
2253,Harper,Chen,harper.chen.2253@webmail.net,Germany,2022-12-20
2254,Pari,Nguyen,pari.nguyen.2254@mail.com,Philippines,2024-01-08
2255,Pari,Miller,pari.miller.2255@company.org,Denmark,2025-03-22
2256,Mia,Nguyen,mia.nguyen.2256@inbox.com,Italy,2025-05-15
2257,Sai,Brown,sai.brown.2257@webmail.net,Australia,2025-04-11
2258,Mason,Mehta,mason.mehta.2258@webmail.net,Italy,2025-08-18
2259,Henry,Sharma,henry.sharma.2259@mail.com,UAE,2024-06-16
2260,Ishaan,Das,ishaan.das.2260@example.com,Philippines,2024-02-16
2261,Olivia,Brown,olivia.brown.2261@webmail.net,Brazil,2023-10-24
2262,Sophia,Chen,sophia.chen.2262@company.org,Indonesia,2023-04-11
2263,Liam,Martinez,liam.martinez.2263@company.org,USA,2025-05-05
2264,Aditya,Bose,aditya.bose.2264@mail.com,Germany,2023-05-29
2265,Elijah,Kim,elijah.kim.2265@company.org,Poland,2024-06-10
2266,Sophia,Johnson,sophia.johnson.2266@webmail.net,Australia,2022-04-09
2267,Charlotte,Johnson,charlotte.johnson.2267@webmail.net,Australia,2022-06-18
2268,Noah,Martinez,noah.martinez.2268@inbox.com,Italy,2022-05-25
2269,Aanya,Gupta,aanya.gupta.2269@company.org,Vietnam,2022-10-03
2270,Aditya,Liu,aditya.liu.2270@company.org,Indonesia,2024-01-30
2271,Vivaan,Singh,vivaan.singh.2271@example.com,Australia,2023-08-23
2272,Mira,Mehta,mira.mehta.2272@inbox.com,Brazil,2024-10-21
2273,Evelyn,Reddy,evelyn.reddy.2273@example.com,Italy,2023-07-27
2274,Evelyn,Sharma,evelyn.sharma.2274@inbox.com,France,2025-08-28
2275,Mason,Johnson,mason.johnson.2275@example.com,France,2022-07-20
2276,Charlotte,Williams,charlotte.williams.2276@example.com,Netherlands,2023-08-28
2277,Anaya,Khan,anaya.khan.2277@inbox.com,Australia,2023-11-03
2278,Lucas,Singh,lucas.singh.2278@company.org,Poland,2023-04-28
2279,James,Mehta,james.mehta.2279@webmail.net,Sweden,2023-03-04
2280,Kiara,Sharma,kiara.sharma.2280@webmail.net,Germany,2022-04-10
2281,Sophia,Lopez,sophia.lopez.2281@company.org,Brazil,2023-05-26
2282,Elijah,Kumar,elijah.kumar.2282@webmail.net,Netherlands,2023-12-20
2283,Elijah,Patel,elijah.patel.2283@example.com,Philippines,2023-03-24
2284,Mia,Smith,mia.smith.2284@inbox.com,Indonesia,2023-08-31
2285,Daniel,Liu,daniel.liu.2285@webmail.net,France,2023-01-23
2286,Diya,Kumar,diya.kumar.2286@webmail.net,Poland,2023-12-13
2287,Ava,Bose,ava.bose.2287@mail.com,Vietnam,2024-12-21
2288,Elijah,Gupta,elijah.gupta.2288@example.com,Singapore,2023-01-08
2289,Aanya,Menon,aanya.menon.2289@company.org,South Africa,2023-03-30
2290,Arjun,Lee,arjun.lee.2290@mail.com,Philippines,2024-02-06
2291,Mason,Chen,mason.chen.2291@example.com,Norway,2023-07-27
2292,Arjun,Chen,arjun.chen.2292@company.org,United Kingdom,2025-04-05
2293,Liam,Williams,liam.williams.2293@mail.com,Italy,2023-01-28
2294,Anaya,Miller,anaya.miller.2294@webmail.net,India,2022-02-11
2295,Arjun,Kim,arjun.kim.2295@webmail.net,Indonesia,2023-08-16
2296,Noah,Nguyen,noah.nguyen.2296@mail.com,Singapore,2023-09-09
2297,Aditya,Sharma,aditya.sharma.2297@example.com,Japan,2025-01-06
2298,Ishaan,Brown,ishaan.brown.2298@webmail.net,Vietnam,2024-01-24
2299,Mia,Reddy,mia.reddy.2299@company.org,Canada,2024-10-17
2300,Anika,Lee,anika.lee.2300@mail.com,Italy,2024-01-02
2301,Zara,Liu,zara.liu.2301@mail.com,France,2025-07-26
2302,Vivaan,Lopez,vivaan.lopez.2302@mail.com,United Kingdom,2023-04-02
2303,Muhammad,Davis,muhammad.davis.2303@webmail.net,Philippines,2022-09-19
2304,Arjun,Park,arjun.park.2304@inbox.com,USA,2022-08-27
2305,Ethan,Smith,ethan.smith.2305@mail.com,France,2025-01-14
2306,Aditya,Kumar,aditya.kumar.2306@company.org,Vietnam,2022-12-02
2307,Ethan,Lee,ethan.lee.2307@company.org,India,2024-09-22
2308,Reyansh,Johnson,reyansh.johnson.2308@inbox.com,Indonesia,2023-11-21
2309,Vihaan,Lopez,vihaan.lopez.2309@example.com,USA,2025-04-14
2310,Ava,Chen,ava.chen.2310@mail.com,Australia,2023-08-05
2311,Anika,Mehta,anika.mehta.2311@example.com,Canada,2023-10-18
2312,Vivaan,Sharma,vivaan.sharma.2312@mail.com,Mexico,2024-11-22
2313,Arjun,Iyer,arjun.iyer.2313@mail.com,United Kingdom,2025-01-29
2314,Aanya,Patel,aanya.patel.2314@company.org,Spain,2022-06-17
2315,Liam,Brown,liam.brown.2315@mail.com,Norway,2024-08-28
2316,Anaya,Bose,anaya.bose.2316@webmail.net,Norway,2023-10-27
2317,Muhammad,Iyer,muhammad.iyer.2317@example.com,Australia,2023-07-08
2318,Liam,Singh,liam.singh.2318@webmail.net,USA,2024-10-12
2319,Liam,Sharma,liam.sharma.2319@mail.com,Singapore,2023-12-14
2320,Pari,Reddy,pari.reddy.2320@inbox.com,Vietnam,2024-10-06
2321,Daniel,Smith,daniel.smith.2321@example.com,India,2022-12-06
2322,Mason,Das,mason.das.2322@webmail.net,Poland,2022-06-08
2323,Charlotte,Wang,charlotte.wang.2323@mail.com,Denmark,2023-01-27
2324,Reyansh,Lopez,reyansh.lopez.2324@webmail.net,Mexico,2024-11-19
2325,Ishaan,Brown,ishaan.brown.2325@inbox.com,France,2025-08-15
2326,Lucas,Reddy,lucas.reddy.2326@example.com,Mexico,2024-08-03
2327,James,Jones,james.jones.2327@company.org,Singapore,2024-09-22
2328,Pari,Miller,pari.miller.2328@example.com,Denmark,2022-12-28
2329,Vivaan,Lopez,vivaan.lopez.2329@inbox.com,United Kingdom,2023-01-03
2330,Isabella,Chen,isabella.chen.2330@company.org,Brazil,2022-05-04
2331,Vihaan,Khan,vihaan.khan.2331@webmail.net,UAE,2023-04-06
2332,Kiara,Khan,kiara.khan.2332@mail.com,Singapore,2024-09-24
2333,Aditya,Iyer,aditya.iyer.2333@company.org,Philippines,2023-11-21
2334,Noah,Khan,noah.khan.2334@inbox.com,Japan,2024-09-26
2335,Aditya,Miller,aditya.miller.2335@inbox.com,Spain,2025-03-11
2336,Vivaan,Iyer,vivaan.iyer.2336@inbox.com,Philippines,2023-06-17
2337,Anika,Mehta,anika.mehta.2337@example.com,Norway,2024-10-30
2338,Anika,Wang,anika.wang.2338@mail.com,Vietnam,2024-08-02
2339,Ava,Miller,ava.miller.2339@mail.com,Mexico,2023-11-19
2340,Aarav,Reddy,aarav.reddy.2340@example.com,Netherlands,2022-10-26
2341,Vihaan,Kim,vihaan.kim.2341@mail.com,Germany,2022-07-15
2342,Sai,Singh,sai.singh.2342@company.org,Denmark,2025-07-15
2343,Anaya,Iyer,anaya.iyer.2343@example.com,Sweden,2023-10-25
2344,Mia,Das,mia.das.2344@mail.com,France,2023-01-16
2345,Isabella,Singh,isabella.singh.2345@mail.com,Poland,2023-04-16
2346,Mira,Martinez,mira.martinez.2346@mail.com,Italy,2023-02-27
2347,Lucas,Reddy,lucas.reddy.2347@webmail.net,UAE,2023-08-10
2348,Aanya,Garcia,aanya.garcia.2348@webmail.net,Italy,2024-02-24
2349,Daniel,Nguyen,daniel.nguyen.2349@mail.com,Spain,2025-06-27
2350,Lucas,Sharma,lucas.sharma.2350@webmail.net,Singapore,2025-08-19
2351,Sai,Chen,sai.chen.2351@company.org,South Korea,2024-04-14
2352,Shaurya,Davis,shaurya.davis.2352@mail.com,Philippines,2023-02-04
2353,Ava,Jones,ava.jones.2353@webmail.net,South Korea,2023-03-16
2354,Ava,Davis,ava.davis.2354@webmail.net,Poland,2022-04-22
2355,Noah,Khan,noah.khan.2355@webmail.net,Indonesia,2022-11-01
2356,Shaurya,Bose,shaurya.bose.2356@example.com,Australia,2022-01-20
2357,Harper,Nguyen,harper.nguyen.2357@inbox.com,Philippines,2024-02-03
2358,Sophia,Bose,sophia.bose.2358@webmail.net,Spain,2025-02-26
2359,Emma,Johnson,emma.johnson.2359@inbox.com,Netherlands,2024-09-22
2360,James,Reddy,james.reddy.2360@example.com,Spain,2022-07-13
2361,Ava,Bose,ava.bose.2361@mail.com,Denmark,2022-10-29
2362,Isabella,Menon,isabella.menon.2362@inbox.com,Philippines,2024-03-02
2363,Amelia,Kim,amelia.kim.2363@inbox.com,Indonesia,2024-12-17
2364,Vihaan,Kim,vihaan.kim.2364@webmail.net,Singapore,2025-02-16
2365,Anika,Iyer,anika.iyer.2365@example.com,Netherlands,2025-06-17
2366,Emma,Kim,emma.kim.2366@example.com,Indonesia,2024-12-19
2367,Shaurya,Menon,shaurya.menon.2367@webmail.net,Poland,2024-11-23
2368,Shaurya,Menon,shaurya.menon.2368@company.org,Brazil,2024-06-17
2369,Aanya,Sharma,aanya.sharma.2369@example.com,United Kingdom,2024-09-28
2370,Ava,Johnson,ava.johnson.2370@company.org,Indonesia,2022-05-05
2371,Evelyn,Bose,evelyn.bose.2371@webmail.net,Australia,2022-09-15
2372,Isabella,Menon,isabella.menon.2372@inbox.com,Indonesia,2024-02-17
2373,Charlotte,Park,charlotte.park.2373@company.org,Singapore,2023-04-24
2374,Mason,Chen,mason.chen.2374@example.com,Philippines,2022-06-19
2375,Elijah,Chen,elijah.chen.2375@mail.com,UAE,2023-02-22
2376,Anaya,Bose,anaya.bose.2376@webmail.net,Philippines,2024-12-21
2377,Aisha,Sharma,aisha.sharma.2377@webmail.net,France,2022-01-03
2378,Reyansh,Reddy,reyansh.reddy.2378@webmail.net,Indonesia,2024-03-26
2379,Mason,Kim,mason.kim.2379@webmail.net,South Korea,2022-09-23
2380,Diya,Smith,diya.smith.2380@mail.com,France,2022-11-04
2381,Amelia,Singh,amelia.singh.2381@example.com,Sweden,2023-12-02
2382,Elijah,Liu,elijah.liu.2382@mail.com,Australia,2022-11-09
2383,Vihaan,Nguyen,vihaan.nguyen.2383@mail.com,France,2023-02-07
2384,Mason,Jones,mason.jones.2384@company.org,South Africa,2022-06-19
2385,Aanya,Reddy,aanya.reddy.2385@example.com,South Korea,2023-08-10
2386,Muhammad,Menon,muhammad.menon.2386@inbox.com,Canada,2022-02-16
2387,James,Iyer,james.iyer.2387@webmail.net,Netherlands,2024-11-11
2388,Reyansh,Sharma,reyansh.sharma.2388@inbox.com,India,2025-03-13
2389,Aarav,Park,aarav.park.2389@example.com,Denmark,2022-05-31
2390,Anaya,Miller,anaya.miller.2390@webmail.net,USA,2024-07-25
2391,Evelyn,Chen,evelyn.chen.2391@webmail.net,Japan,2024-01-06
2392,Noah,Lopez,noah.lopez.2392@inbox.com,Spain,2023-07-30
2393,Noah,Brown,noah.brown.2393@inbox.com,Brazil,2024-10-30
2394,Sophia,Johnson,sophia.johnson.2394@example.com,Poland,2023-07-08
2395,Noah,Wang,noah.wang.2395@example.com,United Kingdom,2023-12-11
2396,Sophia,Nguyen,sophia.nguyen.2396@example.com,Germany,2024-07-24
2397,Muhammad,Zhang,muhammad.zhang.2397@inbox.com,Sweden,2024-12-22
2398,Anika,Smith,anika.smith.2398@company.org,Italy,2024-12-01
2399,Lucas,Miller,lucas.miller.2399@mail.com,Spain,2022-01-05
2400,Liam,Sharma,liam.sharma.2400@inbox.com,South Africa,2025-09-18
2401,Aditya,Wang,aditya.wang.2401@inbox.com,Philippines,2024-11-19
2402,Ethan,Iyer,ethan.iyer.2402@webmail.net,Poland,2023-09-14
2403,Daniel,Wang,daniel.wang.2403@inbox.com,Canada,2023-10-27
2404,Lucas,Park,lucas.park.2404@example.com,Indonesia,2025-02-14
2405,Ava,Das,ava.das.2405@mail.com,Poland,2025-01-10
2406,Shaurya,Zhang,shaurya.zhang.2406@company.org,Sweden,2025-05-04
2407,Harper,Patel,harper.patel.2407@webmail.net,Germany,2025-05-22
2408,Sai,Das,sai.das.2408@company.org,Vietnam,2025-09-20
2409,Mia,Singh,mia.singh.2409@example.com,Italy,2024-01-20
2410,Charlotte,Iyer,charlotte.iyer.2410@mail.com,Brazil,2022-09-22
2411,Sai,Gupta,sai.gupta.2411@example.com,Spain,2022-09-06
2412,Liam,Kumar,liam.kumar.2412@inbox.com,Singapore,2022-12-09
2413,Sara,Park,sara.park.2413@example.com,Netherlands,2024-10-30
2414,Ishaan,Bose,ishaan.bose.2414@webmail.net,Norway,2022-05-21
2415,Noah,Zhang,noah.zhang.2415@company.org,Brazil,2025-04-05
2416,Benjamin,Reddy,benjamin.reddy.2416@inbox.com,South Africa,2023-08-09
2417,Ava,Kim,ava.kim.2417@company.org,South Africa,2025-08-22
2418,Isabella,Wang,isabella.wang.2418@mail.com,Brazil,2023-02-07
2419,Muhammad,Das,muhammad.das.2419@example.com,Canada,2022-05-19
2420,Noah,Nguyen,noah.nguyen.2420@mail.com,Denmark,2025-03-02
2421,Muhammad,Martinez,muhammad.martinez.2421@mail.com,UAE,2025-08-18
2422,Liam,Johnson,liam.johnson.2422@example.com,Denmark,2023-04-28
2423,Vihaan,Martinez,vihaan.martinez.2423@mail.com,Norway,2025-08-08
2424,Ava,Williams,ava.williams.2424@inbox.com,Mexico,2025-05-23
2425,Ishaan,Miller,ishaan.miller.2425@company.org,Vietnam,2024-07-06
2426,Pari,Gupta,pari.gupta.2426@example.com,Singapore,2024-04-16
2427,Mia,Brown,mia.brown.2427@inbox.com,Germany,2025-07-24
2428,Pari,Garcia,pari.garcia.2428@webmail.net,Vietnam,2022-08-18
2429,Benjamin,Das,benjamin.das.2429@example.com,Germany,2024-07-19
2430,Liam,Das,liam.das.2430@example.com,Sweden,2023-03-01
2431,Elijah,Garcia,elijah.garcia.2431@mail.com,South Africa,2024-02-08
2432,Mira,Lee,mira.lee.2432@example.com,Singapore,2025-06-12
2433,Noah,Khan,noah.khan.2433@mail.com,Indonesia,2025-08-10
2434,Pari,Lee,pari.lee.2434@example.com,Philippines,2025-09-06
2435,Diya,Zhang,diya.zhang.2435@webmail.net,Netherlands,2023-04-10
2436,Aanya,Sharma,aanya.sharma.2436@webmail.net,Norway,2023-06-09
2437,Isabella,Park,isabella.park.2437@inbox.com,Netherlands,2025-03-23
2438,Sophia,Johnson,sophia.johnson.2438@company.org,Canada,2025-02-02
2439,Mira,Das,mira.das.2439@mail.com,Indonesia,2024-12-25
2440,Henry,Johnson,henry.johnson.2440@mail.com,United Kingdom,2023-05-18
2441,James,Zhang,james.zhang.2441@inbox.com,India,2023-12-12
2442,Aanya,Martinez,aanya.martinez.2442@webmail.net,Germany,2024-12-17
2443,Lucas,Das,lucas.das.2443@mail.com,Germany,2022-12-05
2444,Kiara,Nguyen,kiara.nguyen.2444@example.com,South Africa,2023-07-17
2445,Elijah,Gupta,elijah.gupta.2445@mail.com,Vietnam,2023-08-08
2446,Isabella,Park,isabella.park.2446@example.com,France,2022-05-30
2447,Olivia,Garcia,olivia.garcia.2447@example.com,France,2022-07-02
2448,Harper,Kim,harper.kim.2448@company.org,Mexico,2023-11-05
2449,Shaurya,Kim,shaurya.kim.2449@webmail.net,Philippines,2023-01-16
2450,Aditya,Gupta,aditya.gupta.2450@webmail.net,Brazil,2024-01-30
2451,Aisha,Lee,aisha.lee.2451@mail.com,Poland,2024-10-11
2452,Ava,Chen,ava.chen.2452@example.com,Indonesia,2025-04-23
2453,Mia,Zhang,mia.zhang.2453@webmail.net,South Africa,2023-03-04
2454,Ethan,Smith,ethan.smith.2454@example.com,USA,2022-07-01
2455,Sai,Gupta,sai.gupta.2455@company.org,Netherlands,2022-12-16
2456,Vivaan,Martinez,vivaan.martinez.2456@company.org,Denmark,2024-01-15
2457,Zara,Lee,zara.lee.2457@example.com,Philippines,2025-05-18
2458,James,Singh,james.singh.2458@webmail.net,Singapore,2024-09-28
2459,Isabella,Das,isabella.das.2459@mail.com,Denmark,2022-06-04
2460,Liam,Reddy,liam.reddy.2460@company.org,Indonesia,2022-10-15
2461,Sophia,Liu,sophia.liu.2461@example.com,Indonesia,2023-09-04
2462,Henry,Liu,henry.liu.2462@company.org,Norway,2024-01-29
2463,Arjun,Miller,arjun.miller.2463@company.org,Denmark,2025-01-13
2464,Muhammad,Chen,muhammad.chen.2464@example.com,Australia,2022-10-08
2465,Benjamin,Lee,benjamin.lee.2465@example.com,France,2024-05-11
2466,Ethan,Wang,ethan.wang.2466@example.com,Mexico,2022-03-02
2467,Ishaan,Martinez,ishaan.martinez.2467@mail.com,Australia,2022-05-17
2468,Henry,Menon,henry.menon.2468@example.com,India,2022-07-13
2469,Harper,Das,harper.das.2469@company.org,UAE,2022-09-24
2470,Isabella,Park,isabella.park.2470@mail.com,USA,2023-04-12
2471,Aditya,Miller,aditya.miller.2471@company.org,South Korea,2023-11-23
2472,Ishaan,Martinez,ishaan.martinez.2472@inbox.com,Netherlands,2024-03-22
2473,Olivia,Lopez,olivia.lopez.2473@company.org,Norway,2022-11-22
2474,Reyansh,Park,reyansh.park.2474@mail.com,India,2022-02-27
2475,Kiara,Khan,kiara.khan.2475@mail.com,South Korea,2022-07-28
2476,Benjamin,Davis,benjamin.davis.2476@company.org,Australia,2023-07-12
2477,Zara,Khan,zara.khan.2477@company.org,Philippines,2023-10-18
2478,Arjun,Davis,arjun.davis.2478@inbox.com,Japan,2023-08-17
2479,Aanya,Johnson,aanya.johnson.2479@example.com,Italy,2023-01-30
2480,Isabella,Lee,isabella.lee.2480@company.org,Germany,2022-11-13
2481,Arjun,Kim,arjun.kim.2481@inbox.com,Philippines,2024-09-10
2482,Kiara,Lee,kiara.lee.2482@company.org,UAE,2024-10-18
2483,Harper,Lopez,harper.lopez.2483@webmail.net,France,2025-06-30
2484,Shaurya,Brown,shaurya.brown.2484@webmail.net,Spain,2022-02-10
2485,Benjamin,Iyer,benjamin.iyer.2485@inbox.com,Canada,2022-07-13
2486,Charlotte,Gupta,charlotte.gupta.2486@company.org,Vietnam,2023-09-24
2487,Arjun,Brown,arjun.brown.2487@example.com,South Africa,2023-07-18
2488,Noah,Chen,noah.chen.2488@mail.com,Japan,2025-09-11
2489,Pari,Menon,pari.menon.2489@example.com,USA,2023-08-09
2490,Pari,Johnson,pari.johnson.2490@example.com,United Kingdom,2022-09-30
2491,Evelyn,Nguyen,evelyn.nguyen.2491@company.org,South Korea,2025-06-29
2492,Amelia,Gupta,amelia.gupta.2492@inbox.com,Sweden,2024-12-24
2493,Elijah,Zhang,elijah.zhang.2493@company.org,South Korea,2023-02-26
2494,Benjamin,Gupta,benjamin.gupta.2494@mail.com,India,2023-05-09
2495,Ava,Singh,ava.singh.2495@company.org,UAE,2024-05-06
2496,Benjamin,Kumar,benjamin.kumar.2496@webmail.net,Singapore,2024-07-09
2497,Ishaan,Menon,ishaan.menon.2497@company.org,USA,2025-01-12
2498,Shaurya,Park,shaurya.park.2498@mail.com,Germany,2023-08-12
2499,Elijah,Nguyen,elijah.nguyen.2499@example.com,Japan,2025-01-31
2500,Emma,Lee,emma.lee.2500@company.org,Brazil,2023-10-12
2501,Mia,Singh,mia.singh.2501@inbox.com,Italy,2025-05-25
2502,Mia,Miller,mia.miller.2502@inbox.com,South Korea,2023-10-27
2503,Evelyn,Lee,evelyn.lee.2503@inbox.com,Brazil,2024-09-14
2504,Sai,Das,sai.das.2504@inbox.com,Spain,2025-08-06
2505,Sai,Kim,sai.kim.2505@example.com,Canada,2025-02-07
2506,Anika,Reddy,anika.reddy.2506@company.org,France,2022-03-31
2507,Sai,Nguyen,sai.nguyen.2507@company.org,South Korea,2024-02-05
2508,Aarav,Williams,aarav.williams.2508@company.org,Vietnam,2025-02-09
2509,Ishaan,Garcia,ishaan.garcia.2509@company.org,Netherlands,2024-11-30
2510,Charlotte,Lee,charlotte.lee.2510@webmail.net,United Kingdom,2022-01-22
2511,Daniel,Mehta,daniel.mehta.2511@example.com,Philippines,2025-01-14
2512,Isabella,Lee,isabella.lee.2512@inbox.com,Norway,2023-01-15
2513,Evelyn,Park,evelyn.park.2513@example.com,Poland,2024-08-01
2514,Ethan,Singh,ethan.singh.2514@company.org,Vietnam,2022-12-16
2515,Diya,Reddy,diya.reddy.2515@mail.com,UAE,2024-03-08
2516,Olivia,Patel,olivia.patel.2516@webmail.net,Spain,2023-08-12
2517,Aanya,Smith,aanya.smith.2517@inbox.com,United Kingdom,2024-11-20
2518,Anika,Liu,anika.liu.2518@example.com,Norway,2023-03-27
2519,Aisha,Garcia,aisha.garcia.2519@inbox.com,South Korea,2022-11-27
2520,Aarav,Nguyen,aarav.nguyen.2520@company.org,South Africa,2023-09-04
2521,Anaya,Bose,anaya.bose.2521@company.org,South Korea,2025-07-06
2522,Aditya,Bose,aditya.bose.2522@company.org,Italy,2025-08-10
2523,Amelia,Patel,amelia.patel.2523@example.com,UAE,2024-08-14
2524,Mia,Brown,mia.brown.2524@inbox.com,South Korea,2022-06-16
2525,Aarav,Smith,aarav.smith.2525@mail.com,Philippines,2023-09-17
2526,Olivia,Sharma,olivia.sharma.2526@webmail.net,United Kingdom,2024-02-04
2527,Kiara,Reddy,kiara.reddy.2527@company.org,Sweden,2022-08-27
2528,Mason,Gupta,mason.gupta.2528@example.com,Netherlands,2022-08-30
2529,Sara,Iyer,sara.iyer.2529@webmail.net,Netherlands,2023-08-05
2530,Aisha,Smith,aisha.smith.2530@mail.com,Spain,2024-04-13
2531,Zara,Gupta,zara.gupta.2531@webmail.net,Italy,2022-09-09
2532,Ishaan,Smith,ishaan.smith.2532@webmail.net,Philippines,2022-01-10
2533,Olivia,Kumar,olivia.kumar.2533@mail.com,Indonesia,2022-06-21
2534,Kiara,Das,kiara.das.2534@mail.com,India,2023-09-05
2535,Mason,Nguyen,mason.nguyen.2535@example.com,Mexico,2022-09-07
2536,Kiara,Garcia,kiara.garcia.2536@inbox.com,Vietnam,2022-07-04
2537,Mason,Garcia,mason.garcia.2537@webmail.net,Norway,2025-05-27
2538,Ishaan,Brown,ishaan.brown.2538@company.org,Singapore,2025-02-01
2539,Ava,Khan,ava.khan.2539@example.com,United Kingdom,2025-05-16
2540,Vivaan,Khan,vivaan.khan.2540@inbox.com,Germany,2024-02-16
2541,Aarav,Chen,aarav.chen.2541@mail.com,Vietnam,2022-03-22
2542,Noah,Williams,noah.williams.2542@example.com,Poland,2023-11-06
2543,Lucas,Das,lucas.das.2543@webmail.net,South Korea,2022-05-09
2544,Isabella,Iyer,isabella.iyer.2544@mail.com,Poland,2025-02-06
2545,Harper,Singh,harper.singh.2545@inbox.com,Brazil,2025-04-06
2546,Muhammad,Zhang,muhammad.zhang.2546@mail.com,Japan,2024-11-01
2547,Isabella,Mehta,isabella.mehta.2547@example.com,Netherlands,2024-12-25
2548,Harper,Lopez,harper.lopez.2548@mail.com,France,2025-08-20
2549,James,Kim,james.kim.2549@mail.com,South Africa,2022-12-23
2550,Muhammad,Khan,muhammad.khan.2550@example.com,Singapore,2023-03-02
2551,Kiara,Bose,kiara.bose.2551@webmail.net,Germany,2022-01-28
2552,Daniel,Mehta,daniel.mehta.2552@example.com,Canada,2023-08-14
2553,Mason,Miller,mason.miller.2553@mail.com,South Korea,2022-12-11
2554,Noah,Williams,noah.williams.2554@example.com,Netherlands,2024-03-03
2555,Isabella,Kim,isabella.kim.2555@inbox.com,India,2022-06-20
2556,Zara,Smith,zara.smith.2556@inbox.com,Japan,2025-01-10
2557,Mason,Iyer,mason.iyer.2557@example.com,Mexico,2022-10-10
2558,Aditya,Sharma,aditya.sharma.2558@inbox.com,India,2022-11-26
2559,Mira,Garcia,mira.garcia.2559@company.org,Japan,2022-06-06
2560,Isabella,Singh,isabella.singh.2560@webmail.net,Japan,2023-07-19
2561,Noah,Das,noah.das.2561@example.com,United Kingdom,2024-11-05
2562,Aarav,Park,aarav.park.2562@mail.com,Norway,2023-05-30
2563,Emma,Nguyen,emma.nguyen.2563@company.org,UAE,2024-04-01
2564,Benjamin,Smith,benjamin.smith.2564@inbox.com,Brazil,2022-11-23
2565,James,Johnson,james.johnson.2565@example.com,Canada,2022-07-22
2566,Benjamin,Gupta,benjamin.gupta.2566@company.org,India,2024-10-13
2567,Kiara,Mehta,kiara.mehta.2567@webmail.net,Indonesia,2022-06-03
2568,Arjun,Davis,arjun.davis.2568@inbox.com,Poland,2023-04-14
2569,Lucas,Chen,lucas.chen.2569@company.org,Australia,2025-01-24
2570,Shaurya,Patel,shaurya.patel.2570@mail.com,Germany,2023-10-12
2571,Henry,Lee,henry.lee.2571@company.org,Japan,2023-06-24
2572,Emma,Jones,emma.jones.2572@example.com,South Africa,2023-11-09
2573,Arjun,Garcia,arjun.garcia.2573@company.org,Spain,2024-02-22
2574,Vivaan,Singh,vivaan.singh.2574@inbox.com,Poland,2024-12-18
2575,Ishaan,Das,ishaan.das.2575@company.org,India,2022-04-05
2576,Kiara,Nguyen,kiara.nguyen.2576@webmail.net,Singapore,2024-11-29
2577,Charlotte,Zhang,charlotte.zhang.2577@example.com,Sweden,2022-09-15
2578,Ethan,Chen,ethan.chen.2578@webmail.net,Sweden,2024-05-23
2579,Ava,Johnson,ava.johnson.2579@inbox.com,Poland,2022-11-18
2580,Diya,Sharma,diya.sharma.2580@company.org,France,2022-12-05
2581,James,Lee,james.lee.2581@company.org,USA,2023-12-09
2582,Harper,Lee,harper.lee.2582@company.org,Philippines,2023-02-07
2583,Aisha,Zhang,aisha.zhang.2583@inbox.com,Brazil,2025-01-05
2584,Zara,Davis,zara.davis.2584@mail.com,United Kingdom,2022-12-14
2585,Aditya,Davis,aditya.davis.2585@inbox.com,Brazil,2022-03-02
2586,Shaurya,Kumar,shaurya.kumar.2586@mail.com,Japan,2023-02-25
2587,Vihaan,Kim,vihaan.kim.2587@mail.com,Brazil,2024-04-10
2588,Muhammad,Sharma,muhammad.sharma.2588@inbox.com,South Africa,2024-09-09
2589,Benjamin,Smith,benjamin.smith.2589@example.com,Mexico,2024-12-31
2590,Henry,Menon,henry.menon.2590@mail.com,Philippines,2023-09-27
2591,Daniel,Das,daniel.das.2591@example.com,Mexico,2024-08-30
2592,Aarav,Liu,aarav.liu.2592@mail.com,UAE,2025-02-08
2593,Zara,Singh,zara.singh.2593@example.com,Japan,2024-04-14
2594,James,Gupta,james.gupta.2594@webmail.net,Philippines,2024-10-12
2595,Sara,Zhang,sara.zhang.2595@company.org,South Africa,2024-05-05
2596,Anaya,Liu,anaya.liu.2596@mail.com,Italy,2023-05-19
2597,Zara,Mehta,zara.mehta.2597@webmail.net,Denmark,2022-08-30
2598,Ethan,Iyer,ethan.iyer.2598@webmail.net,Philippines,2023-07-27
2599,Shaurya,Kumar,shaurya.kumar.2599@example.com,Netherlands,2024-02-10
2600,Diya,Jones,diya.jones.2600@mail.com,France,2022-10-21
2601,Elijah,Garcia,elijah.garcia.2601@mail.com,Philippines,2024-10-02
2602,Mira,Sharma,mira.sharma.2602@mail.com,South Korea,2022-10-04
2603,Sophia,Park,sophia.park.2603@mail.com,Poland,2022-04-18
2604,Shaurya,Reddy,shaurya.reddy.2604@mail.com,Spain,2023-12-08
2605,Sophia,Gupta,sophia.gupta.2605@company.org,Philippines,2022-08-02
2606,Aarav,Lopez,aarav.lopez.2606@webmail.net,United Kingdom,2023-08-20
2607,Vivaan,Gupta,vivaan.gupta.2607@example.com,USA,2022-07-25
2608,Anika,Chen,anika.chen.2608@inbox.com,Canada,2022-08-10
2609,Benjamin,Sharma,benjamin.sharma.2609@example.com,USA,2024-04-22
2610,Noah,Zhang,noah.zhang.2610@example.com,Indonesia,2022-11-11
2611,Ishaan,Garcia,ishaan.garcia.2611@webmail.net,Denmark,2025-06-20
2612,Aanya,Das,aanya.das.2612@webmail.net,Mexico,2022-08-29
2613,Anika,Patel,anika.patel.2613@inbox.com,Norway,2024-09-01
2614,Charlotte,Gupta,charlotte.gupta.2614@example.com,USA,2022-06-09
2615,Charlotte,Das,charlotte.das.2615@company.org,United Kingdom,2025-07-23
2616,Mason,Khan,mason.khan.2616@mail.com,USA,2022-02-07
2617,Pari,Williams,pari.williams.2617@mail.com,Singapore,2023-07-03
2618,Mira,Iyer,mira.iyer.2618@webmail.net,Vietnam,2024-12-02
2619,Muhammad,Garcia,muhammad.garcia.2619@example.com,France,2022-12-15
2620,Reyansh,Das,reyansh.das.2620@example.com,UAE,2024-08-14
2621,Noah,Gupta,noah.gupta.2621@example.com,UAE,2022-03-09
2622,Benjamin,Khan,benjamin.khan.2622@webmail.net,France,2024-04-04
2623,Noah,Lopez,noah.lopez.2623@webmail.net,France,2022-08-22
2624,Aisha,Lopez,aisha.lopez.2624@inbox.com,South Korea,2025-09-21
2625,Reyansh,Menon,reyansh.menon.2625@inbox.com,Netherlands,2023-02-17
2626,Arjun,Wang,arjun.wang.2626@mail.com,USA,2025-04-23
2627,Shaurya,Brown,shaurya.brown.2627@webmail.net,Germany,2023-11-25
2628,Lucas,Liu,lucas.liu.2628@example.com,Canada,2024-06-16
2629,Isabella,Nguyen,isabella.nguyen.2629@mail.com,Japan,2022-05-21
2630,Liam,Khan,liam.khan.2630@webmail.net,France,2023-07-02
2631,Liam,Garcia,liam.garcia.2631@webmail.net,Spain,2024-12-13
2632,Mason,Lopez,mason.lopez.2632@inbox.com,South Africa,2022-08-03
2633,Anika,Johnson,anika.johnson.2633@company.org,Spain,2024-02-12
2634,Charlotte,Davis,charlotte.davis.2634@company.org,Netherlands,2024-04-12
2635,Pari,Johnson,pari.johnson.2635@company.org,Canada,2025-01-15
2636,Mason,Miller,mason.miller.2636@mail.com,Denmark,2024-12-28
2637,Sai,Iyer,sai.iyer.2637@example.com,UAE,2022-11-12
2638,Vivaan,Smith,vivaan.smith.2638@webmail.net,Norway,2022-07-27
2639,Muhammad,Patel,muhammad.patel.2639@inbox.com,UAE,2025-08-11
2640,Ishaan,Das,ishaan.das.2640@mail.com,Italy,2025-07-21
2641,Henry,Bose,henry.bose.2641@mail.com,Spain,2022-11-24
2642,Pari,Patel,pari.patel.2642@mail.com,Philippines,2022-07-02
2643,Shaurya,Johnson,shaurya.johnson.2643@example.com,Philippines,2024-12-17
2644,Isabella,Smith,isabella.smith.2644@example.com,India,2024-10-26
2645,James,Reddy,james.reddy.2645@company.org,Netherlands,2025-09-14
2646,Aanya,Sharma,aanya.sharma.2646@inbox.com,Germany,2022-08-08
2647,Sai,Iyer,sai.iyer.2647@example.com,Canada,2024-06-03
2648,Mason,Khan,mason.khan.2648@webmail.net,France,2025-03-01
2649,Ishaan,Nguyen,ishaan.nguyen.2649@inbox.com,Sweden,2024-01-01
2650,Mason,Nguyen,mason.nguyen.2650@webmail.net,Mexico,2025-04-28
2651,Aarav,Das,aarav.das.2651@mail.com,United Kingdom,2022-04-04
2652,Aditya,Lopez,aditya.lopez.2652@company.org,France,2022-09-07
2653,Aarav,Johnson,aarav.johnson.2653@webmail.net,Spain,2024-05-10
2654,Sara,Bose,sara.bose.2654@company.org,Denmark,2023-04-21
2655,Pari,Williams,pari.williams.2655@inbox.com,France,2022-05-23
2656,Evelyn,Johnson,evelyn.johnson.2656@mail.com,Germany,2023-09-15
2657,Daniel,Patel,daniel.patel.2657@webmail.net,Brazil,2022-10-13
2658,Henry,Lopez,henry.lopez.2658@webmail.net,Canada,2024-01-12
2659,Liam,Kim,liam.kim.2659@webmail.net,South Africa,2025-07-09
2660,Ava,Singh,ava.singh.2660@inbox.com,India,2024-10-01
2661,Isabella,Mehta,isabella.mehta.2661@example.com,Japan,2022-06-12
2662,Arjun,Smith,arjun.smith.2662@inbox.com,Poland,2022-02-13
2663,Anika,Das,anika.das.2663@company.org,France,2022-06-15
2664,Arjun,Mehta,arjun.mehta.2664@example.com,Poland,2025-03-21
2665,Aisha,Mehta,aisha.mehta.2665@mail.com,Norway,2024-09-18
2666,Aditya,Iyer,aditya.iyer.2666@example.com,Japan,2024-06-04
2667,Elijah,Patel,elijah.patel.2667@webmail.net,Denmark,2022-03-12
2668,Vihaan,Brown,vihaan.brown.2668@inbox.com,Canada,2022-01-14
2669,Olivia,Chen,olivia.chen.2669@webmail.net,South Korea,2024-02-17
2670,Kiara,Brown,kiara.brown.2670@inbox.com,Singapore,2022-07-21
2671,Reyansh,Brown,reyansh.brown.2671@company.org,Spain,2022-06-06
2672,Harper,Wang,harper.wang.2672@example.com,Germany,2024-07-01
2673,Ava,Garcia,ava.garcia.2673@example.com,Denmark,2023-03-27
2674,Aanya,Khan,aanya.khan.2674@webmail.net,Vietnam,2022-05-03
2675,Sai,Lee,sai.lee.2675@mail.com,Brazil,2025-06-08
2676,Shaurya,Chen,shaurya.chen.2676@mail.com,Indonesia,2024-02-19
2677,Evelyn,Nguyen,evelyn.nguyen.2677@company.org,Poland,2025-04-09
2678,Noah,Jones,noah.jones.2678@inbox.com,Germany,2023-03-28
2679,Emma,Lopez,emma.lopez.2679@example.com,Spain,2025-01-12
2680,Ava,Iyer,ava.iyer.2680@company.org,Australia,2024-07-31
2681,Arjun,Khan,arjun.khan.2681@webmail.net,Denmark,2022-06-01
2682,Aarav,Khan,aarav.khan.2682@company.org,South Korea,2025-09-09
2683,Sai,Garcia,sai.garcia.2683@webmail.net,United Kingdom,2023-05-03
2684,Aanya,Bose,aanya.bose.2684@mail.com,South Korea,2022-04-16
2685,Zara,Martinez,zara.martinez.2685@inbox.com,UAE,2022-05-19
2686,Arjun,Singh,arjun.singh.2686@webmail.net,Indonesia,2023-02-05
2687,Lucas,Menon,lucas.menon.2687@mail.com,Italy,2022-07-12
2688,Elijah,Garcia,elijah.garcia.2688@inbox.com,India,2025-08-27
2689,Mira,Johnson,mira.johnson.2689@company.org,Spain,2024-11-23
2690,Ishaan,Jones,ishaan.jones.2690@company.org,UAE,2025-08-05
2691,Daniel,Brown,daniel.brown.2691@example.com,UAE,2024-11-25
2692,Mason,Miller,mason.miller.2692@inbox.com,Italy,2025-09-25
2693,Aditya,Lopez,aditya.lopez.2693@example.com,South Africa,2025-02-25
2694,Anika,Lee,anika.lee.2694@example.com,Norway,2022-08-29
2695,Reyansh,Das,reyansh.das.2695@mail.com,Singapore,2024-06-04
2696,Sophia,Zhang,sophia.zhang.2696@mail.com,Canada,2023-08-27
2697,Mia,Park,mia.park.2697@inbox.com,Canada,2023-12-25
2698,Mia,Kim,mia.kim.2698@webmail.net,Norway,2022-06-19
2699,Sai,Singh,sai.singh.2699@example.com,Philippines,2023-09-09
2700,Isabella,Mehta,isabella.mehta.2700@inbox.com,Singapore,2022-04-11
2701,Liam,Brown,liam.brown.2701@webmail.net,Poland,2022-11-27
2702,Lucas,Gupta,lucas.gupta.2702@webmail.net,Japan,2022-03-01
2703,Charlotte,Khan,charlotte.khan.2703@mail.com,Netherlands,2024-09-21
2704,Anaya,Brown,anaya.brown.2704@example.com,Denmark,2024-07-22
2705,Ava,Patel,ava.patel.2705@webmail.net,UAE,2024-01-06
2706,Anaya,Patel,anaya.patel.2706@example.com,Australia,2025-03-24
2707,Isabella,Menon,isabella.menon.2707@mail.com,Japan,2022-05-10
2708,Shaurya,Reddy,shaurya.reddy.2708@webmail.net,Japan,2022-05-07
2709,Aisha,Zhang,aisha.zhang.2709@webmail.net,Indonesia,2025-09-15
2710,Mason,Miller,mason.miller.2710@inbox.com,Australia,2022-10-13
2711,Vihaan,Reddy,vihaan.reddy.2711@inbox.com,Spain,2025-03-16
2712,Aisha,Singh,aisha.singh.2712@inbox.com,Australia,2023-10-14
2713,Lucas,Garcia,lucas.garcia.2713@mail.com,Norway,2024-12-18
2714,Isabella,Smith,isabella.smith.2714@company.org,Indonesia,2023-08-28
2715,Aarav,Davis,aarav.davis.2715@mail.com,Poland,2022-05-01
2716,James,Lopez,james.lopez.2716@inbox.com,Germany,2024-10-28
2717,Liam,Sharma,liam.sharma.2717@webmail.net,Germany,2022-08-18
2718,Amelia,Zhang,amelia.zhang.2718@example.com,Mexico,2025-05-15
2719,Mason,Menon,mason.menon.2719@example.com,Sweden,2023-12-01
2720,Ishaan,Kim,ishaan.kim.2720@company.org,Italy,2022-06-01
2721,Aditya,Mehta,aditya.mehta.2721@mail.com,Philippines,2023-10-15
2722,Charlotte,Chen,charlotte.chen.2722@company.org,France,2023-08-10
2723,Anaya,Smith,anaya.smith.2723@mail.com,Australia,2024-11-21
2724,Elijah,Sharma,elijah.sharma.2724@inbox.com,UAE,2022-01-26
2725,Aisha,Kumar,aisha.kumar.2725@company.org,South Korea,2025-06-26
2726,Muhammad,Lee,muhammad.lee.2726@webmail.net,Netherlands,2023-10-06
2727,Mason,Smith,mason.smith.2727@company.org,UAE,2023-10-24
2728,Evelyn,Chen,evelyn.chen.2728@example.com,Mexico,2022-10-01
2729,Mia,Williams,mia.williams.2729@mail.com,UAE,2024-05-08
2730,Benjamin,Singh,benjamin.singh.2730@webmail.net,Norway,2023-08-16
2731,Mira,Zhang,mira.zhang.2731@webmail.net,Vietnam,2024-09-12
2732,Mira,Lee,mira.lee.2732@example.com,Poland,2022-05-17
2733,Reyansh,Reddy,reyansh.reddy.2733@example.com,South Africa,2024-08-15
2734,Mason,Gupta,mason.gupta.2734@company.org,Netherlands,2024-04-26
2735,Reyansh,Kim,reyansh.kim.2735@company.org,Italy,2024-06-21
2736,Aditya,Park,aditya.park.2736@webmail.net,South Korea,2022-11-26
2737,Pari,Chen,pari.chen.2737@company.org,Italy,2023-08-15
2738,Muhammad,Mehta,muhammad.mehta.2738@example.com,Netherlands,2023-06-29
2739,Mia,Williams,mia.williams.2739@webmail.net,South Africa,2022-01-12
2740,Emma,Wang,emma.wang.2740@company.org,Brazil,2023-03-17
2741,Zara,Kumar,zara.kumar.2741@inbox.com,Vietnam,2023-04-23
2742,Mason,Park,mason.park.2742@example.com,Brazil,2023-10-06
2743,Aditya,Sharma,aditya.sharma.2743@mail.com,USA,2025-05-13
2744,Emma,Liu,emma.liu.2744@company.org,Sweden,2023-05-09
2745,Noah,Singh,noah.singh.2745@webmail.net,Denmark,2023-01-11
2746,Henry,Johnson,henry.johnson.2746@company.org,Australia,2024-09-28
2747,Sophia,Liu,sophia.liu.2747@company.org,India,2023-10-29
2748,Ishaan,Kim,ishaan.kim.2748@mail.com,Singapore,2023-09-19
2749,Liam,Miller,liam.miller.2749@webmail.net,France,2022-12-25
2750,Reyansh,Lee,reyansh.lee.2750@company.org,Germany,2022-07-03
2751,Elijah,Wang,elijah.wang.2751@inbox.com,Singapore,2025-07-24
2752,Henry,Singh,henry.singh.2752@mail.com,Mexico,2022-05-25
2753,Sai,Sharma,sai.sharma.2753@example.com,Spain,2024-09-03
2754,James,Khan,james.khan.2754@company.org,USA,2025-01-04
2755,Charlotte,Bose,charlotte.bose.2755@company.org,Canada,2023-08-18
2756,Vivaan,Nguyen,vivaan.nguyen.2756@mail.com,Philippines,2023-12-06
2757,Olivia,Singh,olivia.singh.2757@mail.com,Brazil,2023-04-07
2758,Kiara,Davis,kiara.davis.2758@webmail.net,Brazil,2025-04-11
2759,Sara,Park,sara.park.2759@inbox.com,India,2022-05-09
2760,Shaurya,Kim,shaurya.kim.2760@company.org,USA,2025-09-08
2761,Reyansh,Gupta,reyansh.gupta.2761@company.org,Italy,2022-07-10
2762,Reyansh,Khan,reyansh.khan.2762@inbox.com,South Korea,2022-10-08
2763,Sai,Reddy,sai.reddy.2763@inbox.com,Netherlands,2025-07-26
2764,Anaya,Johnson,anaya.johnson.2764@webmail.net,United Kingdom,2025-05-20
2765,Vivaan,Williams,vivaan.williams.2765@webmail.net,Canada,2024-08-29
2766,Arjun,Mehta,arjun.mehta.2766@webmail.net,Vietnam,2023-08-06
2767,Liam,Kim,liam.kim.2767@mail.com,Italy,2022-10-07
2768,Aisha,Sharma,aisha.sharma.2768@company.org,France,2024-09-07
2769,Benjamin,Zhang,benjamin.zhang.2769@example.com,India,2023-06-17
2770,Olivia,Garcia,olivia.garcia.2770@company.org,Poland,2024-04-28
2771,Aarav,Singh,aarav.singh.2771@inbox.com,Sweden,2022-07-08
2772,Kiara,Lopez,kiara.lopez.2772@company.org,USA,2022-02-05
2773,Evelyn,Miller,evelyn.miller.2773@mail.com,Germany,2025-09-08
2774,Emma,Gupta,emma.gupta.2774@example.com,Australia,2023-05-24
2775,Ishaan,Iyer,ishaan.iyer.2775@mail.com,Canada,2023-02-20
2776,Zara,Garcia,zara.garcia.2776@example.com,Australia,2023-06-26
2777,Henry,Kim,henry.kim.2777@webmail.net,South Korea,2025-03-03
2778,Amelia,Williams,amelia.williams.2778@webmail.net,Sweden,2022-10-27
2779,Sara,Singh,sara.singh.2779@inbox.com,Australia,2023-09-03
2780,Reyansh,Martinez,reyansh.martinez.2780@inbox.com,Denmark,2022-09-15
2781,Anaya,Nguyen,anaya.nguyen.2781@webmail.net,Netherlands,2023-11-25
2782,Isabella,Lopez,isabella.lopez.2782@inbox.com,Philippines,2025-06-21
2783,Liam,Lopez,liam.lopez.2783@company.org,United Kingdom,2023-08-19
2784,Isabella,Mehta,isabella.mehta.2784@inbox.com,Denmark,2023-08-04
2785,Arjun,Jones,arjun.jones.2785@example.com,France,2024-03-05
2786,Sara,Martinez,sara.martinez.2786@inbox.com,Spain,2024-07-27
2787,Evelyn,Smith,evelyn.smith.2787@example.com,Singapore,2022-06-28
2788,Diya,Wang,diya.wang.2788@webmail.net,Mexico,2025-05-13
2789,Diya,Smith,diya.smith.2789@example.com,Brazil,2022-12-01
2790,Emma,Smith,emma.smith.2790@inbox.com,Germany,2022-07-09
2791,Aarav,Brown,aarav.brown.2791@example.com,Indonesia,2025-01-18
2792,Noah,Mehta,noah.mehta.2792@company.org,Italy,2025-05-20
2793,Liam,Kumar,liam.kumar.2793@company.org,Brazil,2022-04-13
2794,Ava,Das,ava.das.2794@mail.com,Poland,2024-03-30
2795,Anaya,Gupta,anaya.gupta.2795@inbox.com,Norway,2025-01-17
2796,Benjamin,Kumar,benjamin.kumar.2796@example.com,Vietnam,2024-06-10
2797,Mason,Park,mason.park.2797@inbox.com,Spain,2025-06-17
2798,Liam,Mehta,liam.mehta.2798@example.com,Australia,2025-05-31
2799,Amelia,Garcia,amelia.garcia.2799@inbox.com,India,2023-10-17
2800,Muhammad,Gupta,muhammad.gupta.2800@mail.com,Italy,2024-07-23
2801,Liam,Martinez,liam.martinez.2801@mail.com,Singapore,2024-06-14
2802,Vivaan,Das,vivaan.das.2802@company.org,USA,2022-01-08
2803,Mia,Das,mia.das.2803@webmail.net,Germany,2022-02-27
2804,Charlotte,Bose,charlotte.bose.2804@example.com,Sweden,2023-06-09
2805,Vivaan,Reddy,vivaan.reddy.2805@example.com,Netherlands,2025-07-13
2806,Mason,Nguyen,mason.nguyen.2806@inbox.com,South Korea,2023-05-08
2807,Olivia,Johnson,olivia.johnson.2807@company.org,Canada,2025-04-18
2808,Liam,Garcia,liam.garcia.2808@example.com,Poland,2023-09-04
2809,Aisha,Lee,aisha.lee.2809@webmail.net,Italy,2025-08-11
2810,Muhammad,Liu,muhammad.liu.2810@company.org,UAE,2022-06-09
2811,Vivaan,Iyer,vivaan.iyer.2811@example.com,India,2022-08-04
2812,Reyansh,Brown,reyansh.brown.2812@webmail.net,Indonesia,2022-12-18
2813,Aanya,Reddy,aanya.reddy.2813@inbox.com,Australia,2025-06-21
2814,Charlotte,Sharma,charlotte.sharma.2814@example.com,Indonesia,2023-02-08
2815,Aditya,Gupta,aditya.gupta.2815@inbox.com,India,2022-04-27
2816,Sara,Brown,sara.brown.2816@company.org,Indonesia,2025-05-14
2817,Ava,Menon,ava.menon.2817@mail.com,Indonesia,2022-08-03
2818,James,Jones,james.jones.2818@mail.com,United Kingdom,2023-05-12
2819,Shaurya,Chen,shaurya.chen.2819@webmail.net,Denmark,2024-09-16
2820,Ethan,Park,ethan.park.2820@company.org,United Kingdom,2024-03-30
2821,Anika,Martinez,anika.martinez.2821@webmail.net,Netherlands,2023-03-12
2822,Liam,Chen,liam.chen.2822@webmail.net,Philippines,2022-12-17
2823,Sai,Menon,sai.menon.2823@example.com,South Korea,2023-07-03
2824,Henry,Liu,henry.liu.2824@mail.com,Brazil,2024-12-15
2825,Arjun,Reddy,arjun.reddy.2825@example.com,Netherlands,2022-11-27
2826,Aarav,Park,aarav.park.2826@webmail.net,Australia,2025-06-25
2827,Ava,Mehta,ava.mehta.2827@example.com,Netherlands,2023-06-13
2828,Anaya,Liu,anaya.liu.2828@company.org,Denmark,2024-03-09
2829,Liam,Chen,liam.chen.2829@webmail.net,South Korea,2024-10-14
2830,Shaurya,Zhang,shaurya.zhang.2830@example.com,Sweden,2022-07-22
2831,Pari,Bose,pari.bose.2831@webmail.net,UAE,2023-12-04
2832,Daniel,Miller,daniel.miller.2832@webmail.net,Australia,2022-10-19
2833,Arjun,Menon,arjun.menon.2833@mail.com,Spain,2024-12-02
2834,Aisha,Zhang,aisha.zhang.2834@example.com,Denmark,2022-08-17
2835,Mia,Kumar,mia.kumar.2835@example.com,United Kingdom,2023-01-09
2836,Vivaan,Kumar,vivaan.kumar.2836@mail.com,Italy,2023-02-19
2837,Vivaan,Garcia,vivaan.garcia.2837@company.org,Vietnam,2023-12-05
2838,Olivia,Menon,olivia.menon.2838@company.org,United Kingdom,2022-05-11
2839,Olivia,Williams,olivia.williams.2839@mail.com,Australia,2023-09-09
2840,Harper,Williams,harper.williams.2840@inbox.com,Sweden,2022-03-24
2841,Ethan,Menon,ethan.menon.2841@example.com,UAE,2022-03-18
2842,Ava,Nguyen,ava.nguyen.2842@mail.com,Spain,2023-04-02
2843,Kiara,Johnson,kiara.johnson.2843@company.org,France,2023-03-05
2844,Evelyn,Lopez,evelyn.lopez.2844@company.org,Netherlands,2023-11-05
2845,Reyansh,Park,reyansh.park.2845@mail.com,India,2022-06-22
2846,Pari,Gupta,pari.gupta.2846@example.com,India,2024-06-12
2847,Zara,Iyer,zara.iyer.2847@company.org,Canada,2022-06-06
2848,Zara,Iyer,zara.iyer.2848@webmail.net,Poland,2023-09-01
2849,Sophia,Gupta,sophia.gupta.2849@inbox.com,Brazil,2024-02-09
2850,Anaya,Singh,anaya.singh.2850@inbox.com,Australia,2024-09-16
2851,Mira,Lee,mira.lee.2851@inbox.com,Poland,2025-02-14
2852,Aarav,Gupta,aarav.gupta.2852@company.org,France,2024-12-24
2853,Daniel,Garcia,daniel.garcia.2853@inbox.com,Philippines,2025-08-17
2854,Anika,Singh,anika.singh.2854@example.com,Mexico,2022-09-16
2855,Diya,Brown,diya.brown.2855@mail.com,Italy,2022-01-20
2856,Lucas,Williams,lucas.williams.2856@example.com,Mexico,2022-10-03
2857,Sara,Kumar,sara.kumar.2857@mail.com,Canada,2024-11-21
2858,Aarav,Lopez,aarav.lopez.2858@webmail.net,UAE,2024-06-24
2859,Aarav,Garcia,aarav.garcia.2859@webmail.net,Brazil,2022-06-19
2860,Aditya,Liu,aditya.liu.2860@company.org,USA,2024-11-22
2861,Mira,Liu,mira.liu.2861@company.org,Brazil,2024-02-21
2862,Aanya,Chen,aanya.chen.2862@example.com,Germany,2022-06-05
2863,Aisha,Wang,aisha.wang.2863@inbox.com,Philippines,2023-12-05
2864,Amelia,Nguyen,amelia.nguyen.2864@company.org,UAE,2023-02-04
2865,Amelia,Menon,amelia.menon.2865@webmail.net,UAE,2022-01-22
2866,Olivia,Das,olivia.das.2866@inbox.com,Indonesia,2024-03-15
2867,Benjamin,Garcia,benjamin.garcia.2867@inbox.com,United Kingdom,2024-12-01
2868,Evelyn,Nguyen,evelyn.nguyen.2868@example.com,South Africa,2022-08-18
2869,Mason,Zhang,mason.zhang.2869@mail.com,Brazil,2023-07-09
2870,Amelia,Sharma,amelia.sharma.2870@company.org,Brazil,2025-02-25
2871,Isabella,Smith,isabella.smith.2871@example.com,Australia,2022-10-29
2872,Ava,Kim,ava.kim.2872@inbox.com,United Kingdom,2025-09-24
2873,Charlotte,Kumar,charlotte.kumar.2873@company.org,Italy,2022-09-29
2874,Sara,Bose,sara.bose.2874@inbox.com,Vietnam,2023-05-30
2875,Sophia,Martinez,sophia.martinez.2875@inbox.com,Spain,2023-04-26
2876,Kiara,Patel,kiara.patel.2876@company.org,Denmark,2024-12-26
2877,Noah,Liu,noah.liu.2877@example.com,Poland,2023-11-05
2878,Mia,Martinez,mia.martinez.2878@inbox.com,UAE,2022-06-21
2879,Aarav,Garcia,aarav.garcia.2879@mail.com,Vietnam,2023-12-26
2880,Shaurya,Miller,shaurya.miller.2880@company.org,South Korea,2024-05-17
2881,Aanya,Das,aanya.das.2881@inbox.com,Netherlands,2022-04-11
2882,Mira,Sharma,mira.sharma.2882@example.com,Italy,2022-12-04
2883,Mira,Liu,mira.liu.2883@example.com,Denmark,2022-03-24
2884,Amelia,Das,amelia.das.2884@webmail.net,USA,2023-07-02
2885,Aarav,Patel,aarav.patel.2885@mail.com,Japan,2023-06-29
2886,Mira,Wang,mira.wang.2886@company.org,Sweden,2022-08-29
2887,Sai,Lee,sai.lee.2887@mail.com,Japan,2025-02-12
2888,Kiara,Williams,kiara.williams.2888@example.com,Denmark,2023-03-28
2889,Pari,Patel,pari.patel.2889@inbox.com,Netherlands,2023-01-22
2890,Ava,Williams,ava.williams.2890@example.com,Singapore,2023-02-10
2891,Aisha,Lopez,aisha.lopez.2891@mail.com,South Korea,2024-05-25
2892,Isabella,Park,isabella.park.2892@company.org,Mexico,2022-08-05
2893,Kiara,Menon,kiara.menon.2893@webmail.net,Germany,2024-05-11
2894,Kiara,Das,kiara.das.2894@example.com,South Korea,2023-04-07
2895,Elijah,Bose,elijah.bose.2895@webmail.net,South Africa,2024-04-27
2896,Diya,Johnson,diya.johnson.2896@example.com,Spain,2022-08-04
2897,Evelyn,Jones,evelyn.jones.2897@inbox.com,Indonesia,2024-02-22
2898,Olivia,Jones,olivia.jones.2898@webmail.net,UAE,2023-12-26
2899,Mason,Williams,mason.williams.2899@example.com,Italy,2024-05-18
2900,Vivaan,Chen,vivaan.chen.2900@example.com,Spain,2025-03-20
2901,Ishaan,Lopez,ishaan.lopez.2901@mail.com,South Korea,2024-06-20
2902,Harper,Smith,harper.smith.2902@company.org,Germany,2024-04-23
2903,Elijah,Kumar,elijah.kumar.2903@example.com,South Korea,2025-03-19
2904,Sophia,Khan,sophia.khan.2904@example.com,Singapore,2023-12-20
2905,Evelyn,Jones,evelyn.jones.2905@example.com,India,2022-03-26
2906,Zara,Liu,zara.liu.2906@example.com,South Africa,2023-06-03
2907,Benjamin,Gupta,benjamin.gupta.2907@company.org,South Korea,2024-01-18
2908,Noah,Zhang,noah.zhang.2908@example.com,India,2025-02-24
2909,James,Park,james.park.2909@example.com,Sweden,2024-12-25
2910,Anaya,Miller,anaya.miller.2910@company.org,Germany,2025-02-24
2911,Amelia,Khan,amelia.khan.2911@mail.com,Brazil,2023-04-13
2912,Aisha,Nguyen,aisha.nguyen.2912@webmail.net,USA,2024-08-26
2913,Kiara,Gupta,kiara.gupta.2913@example.com,Canada,2022-08-26
2914,Benjamin,Kumar,benjamin.kumar.2914@company.org,United Kingdom,2022-05-31
2915,Anika,Mehta,anika.mehta.2915@webmail.net,United Kingdom,2022-02-08
2916,Harper,Jones,harper.jones.2916@example.com,Singapore,2022-07-09
2917,Aisha,Johnson,aisha.johnson.2917@mail.com,Netherlands,2025-06-28
2918,Anika,Liu,anika.liu.2918@inbox.com,Norway,2025-06-30
2919,Daniel,Park,daniel.park.2919@company.org,Italy,2022-07-11
2920,Isabella,Khan,isabella.khan.2920@example.com,South Africa,2022-10-15
2921,Shaurya,Liu,shaurya.liu.2921@mail.com,Philippines,2022-09-23
2922,Harper,Nguyen,harper.nguyen.2922@company.org,Indonesia,2022-11-08
2923,Lucas,Garcia,lucas.garcia.2923@inbox.com,South Korea,2024-11-02
2924,Reyansh,Martinez,reyansh.martinez.2924@inbox.com,Netherlands,2024-11-03
2925,Zara,Johnson,zara.johnson.2925@example.com,Singapore,2023-12-22
2926,Mason,Liu,mason.liu.2926@mail.com,Spain,2022-02-13
2927,Mira,Jones,mira.jones.2927@company.org,United Kingdom,2023-08-28
2928,Aarav,Martinez,aarav.martinez.2928@example.com,South Korea,2024-09-29
2929,Daniel,Jones,daniel.jones.2929@inbox.com,India,2022-08-05
2930,Mia,Kumar,mia.kumar.2930@webmail.net,Philippines,2023-03-07
2931,Aarav,Singh,aarav.singh.2931@company.org,UAE,2025-08-22
2932,Harper,Mehta,harper.mehta.2932@company.org,UAE,2023-08-30
2933,Harper,Reddy,harper.reddy.2933@mail.com,France,2023-07-01
2934,Elijah,Brown,elijah.brown.2934@mail.com,Italy,2023-03-09
2935,Aisha,Bose,aisha.bose.2935@example.com,Singapore,2025-07-27
2936,Lucas,Johnson,lucas.johnson.2936@company.org,Netherlands,2024-10-20
2937,Diya,Martinez,diya.martinez.2937@company.org,Indonesia,2025-04-19
2938,Evelyn,Menon,evelyn.menon.2938@inbox.com,Germany,2024-07-03
2939,James,Smith,james.smith.2939@company.org,Denmark,2025-07-13
2940,Sophia,Reddy,sophia.reddy.2940@example.com,India,2025-08-16
2941,Aanya,Iyer,aanya.iyer.2941@example.com,United Kingdom,2024-02-15
2942,Lucas,Brown,lucas.brown.2942@mail.com,Brazil,2022-06-13
2943,Diya,Nguyen,diya.nguyen.2943@webmail.net,Singapore,2022-04-10
2944,Vihaan,Lopez,vihaan.lopez.2944@example.com,Japan,2022-02-28
2945,Arjun,Jones,arjun.jones.2945@company.org,UAE,2024-09-07
2946,Vivaan,Bose,vivaan.bose.2946@inbox.com,France,2022-06-17
2947,Ethan,Johnson,ethan.johnson.2947@company.org,Germany,2024-05-14
2948,Kiara,Mehta,kiara.mehta.2948@webmail.net,Japan,2023-11-11
2949,Mira,Iyer,mira.iyer.2949@mail.com,Australia,2023-11-06
2950,Evelyn,Wang,evelyn.wang.2950@example.com,Australia,2024-06-23
2951,Vivaan,Kim,vivaan.kim.2951@example.com,Vietnam,2022-11-13
2952,Aditya,Wang,aditya.wang.2952@example.com,Germany,2023-07-13
2953,Mason,Martinez,mason.martinez.2953@example.com,Norway,2023-06-14
2954,Diya,Park,diya.park.2954@company.org,Philippines,2024-02-10
2955,Kiara,Liu,kiara.liu.2955@company.org,Australia,2025-07-09
2956,Lucas,Miller,lucas.miller.2956@inbox.com,UAE,2024-08-18
2957,Henry,Zhang,henry.zhang.2957@example.com,Germany,2023-11-13
2958,Isabella,Kim,isabella.kim.2958@example.com,Singapore,2024-06-03
2959,Sai,Khan,sai.khan.2959@inbox.com,Sweden,2022-06-06
2960,Muhammad,Garcia,muhammad.garcia.2960@example.com,Brazil,2024-07-23
2961,Charlotte,Brown,charlotte.brown.2961@mail.com,USA,2025-06-29
2962,Mira,Bose,mira.bose.2962@webmail.net,Japan,2024-12-28
2963,Olivia,Reddy,olivia.reddy.2963@inbox.com,France,2022-04-27
2964,Charlotte,Martinez,charlotte.martinez.2964@company.org,Brazil,2024-08-07
2965,Harper,Das,harper.das.2965@company.org,Singapore,2022-03-29
2966,Charlotte,Lee,charlotte.lee.2966@company.org,United Kingdom,2024-01-02
2967,Sara,Kim,sara.kim.2967@example.com,USA,2023-06-10
2968,Mason,Menon,mason.menon.2968@inbox.com,Australia,2025-04-02
2969,Vihaan,Khan,vihaan.khan.2969@company.org,Australia,2025-06-22
2970,Noah,Bose,noah.bose.2970@example.com,Vietnam,2023-01-02
2971,Amelia,Reddy,amelia.reddy.2971@company.org,Denmark,2024-12-28
2972,Aditya,Smith,aditya.smith.2972@webmail.net,Canada,2024-07-18
2973,Daniel,Bose,daniel.bose.2973@company.org,Canada,2024-01-14
2974,Ishaan,Menon,ishaan.menon.2974@example.com,Philippines,2022-06-11
2975,Aditya,Garcia,aditya.garcia.2975@mail.com,Sweden,2024-10-07
2976,Olivia,Williams,olivia.williams.2976@inbox.com,Netherlands,2025-04-29
2977,Pari,Sharma,pari.sharma.2977@example.com,India,2025-04-16
2978,Kiara,Davis,kiara.davis.2978@webmail.net,Poland,2024-11-25
2979,Vivaan,Davis,vivaan.davis.2979@example.com,Netherlands,2023-08-25
2980,Ava,Lee,ava.lee.2980@webmail.net,Germany,2024-12-25
2981,Isabella,Davis,isabella.davis.2981@example.com,Germany,2023-11-12
2982,Muhammad,Kumar,muhammad.kumar.2982@inbox.com,Poland,2023-07-01
2983,Kiara,Brown,kiara.brown.2983@example.com,Spain,2023-01-05
2984,Pari,Reddy,pari.reddy.2984@example.com,Denmark,2022-12-19
2985,Mason,Nguyen,mason.nguyen.2985@company.org,Norway,2022-03-13
2986,Aarav,Zhang,aarav.zhang.2986@mail.com,Philippines,2025-06-16
2987,Vihaan,Reddy,vihaan.reddy.2987@mail.com,India,2023-11-13
2988,Diya,Das,diya.das.2988@inbox.com,India,2023-06-28
2989,Benjamin,Kim,benjamin.kim.2989@inbox.com,Brazil,2022-07-21
2990,Benjamin,Johnson,benjamin.johnson.2990@example.com,Netherlands,2024-10-16
2991,Arjun,Reddy,arjun.reddy.2991@company.org,Japan,2022-11-16
2992,Amelia,Lee,amelia.lee.2992@inbox.com,Philippines,2025-08-27
2993,Pari,Jones,pari.jones.2993@inbox.com,Indonesia,2023-07-25
2994,Henry,Das,henry.das.2994@mail.com,South Africa,2024-03-29
2995,Zara,Brown,zara.brown.2995@company.org,Indonesia,2024-02-22
2996,Reyansh,Patel,reyansh.patel.2996@webmail.net,UAE,2024-12-31
2997,Daniel,Garcia,daniel.garcia.2997@example.com,Japan,2022-11-13
2998,Ishaan,Liu,ishaan.liu.2998@mail.com,Sweden,2023-04-19
2999,Henry,Mehta,henry.mehta.2999@inbox.com,United Kingdom,2025-01-31
3000,Shaurya,Patel,shaurya.patel.3000@webmail.net,Brazil,2024-10-06
3001,Mia,Gupta,mia.gupta.3001@webmail.net,USA,2025-07-23
3002,Aditya,Menon,aditya.menon.3002@company.org,Japan,2023-08-20
3003,Aisha,Liu,aisha.liu.3003@example.com,Canada,2023-03-10
3004,Daniel,Johnson,daniel.johnson.3004@example.com,Netherlands,2025-09-02
3005,Ava,Johnson,ava.johnson.3005@example.com,Italy,2022-12-15
3006,Anaya,Johnson,anaya.johnson.3006@webmail.net,France,2024-04-07
3007,Vihaan,Park,vihaan.park.3007@example.com,South Korea,2024-04-21
3008,Olivia,Bose,olivia.bose.3008@company.org,USA,2025-03-18
3009,Noah,Bose,noah.bose.3009@company.org,Japan,2022-12-03
3010,Vivaan,Brown,vivaan.brown.3010@company.org,Philippines,2023-11-06
3011,Isabella,Wang,isabella.wang.3011@example.com,Philippines,2025-06-08
3012,Reyansh,Davis,reyansh.davis.3012@inbox.com,Singapore,2025-08-26
3013,Charlotte,Jones,charlotte.jones.3013@company.org,Spain,2025-01-22
3014,Elijah,Chen,elijah.chen.3014@inbox.com,Sweden,2022-09-10
3015,Ava,Jones,ava.jones.3015@mail.com,Philippines,2022-07-24
3016,Aarav,Menon,aarav.menon.3016@inbox.com,Vietnam,2022-05-13
3017,Anika,Chen,anika.chen.3017@inbox.com,Norway,2023-06-09
3018,Elijah,Johnson,elijah.johnson.3018@company.org,India,2023-03-03
3019,Emma,Menon,emma.menon.3019@inbox.com,Vietnam,2025-04-30
3020,Benjamin,Sharma,benjamin.sharma.3020@inbox.com,United Kingdom,2024-06-02
3021,Liam,Liu,liam.liu.3021@mail.com,Japan,2023-11-21
3022,Mia,Sharma,mia.sharma.3022@example.com,Italy,2023-12-26
3023,Aditya,Smith,aditya.smith.3023@company.org,Netherlands,2022-12-05
3024,Mason,Patel,mason.patel.3024@example.com,Denmark,2023-03-06
3025,Daniel,Davis,daniel.davis.3025@example.com,Mexico,2023-11-16
3026,Diya,Menon,diya.menon.3026@inbox.com,Japan,2025-09-12
3027,Amelia,Khan,amelia.khan.3027@mail.com,Brazil,2022-08-17
3028,Daniel,Kim,daniel.kim.3028@mail.com,India,2022-06-27
3029,Aditya,Singh,aditya.singh.3029@company.org,Vietnam,2025-08-29
3030,Ethan,Martinez,ethan.martinez.3030@example.com,Mexico,2024-05-09
3031,Pari,Patel,pari.patel.3031@inbox.com,Indonesia,2023-02-04
3032,Vivaan,Park,vivaan.park.3032@company.org,UAE,2025-01-20
3033,Aditya,Lopez,aditya.lopez.3033@inbox.com,Brazil,2022-06-19
3034,Arjun,Miller,arjun.miller.3034@example.com,Italy,2024-03-04
3035,Arjun,Iyer,arjun.iyer.3035@inbox.com,Australia,2024-06-05
3036,Emma,Liu,emma.liu.3036@webmail.net,Vietnam,2022-04-21
3037,Isabella,Kumar,isabella.kumar.3037@mail.com,South Korea,2022-02-08
3038,Liam,Lopez,liam.lopez.3038@inbox.com,UAE,2023-09-27
3039,Emma,Garcia,emma.garcia.3039@company.org,South Korea,2022-02-18
3040,Aanya,Smith,aanya.smith.3040@inbox.com,India,2022-08-22
3041,James,Sharma,james.sharma.3041@company.org,United Kingdom,2022-11-25
3042,Liam,Miller,liam.miller.3042@company.org,Indonesia,2025-05-02
3043,James,Lee,james.lee.3043@mail.com,UAE,2023-08-12
3044,James,Patel,james.patel.3044@mail.com,Vietnam,2023-08-16
3045,Sai,Reddy,sai.reddy.3045@company.org,Brazil,2024-02-22
3046,Elijah,Kim,elijah.kim.3046@webmail.net,Norway,2024-04-17
3047,Muhammad,Zhang,muhammad.zhang.3047@example.com,Sweden,2024-08-01
3048,Lucas,Park,lucas.park.3048@company.org,Sweden,2023-11-17
3049,Liam,Menon,liam.menon.3049@company.org,Australia,2023-04-01
3050,Anika,Brown,anika.brown.3050@inbox.com,Brazil,2022-12-25
3051,Mia,Brown,mia.brown.3051@example.com,Philippines,2024-12-12
3052,Anika,Jones,anika.jones.3052@webmail.net,Philippines,2023-07-17
3053,Sai,Smith,sai.smith.3053@company.org,Norway,2022-04-29
3054,Emma,Kim,emma.kim.3054@company.org,Netherlands,2022-12-24
3055,Ethan,Wang,ethan.wang.3055@mail.com,Spain,2024-06-03
3056,Ishaan,Bose,ishaan.bose.3056@mail.com,Norway,2025-04-21
3057,Mason,Park,mason.park.3057@mail.com,Denmark,2024-07-29
3058,Sara,Wang,sara.wang.3058@inbox.com,South Korea,2023-05-03
3059,Muhammad,Reddy,muhammad.reddy.3059@webmail.net,Spain,2024-02-24
3060,Shaurya,Martinez,shaurya.martinez.3060@mail.com,Netherlands,2022-10-07
3061,Mia,Sharma,mia.sharma.3061@example.com,France,2023-10-13
3062,Sara,Chen,sara.chen.3062@webmail.net,Norway,2025-02-27
3063,Reyansh,Khan,reyansh.khan.3063@webmail.net,India,2022-02-07
3064,Aanya,Reddy,aanya.reddy.3064@company.org,Germany,2025-09-08
3065,Evelyn,Bose,evelyn.bose.3065@webmail.net,Singapore,2023-07-05
3066,Ishaan,Johnson,ishaan.johnson.3066@company.org,Indonesia,2023-01-11
3067,Mira,Gupta,mira.gupta.3067@inbox.com,Mexico,2024-07-07
3068,Benjamin,Lopez,benjamin.lopez.3068@example.com,United Kingdom,2022-04-25
3069,Olivia,Jones,olivia.jones.3069@webmail.net,Spain,2025-02-24
3070,Isabella,Das,isabella.das.3070@mail.com,Netherlands,2025-02-13
3071,Diya,Nguyen,diya.nguyen.3071@company.org,Denmark,2022-05-11
3072,Shaurya,Kumar,shaurya.kumar.3072@company.org,USA,2024-07-10
3073,Emma,Park,emma.park.3073@webmail.net,South Africa,2023-08-13
3074,Liam,Jones,liam.jones.3074@company.org,France,2025-01-27
3075,James,Menon,james.menon.3075@mail.com,United Kingdom,2023-04-07
3076,Amelia,Brown,amelia.brown.3076@company.org,India,2024-03-15
3077,Evelyn,Martinez,evelyn.martinez.3077@webmail.net,Sweden,2023-03-20
3078,Liam,Johnson,liam.johnson.3078@mail.com,Mexico,2022-08-11
3079,Aditya,Liu,aditya.liu.3079@mail.com,Philippines,2023-10-31
3080,Evelyn,Menon,evelyn.menon.3080@company.org,Denmark,2023-05-04
3081,Reyansh,Smith,reyansh.smith.3081@mail.com,South Korea,2022-07-04
3082,Mira,Menon,mira.menon.3082@webmail.net,Netherlands,2022-12-14
3083,Aanya,Das,aanya.das.3083@company.org,Japan,2025-03-16
3084,Reyansh,Bose,reyansh.bose.3084@inbox.com,Brazil,2022-08-08
3085,Reyansh,Mehta,reyansh.mehta.3085@company.org,Norway,2025-03-18
3086,Aanya,Sharma,aanya.sharma.3086@example.com,Poland,2024-04-18
3087,Charlotte,Wang,charlotte.wang.3087@example.com,Australia,2024-01-29
3088,Vivaan,Smith,vivaan.smith.3088@inbox.com,Australia,2024-06-06
3089,Isabella,Nguyen,isabella.nguyen.3089@company.org,Italy,2022-07-16
3090,Mia,Das,mia.das.3090@example.com,United Kingdom,2023-11-22
3091,Isabella,Garcia,isabella.garcia.3091@example.com,Japan,2025-09-04
3092,Ishaan,Menon,ishaan.menon.3092@example.com,Philippines,2023-07-04
3093,Sai,Nguyen,sai.nguyen.3093@example.com,Brazil,2023-05-24
3094,Aanya,Miller,aanya.miller.3094@inbox.com,Mexico,2023-12-06
3095,Harper,Park,harper.park.3095@inbox.com,Canada,2022-03-01
3096,Isabella,Gupta,isabella.gupta.3096@company.org,Indonesia,2023-05-09
3097,Kiara,Liu,kiara.liu.3097@example.com,Norway,2024-09-12
3098,Aarav,Iyer,aarav.iyer.3098@company.org,Germany,2023-08-08
3099,Pari,Park,pari.park.3099@inbox.com,Australia,2024-01-01
3100,Shaurya,Garcia,shaurya.garcia.3100@webmail.net,France,2023-03-16
3101,Ishaan,Mehta,ishaan.mehta.3101@example.com,South Africa,2024-03-13
3102,Anaya,Sharma,anaya.sharma.3102@example.com,Spain,2024-02-02
3103,Henry,Lopez,henry.lopez.3103@mail.com,Australia,2022-03-02
3104,Mason,Lee,mason.lee.3104@company.org,Japan,2023-08-14
3105,James,Iyer,james.iyer.3105@inbox.com,South Africa,2024-01-23
3106,Evelyn,Park,evelyn.park.3106@inbox.com,France,2025-07-29
3107,Pari,Kumar,pari.kumar.3107@webmail.net,South Korea,2024-02-01
3108,Sophia,Lopez,sophia.lopez.3108@company.org,UAE,2024-01-18
3109,Mira,Gupta,mira.gupta.3109@example.com,Brazil,2025-03-18
3110,Mira,Williams,mira.williams.3110@inbox.com,Italy,2023-01-20
3111,Isabella,Gupta,isabella.gupta.3111@webmail.net,France,2023-05-11
3112,Muhammad,Smith,muhammad.smith.3112@webmail.net,Indonesia,2024-12-30
3113,Ishaan,Chen,ishaan.chen.3113@webmail.net,Netherlands,2024-07-22
3114,Mason,Park,mason.park.3114@example.com,Brazil,2023-03-28
3115,Zara,Miller,zara.miller.3115@webmail.net,Australia,2022-04-05
3116,Henry,Chen,henry.chen.3116@inbox.com,Mexico,2024-11-14
3117,Liam,Williams,liam.williams.3117@webmail.net,Singapore,2023-10-23
3118,Sophia,Menon,sophia.menon.3118@inbox.com,India,2024-01-25
3119,Pari,Brown,pari.brown.3119@example.com,South Africa,2023-04-25
3120,Ethan,Williams,ethan.williams.3120@company.org,Brazil,2025-09-22
3121,Aanya,Davis,aanya.davis.3121@example.com,Australia,2024-08-10
3122,Daniel,Brown,daniel.brown.3122@company.org,Germany,2024-04-18
3123,Vivaan,Nguyen,vivaan.nguyen.3123@webmail.net,USA,2022-05-21
3124,Noah,Bose,noah.bose.3124@company.org,UAE,2022-04-09
3125,Vihaan,Miller,vihaan.miller.3125@inbox.com,Australia,2024-04-11
3126,Kiara,Singh,kiara.singh.3126@webmail.net,Norway,2025-08-28
3127,Pari,Das,pari.das.3127@inbox.com,France,2023-05-30
3128,Mason,Mehta,mason.mehta.3128@mail.com,Norway,2022-01-22
3129,Aditya,Zhang,aditya.zhang.3129@company.org,USA,2022-06-09
3130,Harper,Johnson,harper.johnson.3130@example.com,Netherlands,2022-09-01
3131,Mira,Das,mira.das.3131@mail.com,USA,2024-09-08
3132,Anika,Patel,anika.patel.3132@example.com,Japan,2025-06-16
3133,Ava,Kim,ava.kim.3133@mail.com,Singapore,2025-06-25
3134,Zara,Zhang,zara.zhang.3134@example.com,Canada,2022-04-25
3135,Harper,Nguyen,harper.nguyen.3135@webmail.net,Indonesia,2022-02-01
3136,Aarav,Nguyen,aarav.nguyen.3136@company.org,Norway,2022-08-24
3137,Reyansh,Nguyen,reyansh.nguyen.3137@webmail.net,Denmark,2022-10-29
3138,Benjamin,Zhang,benjamin.zhang.3138@inbox.com,South Korea,2023-10-23
3139,Harper,Nguyen,harper.nguyen.3139@inbox.com,USA,2023-03-02
3140,Mia,Mehta,mia.mehta.3140@inbox.com,United Kingdom,2024-10-16
3141,Elijah,Garcia,elijah.garcia.3141@inbox.com,Singapore,2023-10-30
3142,Sai,Iyer,sai.iyer.3142@company.org,Spain,2023-03-09
3143,Lucas,Das,lucas.das.3143@company.org,Indonesia,2024-02-26
3144,Anika,Johnson,anika.johnson.3144@webmail.net,USA,2025-02-04
3145,Sophia,Smith,sophia.smith.3145@example.com,Norway,2023-12-04
3146,Pari,Martinez,pari.martinez.3146@webmail.net,USA,2025-04-13
3147,Pari,Jones,pari.jones.3147@webmail.net,UAE,2024-05-24
3148,Reyansh,Kim,reyansh.kim.3148@inbox.com,South Korea,2022-08-12
3149,Sai,Gupta,sai.gupta.3149@mail.com,Norway,2022-11-19
3150,Amelia,Martinez,amelia.martinez.3150@example.com,Brazil,2022-08-08
3151,Sophia,Lopez,sophia.lopez.3151@company.org,Netherlands,2025-01-28
3152,Elijah,Chen,elijah.chen.3152@example.com,Brazil,2025-04-07
3153,Amelia,Menon,amelia.menon.3153@inbox.com,Spain,2025-02-24
3154,Noah,Liu,noah.liu.3154@example.com,Germany,2023-05-15
3155,Elijah,Lopez,elijah.lopez.3155@example.com,Spain,2023-02-21
3156,Anaya,Chen,anaya.chen.3156@webmail.net,Norway,2024-04-27
3157,Amelia,Brown,amelia.brown.3157@mail.com,South Africa,2023-05-15
3158,Mia,Lee,mia.lee.3158@company.org,Netherlands,2024-05-11
3159,Sai,Bose,sai.bose.3159@webmail.net,United Kingdom,2024-12-22
3160,Arjun,Johnson,arjun.johnson.3160@example.com,Germany,2022-09-09
3161,Evelyn,Nguyen,evelyn.nguyen.3161@mail.com,United Kingdom,2022-11-03
3162,Ethan,Zhang,ethan.zhang.3162@example.com,United Kingdom,2023-10-21
3163,Amelia,Singh,amelia.singh.3163@company.org,South Africa,2024-01-27
3164,Ishaan,Nguyen,ishaan.nguyen.3164@webmail.net,Norway,2023-09-13
3165,Aarav,Das,aarav.das.3165@webmail.net,United Kingdom,2023-04-03
3166,Zara,Miller,zara.miller.3166@company.org,Mexico,2023-08-01
3167,Elijah,Kim,elijah.kim.3167@mail.com,France,2023-03-27
3168,Evelyn,Park,evelyn.park.3168@company.org,Australia,2025-01-14
3169,Emma,Miller,emma.miller.3169@inbox.com,Poland,2024-01-04
3170,Mia,Mehta,mia.mehta.3170@mail.com,Mexico,2022-09-13
3171,Evelyn,Lee,evelyn.lee.3171@example.com,Netherlands,2023-05-09
3172,Mason,Singh,mason.singh.3172@webmail.net,Germany,2022-04-15
3173,Aarav,Das,aarav.das.3173@mail.com,Indonesia,2022-11-06
3174,Reyansh,Davis,reyansh.davis.3174@inbox.com,Italy,2022-05-28
3175,Vihaan,Lopez,vihaan.lopez.3175@company.org,Italy,2022-09-01
3176,Arjun,Smith,arjun.smith.3176@company.org,South Africa,2022-12-18
3177,Olivia,Kim,olivia.kim.3177@mail.com,USA,2023-03-03
3178,Mira,Liu,mira.liu.3178@company.org,Spain,2025-02-06
3179,Aisha,Smith,aisha.smith.3179@webmail.net,Poland,2023-01-31
3180,Henry,Davis,henry.davis.3180@mail.com,South Africa,2022-05-01
3181,James,Khan,james.khan.3181@mail.com,United Kingdom,2023-03-11
3182,Diya,Menon,diya.menon.3182@example.com,Denmark,2022-07-16
3183,Evelyn,Martinez,evelyn.martinez.3183@webmail.net,South Africa,2023-05-28
3184,Elijah,Chen,elijah.chen.3184@company.org,Denmark,2023-03-07
3185,Daniel,Park,daniel.park.3185@mail.com,Netherlands,2022-09-19
3186,Aarav,Wang,aarav.wang.3186@mail.com,Brazil,2022-05-22
3187,Daniel,Khan,daniel.khan.3187@mail.com,Germany,2024-01-09
3188,Aarav,Brown,aarav.brown.3188@example.com,Canada,2022-08-01
3189,Harper,Wang,harper.wang.3189@webmail.net,Italy,2024-10-29
3190,Lucas,Brown,lucas.brown.3190@company.org,South Korea,2025-03-26
3191,Muhammad,Iyer,muhammad.iyer.3191@webmail.net,Norway,2023-08-10
3192,Ava,Lee,ava.lee.3192@inbox.com,Netherlands,2023-04-30
3193,Evelyn,Brown,evelyn.brown.3193@example.com,Sweden,2024-07-29
3194,Anaya,Singh,anaya.singh.3194@inbox.com,South Africa,2025-01-10
3195,Shaurya,Liu,shaurya.liu.3195@company.org,Spain,2023-11-18
3196,Amelia,Lee,amelia.lee.3196@example.com,Japan,2024-05-16
3197,Isabella,Kim,isabella.kim.3197@mail.com,UAE,2022-02-09
3198,Emma,Zhang,emma.zhang.3198@inbox.com,Italy,2025-02-05
3199,Isabella,Mehta,isabella.mehta.3199@company.org,Poland,2025-09-23
3200,Kiara,Johnson,kiara.johnson.3200@mail.com,UAE,2025-03-07
3201,Aarav,Mehta,aarav.mehta.3201@inbox.com,Italy,2024-03-28
3202,Kiara,Sharma,kiara.sharma.3202@inbox.com,Denmark,2023-05-26
3203,Reyansh,Bose,reyansh.bose.3203@inbox.com,UAE,2024-02-21
3204,Aarav,Lopez,aarav.lopez.3204@example.com,Japan,2024-10-02
3205,Zara,Kim,zara.kim.3205@webmail.net,Netherlands,2022-03-10
3206,Sara,Menon,sara.menon.3206@example.com,South Africa,2024-06-07
3207,Vivaan,Zhang,vivaan.zhang.3207@webmail.net,Indonesia,2024-08-01
3208,Mia,Garcia,mia.garcia.3208@webmail.net,France,2025-03-10
3209,Charlotte,Wang,charlotte.wang.3209@example.com,United Kingdom,2023-07-29
3210,Vivaan,Lopez,vivaan.lopez.3210@mail.com,Indonesia,2025-01-01
3211,Diya,Zhang,diya.zhang.3211@example.com,Germany,2023-10-14
3212,Muhammad,Patel,muhammad.patel.3212@example.com,Italy,2023-05-04
3213,Reyansh,Zhang,reyansh.zhang.3213@inbox.com,Norway,2025-08-17
3214,Kiara,Kim,kiara.kim.3214@example.com,Poland,2023-06-01
3215,Liam,Kumar,liam.kumar.3215@mail.com,Indonesia,2024-06-30
3216,Emma,Miller,emma.miller.3216@webmail.net,USA,2023-10-09
3217,Vihaan,Reddy,vihaan.reddy.3217@company.org,Australia,2022-08-18
3218,Zara,Reddy,zara.reddy.3218@webmail.net,France,2022-03-11
3219,Zara,Lopez,zara.lopez.3219@company.org,Australia,2023-09-28
3220,Diya,Kim,diya.kim.3220@example.com,Philippines,2023-04-29
3221,Zara,Davis,zara.davis.3221@example.com,UAE,2023-06-15
3222,Mia,Martinez,mia.martinez.3222@example.com,Indonesia,2024-05-29
3223,Mia,Reddy,mia.reddy.3223@example.com,United Kingdom,2022-10-11
3224,Sai,Singh,sai.singh.3224@company.org,Mexico,2024-08-31
3225,Vivaan,Chen,vivaan.chen.3225@example.com,France,2022-12-04
3226,Emma,Jones,emma.jones.3226@mail.com,Canada,2023-04-24
3227,Kiara,Nguyen,kiara.nguyen.3227@mail.com,Philippines,2023-04-28
3228,Vihaan,Johnson,vihaan.johnson.3228@inbox.com,Indonesia,2022-10-04
3229,Zara,Khan,zara.khan.3229@inbox.com,Denmark,2023-10-06
3230,Pari,Liu,pari.liu.3230@inbox.com,Australia,2022-11-06
3231,Diya,Das,diya.das.3231@webmail.net,Japan,2023-02-15
3232,Sai,Garcia,sai.garcia.3232@company.org,UAE,2023-07-19
3233,Olivia,Chen,olivia.chen.3233@company.org,South Africa,2023-11-30
3234,Aanya,Patel,aanya.patel.3234@webmail.net,Denmark,2022-08-30
3235,Charlotte,Martinez,charlotte.martinez.3235@webmail.net,Australia,2023-06-23
3236,Mira,Mehta,mira.mehta.3236@company.org,Mexico,2024-05-06
3237,Zara,Reddy,zara.reddy.3237@mail.com,Sweden,2023-02-06
3238,Anaya,Jones,anaya.jones.3238@example.com,Japan,2022-06-29
3239,Evelyn,Park,evelyn.park.3239@mail.com,South Africa,2024-01-09
3240,Ishaan,Jones,ishaan.jones.3240@inbox.com,Denmark,2023-08-02
3241,Elijah,Johnson,elijah.johnson.3241@company.org,Vietnam,2022-02-22
3242,Liam,Lee,liam.lee.3242@inbox.com,United Kingdom,2025-09-12
3243,Aarav,Singh,aarav.singh.3243@webmail.net,Spain,2023-06-04
3244,Noah,Kim,noah.kim.3244@mail.com,United Kingdom,2023-07-11
3245,Aisha,Singh,aisha.singh.3245@company.org,Italy,2022-10-17
3246,Vivaan,Jones,vivaan.jones.3246@webmail.net,Poland,2024-07-11
3247,Elijah,Lee,elijah.lee.3247@webmail.net,Spain,2024-01-06
3248,Anika,Menon,anika.menon.3248@inbox.com,Philippines,2024-07-22
3249,Noah,Garcia,noah.garcia.3249@webmail.net,Vietnam,2023-04-12
3250,Aditya,Bose,aditya.bose.3250@company.org,Brazil,2022-06-17
3251,Mason,Williams,mason.williams.3251@company.org,Japan,2023-09-15
3252,James,Sharma,james.sharma.3252@company.org,France,2022-09-16
3253,Aisha,Kumar,aisha.kumar.3253@company.org,Poland,2022-11-05
3254,Elijah,Chen,elijah.chen.3254@mail.com,Germany,2024-10-27
3255,Noah,Wang,noah.wang.3255@example.com,India,2023-04-26
3256,Shaurya,Wang,shaurya.wang.3256@webmail.net,UAE,2023-09-08
3257,Aanya,Jones,aanya.jones.3257@mail.com,USA,2022-11-08
3258,Diya,Das,diya.das.3258@example.com,South Korea,2022-10-14
3259,Anika,Zhang,anika.zhang.3259@webmail.net,Australia,2022-05-21
3260,Anika,Khan,anika.khan.3260@company.org,Vietnam,2025-08-06
3261,Emma,Sharma,emma.sharma.3261@mail.com,Netherlands,2023-06-20
3262,Reyansh,Garcia,reyansh.garcia.3262@webmail.net,Norway,2024-12-21
3263,Anaya,Bose,anaya.bose.3263@webmail.net,Netherlands,2025-07-15
3264,Mia,Lee,mia.lee.3264@example.com,Brazil,2023-08-26
3265,Ishaan,Brown,ishaan.brown.3265@webmail.net,Germany,2025-04-16
3266,Liam,Kumar,liam.kumar.3266@webmail.net,South Korea,2024-07-16
3267,Sophia,Davis,sophia.davis.3267@inbox.com,Canada,2024-01-29
3268,James,Sharma,james.sharma.3268@company.org,Brazil,2022-10-04
3269,Anika,Smith,anika.smith.3269@inbox.com,UAE,2024-02-18
3270,Aarav,Lopez,aarav.lopez.3270@webmail.net,Poland,2022-05-01
3271,Pari,Khan,pari.khan.3271@mail.com,Netherlands,2022-03-10
3272,Anaya,Das,anaya.das.3272@example.com,Spain,2023-06-12
3273,Ava,Kim,ava.kim.3273@webmail.net,France,2022-08-23
3274,Mira,Das,mira.das.3274@webmail.net,Singapore,2022-02-24
3275,Sara,Williams,sara.williams.3275@mail.com,France,2023-09-11
3276,Evelyn,Liu,evelyn.liu.3276@webmail.net,United Kingdom,2025-06-06
3277,Sai,Smith,sai.smith.3277@example.com,Vietnam,2024-10-15
3278,Sophia,Wang,sophia.wang.3278@mail.com,USA,2023-05-11
3279,Ishaan,Martinez,ishaan.martinez.3279@webmail.net,Sweden,2024-12-02
3280,Mia,Sharma,mia.sharma.3280@webmail.net,Netherlands,2023-10-19
3281,Vihaan,Das,vihaan.das.3281@inbox.com,Spain,2025-02-26
3282,Muhammad,Lopez,muhammad.lopez.3282@company.org,Italy,2023-08-03
3283,Lucas,Lee,lucas.lee.3283@company.org,Mexico,2023-07-21
3284,Muhammad,Wang,muhammad.wang.3284@webmail.net,France,2024-04-05
3285,Ava,Zhang,ava.zhang.3285@example.com,Vietnam,2022-08-22
3286,Aarav,Brown,aarav.brown.3286@company.org,Indonesia,2023-02-05
3287,Kiara,Miller,kiara.miller.3287@webmail.net,Poland,2023-11-07
3288,Vihaan,Jones,vihaan.jones.3288@example.com,South Korea,2022-07-08
3289,Amelia,Jones,amelia.jones.3289@example.com,UAE,2024-07-20
3290,Emma,Menon,emma.menon.3290@inbox.com,Spain,2024-11-14
3291,Mira,Chen,mira.chen.3291@company.org,USA,2023-02-20
3292,Diya,Das,diya.das.3292@webmail.net,UAE,2022-01-28
3293,Ethan,Brown,ethan.brown.3293@example.com,South Korea,2024-07-14
3294,Muhammad,Smith,muhammad.smith.3294@example.com,Philippines,2024-04-05
3295,Sophia,Iyer,sophia.iyer.3295@example.com,France,2024-04-11
3296,Reyansh,Khan,reyansh.khan.3296@mail.com,Philippines,2024-09-10
3297,Amelia,Williams,amelia.williams.3297@inbox.com,Japan,2023-12-13
3298,Daniel,Iyer,daniel.iyer.3298@company.org,Philippines,2024-06-03
3299,Mia,Patel,mia.patel.3299@inbox.com,Canada,2023-08-03
3300,Aditya,Khan,aditya.khan.3300@example.com,Poland,2023-08-17
3301,Harper,Nguyen,harper.nguyen.3301@inbox.com,Canada,2024-09-16
3302,Aisha,Williams,aisha.williams.3302@example.com,Singapore,2022-10-13
3303,Sara,Nguyen,sara.nguyen.3303@example.com,South Africa,2025-07-24
3304,Isabella,Gupta,isabella.gupta.3304@company.org,Australia,2023-02-10
3305,Aisha,Lopez,aisha.lopez.3305@company.org,Sweden,2025-08-20
3306,Anika,Lee,anika.lee.3306@inbox.com,India,2024-06-09
3307,Lucas,Mehta,lucas.mehta.3307@inbox.com,Spain,2025-03-06
3308,Diya,Menon,diya.menon.3308@example.com,Sweden,2024-07-28
3309,Sophia,Bose,sophia.bose.3309@inbox.com,France,2023-02-28
3310,Aarav,Williams,aarav.williams.3310@example.com,Australia,2025-04-29
3311,Mason,Park,mason.park.3311@inbox.com,Germany,2023-02-19
3312,Mia,Lopez,mia.lopez.3312@inbox.com,South Africa,2022-05-31
3313,Pari,Iyer,pari.iyer.3313@inbox.com,USA,2022-12-10
3314,Arjun,Lopez,arjun.lopez.3314@company.org,South Korea,2025-07-08
3315,Mia,Martinez,mia.martinez.3315@company.org,Spain,2023-05-26
3316,Charlotte,Johnson,charlotte.johnson.3316@company.org,Netherlands,2022-01-20
3317,Noah,Brown,noah.brown.3317@inbox.com,Mexico,2025-07-01
3318,Ethan,Khan,ethan.khan.3318@webmail.net,Italy,2022-11-24
3319,Charlotte,Lee,charlotte.lee.3319@webmail.net,France,2023-02-02
3320,Sophia,Patel,sophia.patel.3320@company.org,Vietnam,2022-05-03
3321,Amelia,Davis,amelia.davis.3321@example.com,UAE,2022-11-19
3322,Evelyn,Smith,evelyn.smith.3322@inbox.com,South Korea,2025-03-12
3323,Liam,Jones,liam.jones.3323@webmail.net,Vietnam,2022-02-15
3324,Shaurya,Lopez,shaurya.lopez.3324@mail.com,Denmark,2024-08-27
3325,Olivia,Martinez,olivia.martinez.3325@webmail.net,Spain,2025-04-03
3326,Vivaan,Chen,vivaan.chen.3326@company.org,South Korea,2025-03-01
3327,Amelia,Iyer,amelia.iyer.3327@company.org,Singapore,2022-07-24
3328,Ava,Lopez,ava.lopez.3328@example.com,United Kingdom,2023-09-07
3329,Anaya,Mehta,anaya.mehta.3329@company.org,United Kingdom,2023-03-26
3330,Diya,Zhang,diya.zhang.3330@webmail.net,France,2024-05-04
3331,Mason,Smith,mason.smith.3331@webmail.net,Australia,2024-07-19
3332,Zara,Brown,zara.brown.3332@example.com,UAE,2024-10-28
3333,Liam,Miller,liam.miller.3333@company.org,Norway,2023-09-02
3334,Pari,Zhang,pari.zhang.3334@webmail.net,Singapore,2025-03-21
3335,Mia,Das,mia.das.3335@mail.com,Italy,2025-09-18
3336,Diya,Johnson,diya.johnson.3336@example.com,South Korea,2024-04-07
3337,Noah,Chen,noah.chen.3337@mail.com,Italy,2024-11-27
3338,Reyansh,Johnson,reyansh.johnson.3338@webmail.net,Denmark,2023-10-12
3339,Mason,Mehta,mason.mehta.3339@example.com,South Africa,2024-08-19
3340,Pari,Khan,pari.khan.3340@company.org,Poland,2024-02-21
3341,Sai,Lopez,sai.lopez.3341@webmail.net,Denmark,2022-02-05
3342,Liam,Lopez,liam.lopez.3342@mail.com,Brazil,2024-06-03
3343,Lucas,Park,lucas.park.3343@inbox.com,Canada,2022-02-05
3344,Benjamin,Kumar,benjamin.kumar.3344@webmail.net,South Africa,2024-05-07
3345,Harper,Zhang,harper.zhang.3345@mail.com,Australia,2023-12-13
3346,Emma,Nguyen,emma.nguyen.3346@mail.com,Brazil,2024-01-04
3347,Kiara,Brown,kiara.brown.3347@inbox.com,Germany,2022-04-11
3348,Vivaan,Mehta,vivaan.mehta.3348@webmail.net,Denmark,2023-12-15
3349,Anika,Park,anika.park.3349@webmail.net,Poland,2023-01-11
3350,Diya,Jones,diya.jones.3350@example.com,Sweden,2025-06-02
3351,Benjamin,Liu,benjamin.liu.3351@mail.com,Mexico,2023-01-16
3352,Mia,Nguyen,mia.nguyen.3352@example.com,Canada,2025-03-08
3353,Aditya,Park,aditya.park.3353@webmail.net,Vietnam,2025-09-08
3354,Evelyn,Garcia,evelyn.garcia.3354@example.com,Singapore,2025-05-01
3355,Mason,Menon,mason.menon.3355@company.org,Indonesia,2022-07-07
3356,Benjamin,Kim,benjamin.kim.3356@example.com,Norway,2023-11-13
3357,Lucas,Liu,lucas.liu.3357@example.com,Philippines,2023-04-01
3358,Sophia,Liu,sophia.liu.3358@example.com,Philippines,2023-07-19
3359,Sophia,Lee,sophia.lee.3359@webmail.net,Sweden,2023-10-28
3360,Muhammad,Gupta,muhammad.gupta.3360@inbox.com,Germany,2025-03-23
3361,James,Chen,james.chen.3361@mail.com,United Kingdom,2023-07-24
3362,Mason,Park,mason.park.3362@mail.com,Mexico,2023-01-13
3363,Lucas,Mehta,lucas.mehta.3363@example.com,Japan,2023-05-28
3364,Arjun,Jones,arjun.jones.3364@webmail.net,Indonesia,2025-03-14
3365,Anika,Chen,anika.chen.3365@inbox.com,Japan,2023-04-04
3366,Ethan,Brown,ethan.brown.3366@inbox.com,Italy,2024-06-01
3367,Zara,Lopez,zara.lopez.3367@mail.com,India,2022-08-18
3368,Evelyn,Das,evelyn.das.3368@mail.com,USA,2025-09-29
3369,Emma,Martinez,emma.martinez.3369@inbox.com,UAE,2023-04-22
3370,Aanya,Martinez,aanya.martinez.3370@inbox.com,South Africa,2024-01-09
3371,Ethan,Park,ethan.park.3371@mail.com,South Korea,2025-03-01
3372,Ishaan,Khan,ishaan.khan.3372@inbox.com,Poland,2025-08-27
3373,Ava,Menon,ava.menon.3373@mail.com,South Africa,2022-02-13
3374,Anaya,Martinez,anaya.martinez.3374@mail.com,South Korea,2024-06-26
3375,Aarav,Menon,aarav.menon.3375@company.org,UAE,2025-03-04
3376,Evelyn,Johnson,evelyn.johnson.3376@company.org,Netherlands,2022-09-22
3377,Olivia,Kim,olivia.kim.3377@company.org,Germany,2025-08-17
3378,Harper,Brown,harper.brown.3378@inbox.com,Sweden,2023-08-11
3379,Amelia,Kim,amelia.kim.3379@company.org,France,2024-01-19
3380,Diya,Garcia,diya.garcia.3380@example.com,Singapore,2024-11-04
3381,Arjun,Brown,arjun.brown.3381@inbox.com,Brazil,2022-11-17
3382,Pari,Khan,pari.khan.3382@company.org,Japan,2025-04-23
3383,Muhammad,Kim,muhammad.kim.3383@inbox.com,Australia,2024-02-14
3384,Mia,Martinez,mia.martinez.3384@example.com,South Africa,2025-07-28
3385,Evelyn,Kumar,evelyn.kumar.3385@mail.com,Brazil,2023-07-19
3386,Aditya,Johnson,aditya.johnson.3386@example.com,South Africa,2023-05-27
3387,Harper,Reddy,harper.reddy.3387@company.org,Japan,2024-04-10
3388,Charlotte,Zhang,charlotte.zhang.3388@example.com,Canada,2023-11-25
3389,Elijah,Miller,elijah.miller.3389@mail.com,Brazil,2023-02-02
3390,Diya,Lee,diya.lee.3390@mail.com,South Africa,2022-12-21
3391,Mia,Singh,mia.singh.3391@company.org,India,2023-02-17
3392,Henry,Menon,henry.menon.3392@mail.com,Canada,2025-02-13
3393,Arjun,Kumar,arjun.kumar.3393@company.org,Germany,2023-04-16
3394,Vihaan,Mehta,vihaan.mehta.3394@mail.com,Brazil,2024-06-28
3395,James,Garcia,james.garcia.3395@example.com,Italy,2024-04-14
3396,Vihaan,Brown,vihaan.brown.3396@example.com,South Africa,2022-11-02
3397,Lucas,Gupta,lucas.gupta.3397@example.com,Italy,2024-01-10
3398,Kiara,Gupta,kiara.gupta.3398@company.org,Norway,2022-11-30
3399,Benjamin,Garcia,benjamin.garcia.3399@company.org,South Korea,2022-01-15
3400,James,Williams,james.williams.3400@webmail.net,United Kingdom,2025-04-22
3401,Kiara,Martinez,kiara.martinez.3401@company.org,South Africa,2025-03-19
3402,Mia,Sharma,mia.sharma.3402@webmail.net,Japan,2024-07-23
3403,Zara,Garcia,zara.garcia.3403@mail.com,South Africa,2023-05-26
3404,Harper,Garcia,harper.garcia.3404@inbox.com,Sweden,2024-09-29
3405,Aisha,Menon,aisha.menon.3405@mail.com,Norway,2023-06-14
3406,Zara,Park,zara.park.3406@company.org,Norway,2023-04-25
3407,Ethan,Gupta,ethan.gupta.3407@webmail.net,France,2022-01-11
3408,Liam,Kumar,liam.kumar.3408@webmail.net,Sweden,2024-02-10
3409,Aanya,Singh,aanya.singh.3409@webmail.net,Canada,2024-11-11
3410,Aisha,Gupta,aisha.gupta.3410@inbox.com,Italy,2024-09-17
3411,Charlotte,Liu,charlotte.liu.3411@mail.com,France,2025-04-24
3412,Reyansh,Chen,reyansh.chen.3412@mail.com,Brazil,2023-04-23
3413,Harper,Das,harper.das.3413@company.org,Mexico,2024-01-04
3414,Reyansh,Park,reyansh.park.3414@company.org,South Korea,2022-11-23
3415,Elijah,Park,elijah.park.3415@inbox.com,Germany,2022-08-31
3416,Kiara,Chen,kiara.chen.3416@mail.com,Singapore,2025-08-17
3417,Aanya,Lopez,aanya.lopez.3417@mail.com,Vietnam,2023-05-21
3418,Evelyn,Garcia,evelyn.garcia.3418@company.org,South Africa,2025-05-10
3419,Mason,Chen,mason.chen.3419@inbox.com,Philippines,2022-12-22
3420,Sara,Garcia,sara.garcia.3420@inbox.com,South Korea,2022-08-14
3421,Aisha,Brown,aisha.brown.3421@inbox.com,Philippines,2025-07-12
3422,Liam,Jones,liam.jones.3422@webmail.net,South Korea,2024-05-25
3423,Sophia,Chen,sophia.chen.3423@example.com,Spain,2025-03-30
3424,Sophia,Patel,sophia.patel.3424@inbox.com,Spain,2024-09-30
3425,Ishaan,Jones,ishaan.jones.3425@example.com,Japan,2025-06-25
3426,Kiara,Mehta,kiara.mehta.3426@inbox.com,Vietnam,2023-04-03
3427,Emma,Sharma,emma.sharma.3427@webmail.net,Mexico,2025-05-13
3428,Ava,Brown,ava.brown.3428@company.org,Norway,2025-02-22
3429,Kiara,Wang,kiara.wang.3429@company.org,Australia,2024-02-21
3430,Ethan,Zhang,ethan.zhang.3430@example.com,Japan,2022-04-26
3431,Anika,Singh,anika.singh.3431@webmail.net,Mexico,2025-01-25
3432,James,Garcia,james.garcia.3432@webmail.net,India,2024-12-04
3433,Amelia,Iyer,amelia.iyer.3433@company.org,Japan,2024-06-29
3434,Ava,Patel,ava.patel.3434@example.com,United Kingdom,2024-09-20
3435,Noah,Menon,noah.menon.3435@inbox.com,Norway,2023-11-12
3436,Mira,Gupta,mira.gupta.3436@mail.com,Netherlands,2025-03-10
3437,Arjun,Brown,arjun.brown.3437@webmail.net,Philippines,2025-07-04
3438,Shaurya,Zhang,shaurya.zhang.3438@company.org,Germany,2023-04-10
3439,Elijah,Mehta,elijah.mehta.3439@example.com,Norway,2023-11-12
3440,Anika,Brown,anika.brown.3440@company.org,Denmark,2025-03-30
3441,Sara,Davis,sara.davis.3441@inbox.com,Sweden,2024-12-07
3442,Vivaan,Khan,vivaan.khan.3442@inbox.com,Canada,2025-08-18
3443,Emma,Kumar,emma.kumar.3443@mail.com,Italy,2022-10-14
3444,Liam,Jones,liam.jones.3444@webmail.net,Brazil,2023-07-17
3445,Noah,Mehta,noah.mehta.3445@inbox.com,Vietnam,2023-02-01
3446,Benjamin,Nguyen,benjamin.nguyen.3446@mail.com,USA,2022-07-05
3447,Mason,Williams,mason.williams.3447@webmail.net,Singapore,2025-05-24
3448,Vihaan,Liu,vihaan.liu.3448@example.com,Sweden,2024-03-06
3449,Emma,Sharma,emma.sharma.3449@webmail.net,Denmark,2022-02-19
3450,Harper,Zhang,harper.zhang.3450@company.org,Mexico,2024-02-04
3451,Mira,Martinez,mira.martinez.3451@example.com,Mexico,2025-02-14
3452,Arjun,Martinez,arjun.martinez.3452@company.org,Canada,2025-04-27
3453,Muhammad,Davis,muhammad.davis.3453@company.org,France,2025-08-07
3454,Sai,Martinez,sai.martinez.3454@company.org,Italy,2024-10-07
3455,Kiara,Chen,kiara.chen.3455@webmail.net,Canada,2025-06-24
3456,Zara,Jones,zara.jones.3456@mail.com,Italy,2024-10-07
3457,Noah,Reddy,noah.reddy.3457@company.org,France,2023-06-12
3458,Mia,Miller,mia.miller.3458@webmail.net,Indonesia,2022-02-03
3459,Sophia,Martinez,sophia.martinez.3459@example.com,South Korea,2024-08-26
3460,Ava,Sharma,ava.sharma.3460@mail.com,USA,2023-05-16
3461,Isabella,Khan,isabella.khan.3461@mail.com,Japan,2024-06-26
3462,Liam,Davis,liam.davis.3462@mail.com,Italy,2025-04-11
3463,Elijah,Bose,elijah.bose.3463@company.org,UAE,2022-08-26
3464,Kiara,Chen,kiara.chen.3464@mail.com,Germany,2023-04-25
3465,Diya,Gupta,diya.gupta.3465@company.org,USA,2024-07-24
3466,Aditya,Chen,aditya.chen.3466@company.org,Germany,2023-06-26
3467,Arjun,Brown,arjun.brown.3467@mail.com,Mexico,2024-10-19
3468,Anaya,Mehta,anaya.mehta.3468@mail.com,South Korea,2023-10-22
3469,Zara,Iyer,zara.iyer.3469@inbox.com,Australia,2022-02-12
3470,Ishaan,Kumar,ishaan.kumar.3470@example.com,Italy,2025-07-19
3471,Ava,Sharma,ava.sharma.3471@mail.com,Italy,2023-08-14
3472,Vihaan,Jones,vihaan.jones.3472@webmail.net,Italy,2022-11-05
3473,Anaya,Chen,anaya.chen.3473@company.org,Singapore,2025-06-19
3474,Muhammad,Reddy,muhammad.reddy.3474@company.org,France,2024-06-17
3475,Evelyn,Gupta,evelyn.gupta.3475@mail.com,France,2022-07-06
3476,Amelia,Nguyen,amelia.nguyen.3476@inbox.com,Poland,2025-03-10
3477,Liam,Williams,liam.williams.3477@mail.com,Australia,2022-05-22
3478,Harper,Smith,harper.smith.3478@inbox.com,Netherlands,2024-03-01
3479,Muhammad,Jones,muhammad.jones.3479@example.com,USA,2023-08-14
3480,Mason,Johnson,mason.johnson.3480@inbox.com,United Kingdom,2023-07-14
3481,Aisha,Liu,aisha.liu.3481@webmail.net,Canada,2025-08-10
3482,Aisha,Iyer,aisha.iyer.3482@example.com,Indonesia,2024-10-07
3483,Ava,Kumar,ava.kumar.3483@example.com,Netherlands,2023-03-03
3484,Liam,Patel,liam.patel.3484@mail.com,Germany,2022-10-03
3485,Elijah,Sharma,elijah.sharma.3485@company.org,Germany,2022-08-30
3486,Ishaan,Lee,ishaan.lee.3486@example.com,Netherlands,2022-04-06
3487,Benjamin,Wang,benjamin.wang.3487@inbox.com,Australia,2023-08-01
3488,Daniel,Williams,daniel.williams.3488@webmail.net,France,2022-09-25
3489,Diya,Bose,diya.bose.3489@mail.com,Sweden,2025-02-26
3490,Diya,Smith,diya.smith.3490@mail.com,United Kingdom,2022-02-16
3491,Amelia,Mehta,amelia.mehta.3491@webmail.net,South Korea,2024-08-29
3492,Emma,Bose,emma.bose.3492@company.org,Japan,2023-05-14
3493,Vivaan,Wang,vivaan.wang.3493@inbox.com,USA,2022-02-14
3494,Lucas,Patel,lucas.patel.3494@mail.com,Philippines,2023-09-26
3495,Aditya,Davis,aditya.davis.3495@company.org,Singapore,2025-01-27
3496,Evelyn,Singh,evelyn.singh.3496@example.com,France,2022-01-24
3497,Olivia,Kumar,olivia.kumar.3497@example.com,Brazil,2023-10-15
3498,Arjun,Gupta,arjun.gupta.3498@webmail.net,Netherlands,2023-10-07
3499,Charlotte,Jones,charlotte.jones.3499@company.org,Germany,2025-06-11
3500,Aarav,Das,aarav.das.3500@webmail.net,Netherlands,2023-02-04
3501,Ishaan,Brown,ishaan.brown.3501@company.org,Vietnam,2023-07-22
3502,Daniel,Park,daniel.park.3502@example.com,Indonesia,2024-01-13
3503,Amelia,Nguyen,amelia.nguyen.3503@mail.com,Denmark,2022-07-15
3504,Pari,Miller,pari.miller.3504@mail.com,Germany,2022-12-17
3505,Sai,Nguyen,sai.nguyen.3505@webmail.net,United Kingdom,2023-03-15
3506,Daniel,Gupta,daniel.gupta.3506@mail.com,Brazil,2023-01-25
3507,Diya,Nguyen,diya.nguyen.3507@inbox.com,Vietnam,2023-05-26
3508,Mia,Park,mia.park.3508@company.org,Denmark,2024-03-13
3509,Elijah,Kumar,elijah.kumar.3509@mail.com,Japan,2023-05-25
3510,Isabella,Smith,isabella.smith.3510@mail.com,Vietnam,2024-06-19
3511,Aditya,Nguyen,aditya.nguyen.3511@example.com,Singapore,2025-05-18
3512,Kiara,Singh,kiara.singh.3512@mail.com,USA,2024-09-12
3513,Aditya,Liu,aditya.liu.3513@mail.com,Brazil,2023-09-09
3514,Liam,Sharma,liam.sharma.3514@webmail.net,Denmark,2024-01-22
3515,Olivia,Mehta,olivia.mehta.3515@company.org,South Africa,2023-09-23
3516,Ethan,Mehta,ethan.mehta.3516@company.org,Italy,2023-02-13
3517,Charlotte,Jones,charlotte.jones.3517@inbox.com,United Kingdom,2024-10-15
3518,Harper,Bose,harper.bose.3518@inbox.com,Mexico,2022-10-17
3519,Sara,Brown,sara.brown.3519@company.org,Netherlands,2023-12-10
3520,Reyansh,Park,reyansh.park.3520@company.org,Mexico,2023-02-13
3521,Arjun,Wang,arjun.wang.3521@webmail.net,UAE,2024-09-24
3522,Vivaan,Davis,vivaan.davis.3522@example.com,Germany,2022-12-19
3523,Mia,Liu,mia.liu.3523@example.com,United Kingdom,2024-05-05
3524,Mira,Khan,mira.khan.3524@inbox.com,UAE,2023-12-05
3525,Isabella,Davis,isabella.davis.3525@company.org,Canada,2022-10-11
3526,Sophia,Liu,sophia.liu.3526@mail.com,Sweden,2022-08-09
3527,Pari,Chen,pari.chen.3527@mail.com,USA,2025-02-13
3528,Olivia,Miller,olivia.miller.3528@mail.com,Poland,2024-05-24
3529,Evelyn,Miller,evelyn.miller.3529@company.org,India,2023-07-18
3530,Charlotte,Iyer,charlotte.iyer.3530@company.org,Indonesia,2022-09-17
3531,Emma,Singh,emma.singh.3531@mail.com,United Kingdom,2024-09-13
3532,Daniel,Iyer,daniel.iyer.3532@mail.com,Indonesia,2024-04-20
3533,Daniel,Williams,daniel.williams.3533@inbox.com,Australia,2022-03-17
3534,Sophia,Das,sophia.das.3534@company.org,Singapore,2023-10-17
3535,Lucas,Jones,lucas.jones.3535@mail.com,Mexico,2025-01-25
3536,Aisha,Sharma,aisha.sharma.3536@inbox.com,Canada,2025-01-05
3537,Henry,Park,henry.park.3537@mail.com,South Korea,2025-02-13
3538,Daniel,Lopez,daniel.lopez.3538@example.com,Canada,2025-03-19
3539,Mason,Khan,mason.khan.3539@webmail.net,Germany,2025-07-01
3540,Aanya,Chen,aanya.chen.3540@webmail.net,Brazil,2025-05-06
3541,Aanya,Kim,aanya.kim.3541@webmail.net,Spain,2024-07-07
3542,Kiara,Iyer,kiara.iyer.3542@example.com,UAE,2022-12-18
3543,Zara,Khan,zara.khan.3543@example.com,Singapore,2025-02-01
3544,James,Park,james.park.3544@mail.com,Germany,2023-11-20
3545,Shaurya,Park,shaurya.park.3545@inbox.com,Japan,2022-01-17
3546,Muhammad,Miller,muhammad.miller.3546@company.org,South Korea,2022-06-09
3547,Benjamin,Garcia,benjamin.garcia.3547@webmail.net,Brazil,2023-04-10
3548,Muhammad,Davis,muhammad.davis.3548@company.org,Philippines,2023-12-07
3549,Shaurya,Reddy,shaurya.reddy.3549@inbox.com,Philippines,2025-09-21
3550,Zara,Patel,zara.patel.3550@inbox.com,Singapore,2022-06-25
3551,Mia,Williams,mia.williams.3551@mail.com,Denmark,2025-09-23
3552,Amelia,Chen,amelia.chen.3552@mail.com,South Korea,2024-03-23
3553,Reyansh,Reddy,reyansh.reddy.3553@company.org,Philippines,2024-07-19
3554,Emma,Iyer,emma.iyer.3554@webmail.net,Vietnam,2025-07-23
3555,Isabella,Williams,isabella.williams.3555@example.com,India,2025-09-05
3556,Zara,Liu,zara.liu.3556@inbox.com,Philippines,2023-01-26
3557,Harper,Brown,harper.brown.3557@inbox.com,Spain,2023-07-09
3558,Sai,Sharma,sai.sharma.3558@webmail.net,United Kingdom,2023-01-13
3559,James,Garcia,james.garcia.3559@company.org,Brazil,2023-11-05
3560,Zara,Gupta,zara.gupta.3560@webmail.net,Indonesia,2024-05-20
3561,Benjamin,Liu,benjamin.liu.3561@webmail.net,Denmark,2024-07-31
3562,Evelyn,Zhang,evelyn.zhang.3562@webmail.net,Vietnam,2022-03-07
3563,Benjamin,Gupta,benjamin.gupta.3563@example.com,Denmark,2024-06-13
3564,Reyansh,Gupta,reyansh.gupta.3564@inbox.com,Brazil,2024-06-20
3565,Benjamin,Williams,benjamin.williams.3565@example.com,Singapore,2023-06-24
3566,Ethan,Zhang,ethan.zhang.3566@company.org,Italy,2025-09-03
3567,Evelyn,Patel,evelyn.patel.3567@webmail.net,Singapore,2024-11-05
3568,Vivaan,Mehta,vivaan.mehta.3568@mail.com,Denmark,2022-02-07
3569,Noah,Gupta,noah.gupta.3569@webmail.net,South Korea,2025-05-30
3570,Vivaan,Nguyen,vivaan.nguyen.3570@inbox.com,Italy,2023-07-12
3571,Olivia,Smith,olivia.smith.3571@inbox.com,Brazil,2023-11-24
3572,Vihaan,Brown,vihaan.brown.3572@inbox.com,Italy,2025-04-08
3573,Aanya,Mehta,aanya.mehta.3573@company.org,Norway,2024-10-04
3574,Liam,Nguyen,liam.nguyen.3574@inbox.com,Singapore,2025-04-28
3575,Diya,Zhang,diya.zhang.3575@example.com,Netherlands,2023-06-03
3576,Olivia,Lopez,olivia.lopez.3576@mail.com,Norway,2023-05-07
3577,Aisha,Gupta,aisha.gupta.3577@example.com,Philippines,2024-09-20
3578,Sophia,Brown,sophia.brown.3578@webmail.net,Poland,2024-09-20
3579,Diya,Chen,diya.chen.3579@mail.com,Singapore,2023-02-16
3580,Amelia,Smith,amelia.smith.3580@webmail.net,Mexico,2023-07-16
3581,Aanya,Singh,aanya.singh.3581@example.com,Mexico,2022-06-23
3582,Kiara,Martinez,kiara.martinez.3582@company.org,South Korea,2024-12-23
3583,Henry,Das,henry.das.3583@company.org,Norway,2022-10-04
3584,Sophia,Lopez,sophia.lopez.3584@example.com,Indonesia,2022-11-05
3585,Sai,Reddy,sai.reddy.3585@company.org,Indonesia,2025-09-24
3586,Sophia,Zhang,sophia.zhang.3586@mail.com,Japan,2025-01-17
3587,Noah,Davis,noah.davis.3587@webmail.net,UAE,2022-07-26
3588,Ava,Gupta,ava.gupta.3588@inbox.com,Philippines,2024-08-10
3589,Elijah,Reddy,elijah.reddy.3589@mail.com,Mexico,2023-11-19
3590,Aditya,Iyer,aditya.iyer.3590@mail.com,Norway,2024-11-02
3591,Zara,Sharma,zara.sharma.3591@mail.com,Netherlands,2025-07-18
3592,Pari,Iyer,pari.iyer.3592@webmail.net,Brazil,2024-10-03
3593,Anaya,Khan,anaya.khan.3593@inbox.com,USA,2023-01-14
3594,Vivaan,Zhang,vivaan.zhang.3594@webmail.net,Poland,2025-07-25
3595,Ethan,Williams,ethan.williams.3595@company.org,Norway,2024-06-01
3596,Kiara,Williams,kiara.williams.3596@company.org,France,2024-06-21
3597,Sophia,Kim,sophia.kim.3597@webmail.net,Denmark,2025-03-06
3598,Sara,Lee,sara.lee.3598@inbox.com,UAE,2023-11-02
3599,Emma,Smith,emma.smith.3599@inbox.com,Brazil,2024-04-19
3600,Olivia,Reddy,olivia.reddy.3600@mail.com,Indonesia,2023-05-15
3601,Anika,Wang,anika.wang.3601@company.org,Norway,2022-07-20
3602,Reyansh,Bose,reyansh.bose.3602@webmail.net,Sweden,2024-04-11
3603,Liam,Gupta,liam.gupta.3603@mail.com,Poland,2025-01-23
3604,Olivia,Lee,olivia.lee.3604@company.org,Indonesia,2025-06-29
3605,Pari,Jones,pari.jones.3605@company.org,Japan,2025-07-23
3606,Vihaan,Jones,vihaan.jones.3606@webmail.net,Poland,2024-02-12
3607,James,Williams,james.williams.3607@mail.com,Canada,2022-02-04
3608,Henry,Jones,henry.jones.3608@example.com,Norway,2023-06-24
3609,Lucas,Zhang,lucas.zhang.3609@mail.com,Indonesia,2022-04-10
3610,Olivia,Reddy,olivia.reddy.3610@inbox.com,Philippines,2024-06-04
3611,Sara,Kumar,sara.kumar.3611@example.com,Philippines,2025-01-13
3612,Benjamin,Garcia,benjamin.garcia.3612@mail.com,Spain,2023-09-08
3613,Anaya,Park,anaya.park.3613@inbox.com,Italy,2024-04-16
3614,Aisha,Brown,aisha.brown.3614@company.org,Brazil,2025-05-25
3615,Harper,Williams,harper.williams.3615@company.org,Germany,2024-11-24
3616,James,Brown,james.brown.3616@company.org,USA,2022-03-24
3617,Olivia,Martinez,olivia.martinez.3617@example.com,United Kingdom,2024-08-11
3618,Arjun,Miller,arjun.miller.3618@mail.com,Spain,2025-02-11
3619,Kiara,Iyer,kiara.iyer.3619@mail.com,Poland,2025-07-22
3620,Diya,Sharma,diya.sharma.3620@webmail.net,South Africa,2025-02-05
3621,Muhammad,Brown,muhammad.brown.3621@example.com,Canada,2023-09-19
3622,Elijah,Lee,elijah.lee.3622@webmail.net,Vietnam,2025-06-04
3623,Mason,Johnson,mason.johnson.3623@webmail.net,Indonesia,2022-08-04
3624,Noah,Singh,noah.singh.3624@inbox.com,United Kingdom,2023-07-06
3625,Diya,Lee,diya.lee.3625@inbox.com,Spain,2024-02-16
3626,Sai,Singh,sai.singh.3626@webmail.net,Japan,2022-11-08
3627,Pari,Smith,pari.smith.3627@example.com,South Africa,2023-06-12
3628,Ethan,Chen,ethan.chen.3628@company.org,United Kingdom,2023-02-05
3629,Vivaan,Kumar,vivaan.kumar.3629@example.com,Poland,2024-05-15
3630,Vihaan,Park,vihaan.park.3630@example.com,UAE,2022-09-19
3631,Aarav,Miller,aarav.miller.3631@example.com,USA,2023-05-23
3632,Ava,Das,ava.das.3632@company.org,USA,2024-05-25
3633,Emma,Zhang,emma.zhang.3633@mail.com,Canada,2022-10-20
3634,Daniel,Garcia,daniel.garcia.3634@company.org,France,2022-12-06
3635,Olivia,Gupta,olivia.gupta.3635@mail.com,Vietnam,2024-07-20
3636,Emma,Martinez,emma.martinez.3636@webmail.net,France,2025-01-02
3637,Diya,Miller,diya.miller.3637@webmail.net,Germany,2022-02-17
3638,Daniel,Patel,daniel.patel.3638@example.com,Norway,2025-06-07
3639,Aisha,Bose,aisha.bose.3639@example.com,South Korea,2023-06-27
3640,Diya,Martinez,diya.martinez.3640@mail.com,Sweden,2022-06-04
3641,Amelia,Mehta,amelia.mehta.3641@mail.com,Poland,2024-08-10
3642,Noah,Jones,noah.jones.3642@company.org,Vietnam,2025-07-16
3643,Ava,Wang,ava.wang.3643@example.com,Italy,2024-11-04
3644,Henry,Reddy,henry.reddy.3644@mail.com,Mexico,2023-07-23
3645,Shaurya,Iyer,shaurya.iyer.3645@mail.com,Netherlands,2025-05-18
3646,Sophia,Patel,sophia.patel.3646@example.com,UAE,2024-01-17
3647,James,Gupta,james.gupta.3647@example.com,Sweden,2024-10-27
3648,Liam,Bose,liam.bose.3648@company.org,Sweden,2024-06-12
3649,Charlotte,Miller,charlotte.miller.3649@company.org,Singapore,2024-09-26
3650,Kiara,Das,kiara.das.3650@mail.com,Mexico,2023-11-27
3651,Kiara,Das,kiara.das.3651@webmail.net,South Africa,2023-09-20
3652,Isabella,Johnson,isabella.johnson.3652@webmail.net,Canada,2022-02-07
3653,Amelia,Gupta,amelia.gupta.3653@company.org,Mexico,2024-01-23
3654,Daniel,Johnson,daniel.johnson.3654@webmail.net,South Korea,2025-05-06
3655,Mira,Chen,mira.chen.3655@example.com,Vietnam,2024-03-30
3656,Aditya,Mehta,aditya.mehta.3656@inbox.com,Canada,2024-07-01
3657,Elijah,Davis,elijah.davis.3657@inbox.com,France,2025-02-22
3658,Vihaan,Davis,vihaan.davis.3658@example.com,USA,2023-04-16
3659,Ava,Mehta,ava.mehta.3659@company.org,UAE,2022-03-23
3660,Isabella,Nguyen,isabella.nguyen.3660@company.org,Sweden,2025-08-12
3661,Diya,Miller,diya.miller.3661@example.com,UAE,2022-11-30
3662,Reyansh,Jones,reyansh.jones.3662@mail.com,France,2025-01-11
3663,Liam,Reddy,liam.reddy.3663@mail.com,Indonesia,2024-02-09
3664,Anaya,Martinez,anaya.martinez.3664@company.org,South Africa,2022-01-25
3665,Aditya,Bose,aditya.bose.3665@mail.com,Singapore,2024-12-06
3666,Muhammad,Bose,muhammad.bose.3666@example.com,South Korea,2023-01-09
3667,Noah,Singh,noah.singh.3667@mail.com,Singapore,2023-08-01
3668,Sophia,Patel,sophia.patel.3668@mail.com,Germany,2024-07-19
3669,Anika,Lopez,anika.lopez.3669@inbox.com,Vietnam,2023-10-19
3670,Elijah,Lee,elijah.lee.3670@inbox.com,South Africa,2022-11-15
3671,Zara,Williams,zara.williams.3671@example.com,Indonesia,2023-10-09
3672,Mason,Johnson,mason.johnson.3672@mail.com,Japan,2025-06-22
3673,Amelia,Menon,amelia.menon.3673@example.com,Poland,2024-08-31
3674,Sophia,Patel,sophia.patel.3674@webmail.net,Indonesia,2022-07-20
3675,Pari,Reddy,pari.reddy.3675@example.com,South Africa,2022-06-29
3676,Aanya,Kumar,aanya.kumar.3676@example.com,Netherlands,2022-10-12
3677,Charlotte,Brown,charlotte.brown.3677@inbox.com,France,2024-11-23
3678,Sophia,Das,sophia.das.3678@inbox.com,Norway,2023-03-19
3679,Elijah,Menon,elijah.menon.3679@example.com,United Kingdom,2023-09-06
3680,Kiara,Reddy,kiara.reddy.3680@webmail.net,Norway,2022-11-08
3681,Ishaan,Miller,ishaan.miller.3681@webmail.net,India,2024-01-14
3682,Reyansh,Gupta,reyansh.gupta.3682@example.com,Brazil,2025-07-18
3683,Ava,Singh,ava.singh.3683@example.com,Canada,2023-01-11
3684,Isabella,Lopez,isabella.lopez.3684@webmail.net,UAE,2025-02-20
3685,Shaurya,Jones,shaurya.jones.3685@example.com,Poland,2024-10-26
3686,Harper,Chen,harper.chen.3686@mail.com,Australia,2025-01-31
3687,Liam,Patel,liam.patel.3687@example.com,Denmark,2022-08-26
3688,Noah,Zhang,noah.zhang.3688@mail.com,Japan,2023-06-28
3689,Mia,Mehta,mia.mehta.3689@example.com,South Africa,2023-08-31
3690,Ava,Khan,ava.khan.3690@company.org,South Korea,2022-04-09
3691,Pari,Singh,pari.singh.3691@mail.com,South Africa,2023-06-06
3692,Ethan,Sharma,ethan.sharma.3692@example.com,Italy,2025-08-03
3693,Anika,Lopez,anika.lopez.3693@inbox.com,Sweden,2024-05-15
3694,Aanya,Khan,aanya.khan.3694@inbox.com,Norway,2022-03-30
3695,Muhammad,Park,muhammad.park.3695@webmail.net,Canada,2024-03-15
3696,Charlotte,Sharma,charlotte.sharma.3696@mail.com,Poland,2025-01-29
3697,Liam,Smith,liam.smith.3697@mail.com,India,2022-06-11
3698,Pari,Sharma,pari.sharma.3698@example.com,Singapore,2024-05-24
3699,Vihaan,Liu,vihaan.liu.3699@company.org,Singapore,2022-07-05
3700,Pari,Chen,pari.chen.3700@example.com,South Africa,2024-05-25
3701,Charlotte,Reddy,charlotte.reddy.3701@webmail.net,USA,2024-06-06
3702,Ava,Das,ava.das.3702@company.org,Vietnam,2023-08-24
3703,Ethan,Bose,ethan.bose.3703@mail.com,Philippines,2024-11-26
3704,Amelia,Lopez,amelia.lopez.3704@inbox.com,Japan,2024-09-16
3705,Mia,Garcia,mia.garcia.3705@webmail.net,Germany,2024-04-13
3706,Emma,Iyer,emma.iyer.3706@inbox.com,Germany,2024-09-16
3707,Diya,Johnson,diya.johnson.3707@mail.com,Japan,2023-07-26
3708,Vivaan,Williams,vivaan.williams.3708@mail.com,South Korea,2022-03-08
3709,Mia,Williams,mia.williams.3709@company.org,Indonesia,2025-08-16
3710,Pari,Johnson,pari.johnson.3710@inbox.com,Germany,2022-11-20
3711,Sophia,Williams,sophia.williams.3711@webmail.net,Spain,2025-02-13
3712,Ethan,Jones,ethan.jones.3712@webmail.net,Singapore,2023-07-19
3713,Noah,Brown,noah.brown.3713@webmail.net,Vietnam,2022-07-26
3714,Evelyn,Mehta,evelyn.mehta.3714@mail.com,Brazil,2025-01-11
3715,Kiara,Martinez,kiara.martinez.3715@company.org,Australia,2023-07-19
3716,Mia,Davis,mia.davis.3716@inbox.com,Spain,2024-09-27
3717,Aisha,Mehta,aisha.mehta.3717@mail.com,Singapore,2024-01-01
3718,Reyansh,Davis,reyansh.davis.3718@webmail.net,South Africa,2023-04-12
3719,Daniel,Williams,daniel.williams.3719@mail.com,India,2022-12-04
3720,Noah,Davis,noah.davis.3720@webmail.net,France,2024-03-14
3721,Isabella,Singh,isabella.singh.3721@example.com,Italy,2024-12-14
3722,Anaya,Johnson,anaya.johnson.3722@mail.com,Denmark,2023-03-01
3723,Elijah,Chen,elijah.chen.3723@webmail.net,Germany,2024-06-12
3724,Kiara,Khan,kiara.khan.3724@inbox.com,Spain,2023-12-29
3725,Anika,Zhang,anika.zhang.3725@mail.com,Philippines,2025-03-30
3726,Amelia,Brown,amelia.brown.3726@company.org,Poland,2024-04-04
3727,Aditya,Park,aditya.park.3727@example.com,United Kingdom,2022-05-14
3728,Vivaan,Sharma,vivaan.sharma.3728@inbox.com,India,2025-08-17
3729,Sai,Brown,sai.brown.3729@mail.com,UAE,2025-03-01
3730,Shaurya,Mehta,shaurya.mehta.3730@example.com,South Korea,2023-07-18
3731,Daniel,Bose,daniel.bose.3731@company.org,Mexico,2025-07-10
3732,Ethan,Garcia,ethan.garcia.3732@mail.com,Mexico,2023-03-27
3733,Aisha,Gupta,aisha.gupta.3733@mail.com,Norway,2025-09-29
3734,Shaurya,Singh,shaurya.singh.3734@example.com,Spain,2024-04-06
3735,Daniel,Williams,daniel.williams.3735@company.org,France,2024-05-08
3736,Lucas,Lee,lucas.lee.3736@mail.com,Japan,2022-06-26
3737,Shaurya,Bose,shaurya.bose.3737@example.com,Italy,2025-03-19
3738,Aditya,Khan,aditya.khan.3738@webmail.net,Singapore,2023-08-13
3739,Lucas,Singh,lucas.singh.3739@company.org,USA,2024-12-04
3740,Emma,Bose,emma.bose.3740@company.org,Italy,2024-06-07
3741,Diya,Jones,diya.jones.3741@webmail.net,USA,2024-11-09
3742,Elijah,Smith,elijah.smith.3742@example.com,Mexico,2023-07-29
3743,Arjun,Singh,arjun.singh.3743@company.org,Germany,2023-04-12
3744,Sophia,Bose,sophia.bose.3744@example.com,Germany,2025-05-13
3745,Kiara,Kim,kiara.kim.3745@inbox.com,Mexico,2025-01-10
3746,Sai,Smith,sai.smith.3746@webmail.net,Poland,2022-01-25
3747,Daniel,Kumar,daniel.kumar.3747@webmail.net,Denmark,2022-09-20
3748,Emma,Zhang,emma.zhang.3748@mail.com,Japan,2024-03-08
3749,Zara,Miller,zara.miller.3749@webmail.net,USA,2023-05-10
3750,Aanya,Patel,aanya.patel.3750@mail.com,South Africa,2024-12-24
3751,Aisha,Menon,aisha.menon.3751@webmail.net,Italy,2023-06-09
3752,Aditya,Menon,aditya.menon.3752@webmail.net,Philippines,2024-10-21
3753,Sai,Brown,sai.brown.3753@example.com,Norway,2022-07-22
3754,Daniel,Sharma,daniel.sharma.3754@company.org,Philippines,2022-01-30
3755,Aisha,Johnson,aisha.johnson.3755@webmail.net,Australia,2023-08-14
3756,Ava,Patel,ava.patel.3756@inbox.com,Indonesia,2024-12-18
3757,Ava,Brown,ava.brown.3757@company.org,UAE,2025-08-19
3758,Isabella,Williams,isabella.williams.3758@inbox.com,Indonesia,2022-07-25
3759,Olivia,Nguyen,olivia.nguyen.3759@company.org,Japan,2022-10-27
3760,Amelia,Das,amelia.das.3760@example.com,Japan,2023-11-30
3761,Sai,Wang,sai.wang.3761@inbox.com,Vietnam,2025-08-31
3762,Harper,Kumar,harper.kumar.3762@example.com,United Kingdom,2025-06-13
3763,Ishaan,Wang,ishaan.wang.3763@mail.com,United Kingdom,2022-04-26
3764,Diya,Smith,diya.smith.3764@mail.com,Canada,2024-06-07
3765,Anika,Chen,anika.chen.3765@example.com,Canada,2022-01-15
3766,Aarav,Nguyen,aarav.nguyen.3766@company.org,Mexico,2022-04-20
3767,Shaurya,Martinez,shaurya.martinez.3767@webmail.net,South Africa,2024-09-07
3768,Noah,Wang,noah.wang.3768@example.com,Vietnam,2024-08-09
3769,Muhammad,Patel,muhammad.patel.3769@mail.com,Indonesia,2022-11-06
3770,Sai,Singh,sai.singh.3770@example.com,Canada,2022-01-06
3771,Isabella,Wang,isabella.wang.3771@mail.com,Vietnam,2022-11-23
3772,Vihaan,Lee,vihaan.lee.3772@webmail.net,Canada,2023-05-13
3773,Evelyn,Mehta,evelyn.mehta.3773@mail.com,Netherlands,2025-01-05
3774,Amelia,Lopez,amelia.lopez.3774@mail.com,Indonesia,2023-12-30
3775,Mira,Nguyen,mira.nguyen.3775@company.org,Vietnam,2025-09-05
3776,Vihaan,Jones,vihaan.jones.3776@company.org,France,2022-01-10
3777,Sai,Singh,sai.singh.3777@inbox.com,Australia,2022-08-12
3778,Charlotte,Martinez,charlotte.martinez.3778@example.com,Australia,2024-12-27
3779,Arjun,Mehta,arjun.mehta.3779@inbox.com,France,2025-03-20
3780,Pari,Singh,pari.singh.3780@company.org,Singapore,2023-04-06
3781,Benjamin,Williams,benjamin.williams.3781@inbox.com,Sweden,2022-12-06
3782,Isabella,Menon,isabella.menon.3782@mail.com,UAE,2024-04-04
3783,Aarav,Kim,aarav.kim.3783@inbox.com,Vietnam,2023-03-14
3784,Aanya,Reddy,aanya.reddy.3784@example.com,India,2024-02-07
3785,Olivia,Kumar,olivia.kumar.3785@example.com,Philippines,2024-08-20
3786,Isabella,Reddy,isabella.reddy.3786@webmail.net,Vietnam,2022-01-19
3787,Sai,Brown,sai.brown.3787@inbox.com,Denmark,2024-12-20
3788,Benjamin,Park,benjamin.park.3788@company.org,Canada,2023-02-12
3789,Liam,Jones,liam.jones.3789@webmail.net,UAE,2023-07-30
3790,Amelia,Das,amelia.das.3790@inbox.com,Netherlands,2024-04-28
3791,Kiara,Iyer,kiara.iyer.3791@mail.com,Denmark,2022-03-08
3792,Olivia,Williams,olivia.williams.3792@webmail.net,Italy,2023-05-19
3793,Sophia,Jones,sophia.jones.3793@webmail.net,Italy,2022-08-26
3794,Shaurya,Nguyen,shaurya.nguyen.3794@webmail.net,Singapore,2022-02-08
3795,Ishaan,Wang,ishaan.wang.3795@webmail.net,Mexico,2025-09-13
3796,Shaurya,Johnson,shaurya.johnson.3796@example.com,UAE,2023-11-06
3797,Diya,Khan,diya.khan.3797@mail.com,Denmark,2022-12-04
3798,Reyansh,Sharma,reyansh.sharma.3798@webmail.net,Singapore,2022-08-21
3799,Zara,Brown,zara.brown.3799@example.com,Australia,2024-02-12
3800,Sophia,Singh,sophia.singh.3800@company.org,South Korea,2023-03-08
3801,Pari,Mehta,pari.mehta.3801@company.org,Netherlands,2025-01-29
3802,Amelia,Williams,amelia.williams.3802@mail.com,Spain,2024-01-28
3803,Vihaan,Smith,vihaan.smith.3803@example.com,United Kingdom,2023-05-18
3804,Lucas,Lopez,lucas.lopez.3804@mail.com,South Korea,2023-01-01
3805,Evelyn,Garcia,evelyn.garcia.3805@webmail.net,Australia,2024-02-01
3806,Aarav,Das,aarav.das.3806@mail.com,South Africa,2023-06-10
3807,Aisha,Park,aisha.park.3807@webmail.net,Poland,2024-08-08
3808,Muhammad,Lopez,muhammad.lopez.3808@company.org,Germany,2023-03-14
3809,Noah,Nguyen,noah.nguyen.3809@mail.com,UAE,2023-07-29
3810,Elijah,Garcia,elijah.garcia.3810@example.com,Canada,2023-11-26
3811,Emma,Williams,emma.williams.3811@mail.com,Brazil,2023-05-22
3812,Pari,Bose,pari.bose.3812@webmail.net,Mexico,2025-05-07
3813,Zara,Davis,zara.davis.3813@company.org,Mexico,2025-05-18
3814,Noah,Lee,noah.lee.3814@mail.com,Australia,2023-05-15
3815,Elijah,Bose,elijah.bose.3815@company.org,Brazil,2024-08-04
3816,Anika,Liu,anika.liu.3816@webmail.net,Brazil,2024-05-25
3817,Lucas,Kumar,lucas.kumar.3817@inbox.com,USA,2024-03-04
3818,Reyansh,Johnson,reyansh.johnson.3818@company.org,Germany,2023-05-15
3819,Sai,Miller,sai.miller.3819@webmail.net,Netherlands,2024-07-25
3820,Zara,Reddy,zara.reddy.3820@webmail.net,Italy,2025-04-22
3821,Kiara,Wang,kiara.wang.3821@mail.com,Japan,2023-07-20
3822,Vihaan,Garcia,vihaan.garcia.3822@mail.com,Brazil,2024-09-10
3823,Aarav,Brown,aarav.brown.3823@company.org,UAE,2024-01-20
3824,Henry,Khan,henry.khan.3824@inbox.com,Japan,2024-01-23
3825,Liam,Lopez,liam.lopez.3825@mail.com,Norway,2025-07-04
3826,Kiara,Bose,kiara.bose.3826@company.org,Poland,2022-07-06
3827,Mira,Nguyen,mira.nguyen.3827@mail.com,India,2024-03-24
3828,Harper,Das,harper.das.3828@webmail.net,Brazil,2023-10-20
3829,Aarav,Das,aarav.das.3829@mail.com,Japan,2022-08-12
3830,Mira,Sharma,mira.sharma.3830@webmail.net,USA,2022-05-03
3831,Emma,Jones,emma.jones.3831@webmail.net,Germany,2024-08-30
3832,Ava,Davis,ava.davis.3832@company.org,France,2023-11-21
3833,Liam,Gupta,liam.gupta.3833@webmail.net,Japan,2023-03-05
3834,Kiara,Lee,kiara.lee.3834@webmail.net,Poland,2023-03-19
3835,Aanya,Martinez,aanya.martinez.3835@inbox.com,Germany,2022-01-27
3836,Muhammad,Patel,muhammad.patel.3836@company.org,Mexico,2024-01-12
3837,Emma,Khan,emma.khan.3837@webmail.net,Mexico,2024-05-04
3838,Vivaan,Kim,vivaan.kim.3838@inbox.com,Spain,2023-09-07
3839,Diya,Brown,diya.brown.3839@example.com,Poland,2024-09-26
3840,Mira,Brown,mira.brown.3840@company.org,Denmark,2022-03-03
3841,Harper,Patel,harper.patel.3841@mail.com,Philippines,2024-02-11
3842,Arjun,Bose,arjun.bose.3842@mail.com,Canada,2022-08-24
3843,Reyansh,Miller,reyansh.miller.3843@mail.com,France,2022-05-23
3844,Emma,Smith,emma.smith.3844@example.com,Mexico,2023-10-04
3845,Noah,Chen,noah.chen.3845@webmail.net,Canada,2023-09-15
3846,Charlotte,Patel,charlotte.patel.3846@webmail.net,Sweden,2024-09-24
3847,Sophia,Lee,sophia.lee.3847@company.org,Germany,2025-07-02
3848,Sai,Liu,sai.liu.3848@webmail.net,Australia,2022-09-05
3849,Muhammad,Chen,muhammad.chen.3849@mail.com,Japan,2023-01-07
3850,Vihaan,Kim,vihaan.kim.3850@company.org,Vietnam,2022-02-07
3851,Vihaan,Kim,vihaan.kim.3851@mail.com,Indonesia,2024-01-14
3852,Aditya,Patel,aditya.patel.3852@mail.com,Brazil,2022-08-26
3853,Ishaan,Miller,ishaan.miller.3853@inbox.com,Mexico,2023-08-25
3854,Sophia,Sharma,sophia.sharma.3854@inbox.com,Sweden,2024-02-04
3855,Vivaan,Park,vivaan.park.3855@webmail.net,Indonesia,2024-05-04
3856,Arjun,Patel,arjun.patel.3856@company.org,Australia,2022-02-25
3857,Anaya,Iyer,anaya.iyer.3857@webmail.net,Denmark,2022-01-12
3858,Olivia,Lee,olivia.lee.3858@company.org,Canada,2023-07-26
3859,Harper,Kumar,harper.kumar.3859@webmail.net,France,2022-11-27
3860,Shaurya,Davis,shaurya.davis.3860@company.org,USA,2023-03-14
3861,Zara,Davis,zara.davis.3861@company.org,UAE,2023-08-27
3862,Aanya,Liu,aanya.liu.3862@company.org,Australia,2023-02-03
3863,Noah,Mehta,noah.mehta.3863@inbox.com,Mexico,2023-09-02
3864,Muhammad,Kim,muhammad.kim.3864@webmail.net,South Korea,2022-02-14
3865,Ethan,Lopez,ethan.lopez.3865@company.org,South Africa,2025-04-11
3866,Sophia,Mehta,sophia.mehta.3866@example.com,France,2022-03-06
3867,Ava,Wang,ava.wang.3867@mail.com,United Kingdom,2022-11-07
3868,Elijah,Nguyen,elijah.nguyen.3868@inbox.com,Philippines,2025-07-17
3869,Anaya,Kumar,anaya.kumar.3869@inbox.com,Denmark,2023-07-15
3870,Mia,Patel,mia.patel.3870@mail.com,South Africa,2024-05-30
3871,Sara,Mehta,sara.mehta.3871@example.com,Sweden,2023-04-27
3872,Aarav,Mehta,aarav.mehta.3872@inbox.com,France,2022-11-17
3873,Amelia,Nguyen,amelia.nguyen.3873@inbox.com,Singapore,2023-12-13
3874,Sophia,Lopez,sophia.lopez.3874@webmail.net,France,2024-01-16
3875,Henry,Lopez,henry.lopez.3875@mail.com,South Korea,2022-05-01
3876,Daniel,Gupta,daniel.gupta.3876@example.com,USA,2024-08-20
3877,Vihaan,Zhang,vihaan.zhang.3877@inbox.com,USA,2022-01-01
3878,Aisha,Jones,aisha.jones.3878@company.org,Singapore,2022-09-05
3879,Reyansh,Patel,reyansh.patel.3879@mail.com,UAE,2024-09-30
3880,Kiara,Williams,kiara.williams.3880@inbox.com,Philippines,2022-04-29
3881,Zara,Williams,zara.williams.3881@example.com,South Africa,2023-04-08
3882,Aditya,Kumar,aditya.kumar.3882@inbox.com,United Kingdom,2022-08-09
3883,Sara,Jones,sara.jones.3883@example.com,Australia,2024-09-16
3884,Vivaan,Kumar,vivaan.kumar.3884@mail.com,Netherlands,2022-01-23
3885,Muhammad,Reddy,muhammad.reddy.3885@mail.com,Philippines,2023-12-09
3886,James,Lee,james.lee.3886@inbox.com,Norway,2023-02-24
3887,Vivaan,Lee,vivaan.lee.3887@webmail.net,Denmark,2022-04-09
3888,Shaurya,Mehta,shaurya.mehta.3888@webmail.net,Canada,2024-11-19
3889,Ava,Sharma,ava.sharma.3889@webmail.net,India,2023-11-03
3890,Mia,Williams,mia.williams.3890@example.com,France,2024-06-14
3891,Aditya,Park,aditya.park.3891@inbox.com,Canada,2025-01-07
3892,Mira,Nguyen,mira.nguyen.3892@mail.com,Netherlands,2025-05-30
3893,Zara,Sharma,zara.sharma.3893@inbox.com,Vietnam,2025-09-16
3894,Kiara,Iyer,kiara.iyer.3894@webmail.net,Indonesia,2025-06-12
3895,Aarav,Kim,aarav.kim.3895@company.org,India,2025-07-21
3896,Isabella,Davis,isabella.davis.3896@webmail.net,Indonesia,2025-05-15
3897,Pari,Lee,pari.lee.3897@example.com,Philippines,2023-03-22
3898,Emma,Reddy,emma.reddy.3898@inbox.com,Poland,2023-12-10
3899,Lucas,Davis,lucas.davis.3899@inbox.com,France,2024-10-20
3900,Emma,Nguyen,emma.nguyen.3900@company.org,Norway,2022-08-15
3901,Liam,Nguyen,liam.nguyen.3901@inbox.com,South Africa,2023-09-25
3902,Diya,Martinez,diya.martinez.3902@inbox.com,Singapore,2023-12-28
3903,Olivia,Chen,olivia.chen.3903@mail.com,South Korea,2025-06-18
3904,Amelia,Park,amelia.park.3904@webmail.net,Norway,2023-07-14
3905,Isabella,Reddy,isabella.reddy.3905@inbox.com,Poland,2022-08-02
3906,Noah,Bose,noah.bose.3906@webmail.net,UAE,2023-12-02
3907,Charlotte,Zhang,charlotte.zhang.3907@mail.com,Vietnam,2022-03-08
3908,Noah,Miller,noah.miller.3908@mail.com,South Africa,2024-07-19
3909,Noah,Davis,noah.davis.3909@mail.com,South Africa,2025-08-15
3910,Elijah,Khan,elijah.khan.3910@webmail.net,Australia,2022-05-07
3911,Mason,Kumar,mason.kumar.3911@company.org,United Kingdom,2024-04-25
3912,Aditya,Miller,aditya.miller.3912@company.org,United Kingdom,2022-01-07
3913,Sara,Bose,sara.bose.3913@mail.com,Norway,2025-02-23
3914,Pari,Park,pari.park.3914@inbox.com,Indonesia,2024-01-30
3915,Muhammad,Brown,muhammad.brown.3915@inbox.com,Philippines,2024-05-01
3916,Sophia,Miller,sophia.miller.3916@webmail.net,Vietnam,2022-12-07
3917,Elijah,Smith,elijah.smith.3917@webmail.net,Philippines,2024-12-04
3918,Reyansh,Iyer,reyansh.iyer.3918@webmail.net,South Africa,2022-08-30
3919,Kiara,Lee,kiara.lee.3919@company.org,USA,2025-05-27
3920,Reyansh,Garcia,reyansh.garcia.3920@example.com,Germany,2024-12-15
3921,Aisha,Iyer,aisha.iyer.3921@inbox.com,Singapore,2025-07-05
3922,Anaya,Davis,anaya.davis.3922@example.com,South Africa,2025-06-19
3923,Kiara,Sharma,kiara.sharma.3923@example.com,USA,2023-04-05
3924,Muhammad,Mehta,muhammad.mehta.3924@example.com,France,2022-04-15
3925,Sara,Jones,sara.jones.3925@webmail.net,United Kingdom,2023-07-10
3926,Sophia,Sharma,sophia.sharma.3926@company.org,Indonesia,2023-04-12
3927,Noah,Johnson,noah.johnson.3927@mail.com,UAE,2023-04-17
3928,Isabella,Lopez,isabella.lopez.3928@webmail.net,Denmark,2024-09-13
3929,Daniel,Martinez,daniel.martinez.3929@webmail.net,India,2022-02-18
3930,Amelia,Brown,amelia.brown.3930@example.com,UAE,2023-02-02
3931,Lucas,Zhang,lucas.zhang.3931@company.org,Singapore,2025-04-10
3932,Reyansh,Williams,reyansh.williams.3932@company.org,Indonesia,2024-08-21
3933,Olivia,Park,olivia.park.3933@example.com,Netherlands,2023-08-14
3934,Aditya,Garcia,aditya.garcia.3934@webmail.net,Canada,2023-01-27
3935,Charlotte,Reddy,charlotte.reddy.3935@mail.com,Canada,2025-01-30
3936,Reyansh,Jones,reyansh.jones.3936@inbox.com,Singapore,2023-01-10
3937,Benjamin,Garcia,benjamin.garcia.3937@inbox.com,India,2023-04-27
3938,Henry,Chen,henry.chen.3938@webmail.net,Indonesia,2022-12-03
3939,Daniel,Williams,daniel.williams.3939@example.com,United Kingdom,2024-11-28
3940,Ishaan,Martinez,ishaan.martinez.3940@example.com,Vietnam,2024-02-26
3941,Ethan,Reddy,ethan.reddy.3941@mail.com,Sweden,2023-12-21
3942,Zara,Lee,zara.lee.3942@webmail.net,Denmark,2025-05-29
3943,Charlotte,Kim,charlotte.kim.3943@example.com,Philippines,2023-01-29
3944,James,Gupta,james.gupta.3944@company.org,Indonesia,2024-02-02
3945,Diya,Kumar,diya.kumar.3945@inbox.com,Italy,2025-08-18
3946,Aanya,Patel,aanya.patel.3946@company.org,South Korea,2023-05-30
3947,Isabella,Gupta,isabella.gupta.3947@mail.com,Vietnam,2025-07-24
3948,Arjun,Mehta,arjun.mehta.3948@webmail.net,Netherlands,2023-01-22
3949,Aarav,Johnson,aarav.johnson.3949@mail.com,Philippines,2025-04-14
3950,Ava,Patel,ava.patel.3950@mail.com,South Korea,2022-12-14
3951,Noah,Zhang,noah.zhang.3951@company.org,Vietnam,2025-08-06
3952,Amelia,Iyer,amelia.iyer.3952@webmail.net,Indonesia,2025-06-09
3953,Muhammad,Gupta,muhammad.gupta.3953@mail.com,France,2022-07-25
3954,Benjamin,Martinez,benjamin.martinez.3954@webmail.net,USA,2024-02-10
3955,Emma,Wang,emma.wang.3955@webmail.net,Indonesia,2022-02-01
3956,Evelyn,Kumar,evelyn.kumar.3956@inbox.com,Indonesia,2024-09-13
3957,Charlotte,Gupta,charlotte.gupta.3957@webmail.net,Spain,2022-02-22
3958,Zara,Williams,zara.williams.3958@webmail.net,Norway,2022-04-14
3959,Arjun,Reddy,arjun.reddy.3959@inbox.com,Japan,2024-01-08
3960,Sophia,Miller,sophia.miller.3960@mail.com,Brazil,2022-07-07
3961,Vivaan,Singh,vivaan.singh.3961@company.org,Canada,2022-10-18
3962,Kiara,Jones,kiara.jones.3962@company.org,Vietnam,2023-08-03
3963,Henry,Menon,henry.menon.3963@example.com,Netherlands,2025-05-12
3964,Diya,Martinez,diya.martinez.3964@example.com,Spain,2024-05-19
3965,Aditya,Iyer,aditya.iyer.3965@mail.com,Australia,2023-04-12
3966,Ishaan,Nguyen,ishaan.nguyen.3966@webmail.net,Indonesia,2022-01-18
3967,Emma,Patel,emma.patel.3967@example.com,Sweden,2022-06-25
3968,Evelyn,Park,evelyn.park.3968@company.org,Japan,2024-04-04
3969,Aarav,Das,aarav.das.3969@inbox.com,Germany,2023-01-14
3970,Lucas,Wang,lucas.wang.3970@mail.com,Australia,2024-10-28
3971,Lucas,Garcia,lucas.garcia.3971@mail.com,Netherlands,2022-06-03
3972,Diya,Johnson,diya.johnson.3972@company.org,Norway,2025-08-26
3973,Arjun,Khan,arjun.khan.3973@mail.com,Vietnam,2025-08-25
3974,Harper,Khan,harper.khan.3974@webmail.net,Canada,2024-03-08
3975,Arjun,Martinez,arjun.martinez.3975@mail.com,France,2024-08-31
3976,Mason,Liu,mason.liu.3976@inbox.com,South Africa,2022-12-17
3977,Sara,Williams,sara.williams.3977@webmail.net,India,2022-03-08
3978,Liam,Chen,liam.chen.3978@example.com,Singapore,2022-10-27
3979,Emma,Johnson,emma.johnson.3979@company.org,Italy,2025-07-23
3980,Pari,Nguyen,pari.nguyen.3980@webmail.net,Germany,2024-08-13
3981,Harper,Kumar,harper.kumar.3981@mail.com,Spain,2023-01-10
3982,Benjamin,Miller,benjamin.miller.3982@webmail.net,South Korea,2025-04-15
3983,Arjun,Williams,arjun.williams.3983@example.com,Poland,2023-10-11
3984,Arjun,Davis,arjun.davis.3984@mail.com,Canada,2025-04-15
3985,Aditya,Smith,aditya.smith.3985@webmail.net,Japan,2023-03-13
3986,Mia,Kim,mia.kim.3986@inbox.com,Mexico,2025-07-23
3987,Charlotte,Lopez,charlotte.lopez.3987@inbox.com,Mexico,2025-08-21
3988,Lucas,Miller,lucas.miller.3988@webmail.net,Netherlands,2025-03-22
3989,James,Lee,james.lee.3989@company.org,Norway,2024-07-20
3990,Elijah,Khan,elijah.khan.3990@inbox.com,Netherlands,2022-05-22
3991,Amelia,Brown,amelia.brown.3991@company.org,Norway,2024-08-15
3992,Arjun,Menon,arjun.menon.3992@inbox.com,South Africa,2023-02-26
3993,Mira,Lopez,mira.lopez.3993@mail.com,Sweden,2023-05-02
3994,Liam,Bose,liam.bose.3994@company.org,Brazil,2022-10-25
3995,Olivia,Das,olivia.das.3995@inbox.com,Australia,2024-03-15
3996,Mason,Menon,mason.menon.3996@company.org,Japan,2023-10-21
3997,Kiara,Chen,kiara.chen.3997@mail.com,Poland,2025-05-31
3998,Mira,Mehta,mira.mehta.3998@inbox.com,Vietnam,2025-01-12
3999,Charlotte,Davis,charlotte.davis.3999@mail.com,Mexico,2025-05-24
4000,Mia,Martinez,mia.martinez.4000@mail.com,Sweden,2022-07-02
4001,Mira,Kim,mira.kim.4001@mail.com,Brazil,2024-07-18
4002,Noah,Singh,noah.singh.4002@webmail.net,South Africa,2023-08-06
4003,Anika,Johnson,anika.johnson.4003@inbox.com,Netherlands,2024-06-01
4004,Mia,Davis,mia.davis.4004@mail.com,Mexico,2023-01-31
4005,Benjamin,Reddy,benjamin.reddy.4005@example.com,Japan,2023-08-08
4006,Henry,Johnson,henry.johnson.4006@example.com,USA,2022-10-21
4007,Sara,Bose,sara.bose.4007@webmail.net,Netherlands,2024-05-05
4008,James,Liu,james.liu.4008@company.org,Japan,2024-05-31
4009,Mason,Mehta,mason.mehta.4009@example.com,Japan,2023-10-27
4010,Amelia,Lopez,amelia.lopez.4010@webmail.net,United Kingdom,2023-11-11
4011,Ava,Brown,ava.brown.4011@mail.com,United Kingdom,2022-10-09
4012,Muhammad,Smith,muhammad.smith.4012@example.com,India,2025-08-09
4013,Arjun,Menon,arjun.menon.4013@company.org,United Kingdom,2024-04-11
4014,Zara,Khan,zara.khan.4014@webmail.net,United Kingdom,2022-11-15
4015,Aditya,Kumar,aditya.kumar.4015@company.org,Vietnam,2022-04-04
4016,Aarav,Gupta,aarav.gupta.4016@company.org,Mexico,2025-01-22
4017,Zara,Das,zara.das.4017@mail.com,Spain,2022-12-25
4018,Pari,Lopez,pari.lopez.4018@company.org,Poland,2025-03-13
4019,Zara,Bose,zara.bose.4019@inbox.com,Norway,2025-07-30
4020,Anika,Khan,anika.khan.4020@company.org,USA,2024-06-26
4021,Liam,Chen,liam.chen.4021@mail.com,Brazil,2025-06-05
4022,Ava,Mehta,ava.mehta.4022@company.org,Norway,2022-01-28
4023,Aanya,Reddy,aanya.reddy.4023@company.org,Denmark,2023-02-24
4024,Amelia,Gupta,amelia.gupta.4024@mail.com,United Kingdom,2025-08-06
4025,Mason,Iyer,mason.iyer.4025@webmail.net,Brazil,2024-08-04
4026,Aanya,Kumar,aanya.kumar.4026@mail.com,France,2023-03-11
4027,Reyansh,Sharma,reyansh.sharma.4027@inbox.com,Brazil,2023-11-08
4028,James,Zhang,james.zhang.4028@webmail.net,Poland,2023-11-25
4029,Anaya,Iyer,anaya.iyer.4029@example.com,United Kingdom,2023-09-27
4030,Ethan,Jones,ethan.jones.4030@webmail.net,Germany,2025-08-14
4031,Daniel,Chen,daniel.chen.4031@example.com,Singapore,2024-04-20
4032,Zara,Mehta,zara.mehta.4032@webmail.net,Vietnam,2023-11-10
4033,Evelyn,Brown,evelyn.brown.4033@example.com,Mexico,2024-02-15
4034,Harper,Lopez,harper.lopez.4034@webmail.net,Singapore,2024-07-31
4035,Anaya,Smith,anaya.smith.4035@example.com,Germany,2024-07-22
4036,Ava,Singh,ava.singh.4036@mail.com,Singapore,2022-12-05
4037,Liam,Smith,liam.smith.4037@inbox.com,Singapore,2023-01-22
4038,Mira,Kumar,mira.kumar.4038@webmail.net,Brazil,2024-07-21
4039,Lucas,Sharma,lucas.sharma.4039@company.org,Vietnam,2023-01-15
4040,Arjun,Jones,arjun.jones.4040@example.com,Indonesia,2023-08-28
4041,Elijah,Smith,elijah.smith.4041@webmail.net,UAE,2022-02-01
4042,Amelia,Williams,amelia.williams.4042@webmail.net,Philippines,2023-10-21
4043,Sai,Williams,sai.williams.4043@inbox.com,Japan,2022-12-22
4044,Zara,Smith,zara.smith.4044@webmail.net,Japan,2022-09-03
4045,Aanya,Iyer,aanya.iyer.4045@company.org,Denmark,2024-07-19
4046,Evelyn,Wang,evelyn.wang.4046@example.com,Australia,2023-08-16
4047,Emma,Patel,emma.patel.4047@example.com,Brazil,2025-01-03
4048,Aanya,Reddy,aanya.reddy.4048@company.org,Poland,2022-03-19
4049,Sara,Reddy,sara.reddy.4049@inbox.com,Sweden,2023-12-05
4050,Shaurya,Das,shaurya.das.4050@webmail.net,Germany,2023-03-09
4051,Diya,Iyer,diya.iyer.4051@inbox.com,Spain,2022-09-16
4052,Evelyn,Reddy,evelyn.reddy.4052@example.com,Brazil,2024-08-22
4053,Vihaan,Martinez,vihaan.martinez.4053@mail.com,South Africa,2023-03-24
4054,Henry,Garcia,henry.garcia.4054@mail.com,Spain,2023-01-02
4055,Vivaan,Wang,vivaan.wang.4055@company.org,Australia,2025-01-11
4056,Arjun,Reddy,arjun.reddy.4056@inbox.com,United Kingdom,2025-06-23
4057,Diya,Davis,diya.davis.4057@webmail.net,United Kingdom,2024-05-09
4058,Emma,Nguyen,emma.nguyen.4058@mail.com,France,2024-04-09
4059,Diya,Iyer,diya.iyer.4059@inbox.com,USA,2025-08-21
4060,Aanya,Chen,aanya.chen.4060@company.org,Japan,2025-06-17
4061,Vivaan,Miller,vivaan.miller.4061@example.com,Sweden,2023-09-04
4062,Ishaan,Singh,ishaan.singh.4062@webmail.net,India,2022-08-31
4063,Ishaan,Iyer,ishaan.iyer.4063@inbox.com,Poland,2024-06-10
4064,Zara,Jones,zara.jones.4064@webmail.net,Brazil,2022-09-30
4065,Muhammad,Lee,muhammad.lee.4065@mail.com,Brazil,2024-09-21
4066,Benjamin,Chen,benjamin.chen.4066@example.com,India,2023-08-10
4067,Ishaan,Sharma,ishaan.sharma.4067@webmail.net,South Korea,2024-04-01
4068,Amelia,Park,amelia.park.4068@company.org,Singapore,2024-04-21
4069,Sophia,Kumar,sophia.kumar.4069@webmail.net,Sweden,2024-10-02
4070,Evelyn,Smith,evelyn.smith.4070@company.org,Poland,2025-01-20
4071,Sophia,Chen,sophia.chen.4071@company.org,Japan,2023-09-26
4072,Aanya,Miller,aanya.miller.4072@mail.com,Netherlands,2025-06-04
4073,Aditya,Mehta,aditya.mehta.4073@company.org,Canada,2023-07-25
4074,Aisha,Gupta,aisha.gupta.4074@webmail.net,Poland,2023-08-18
4075,Ava,Das,ava.das.4075@example.com,UAE,2023-05-04
4076,Amelia,Mehta,amelia.mehta.4076@mail.com,USA,2023-11-08
4077,Shaurya,Jones,shaurya.jones.4077@mail.com,Denmark,2024-10-05
4078,Aisha,Johnson,aisha.johnson.4078@mail.com,Brazil,2022-01-26
4079,Pari,Kumar,pari.kumar.4079@inbox.com,Italy,2024-01-27
4080,Sophia,Jones,sophia.jones.4080@webmail.net,Indonesia,2023-08-01
4081,Anaya,Jones,anaya.jones.4081@webmail.net,Germany,2022-03-21
4082,Anika,Khan,anika.khan.4082@example.com,South Africa,2023-04-04
4083,Emma,Patel,emma.patel.4083@webmail.net,UAE,2023-08-24
4084,Isabella,Reddy,isabella.reddy.4084@inbox.com,Poland,2023-07-06
4085,Harper,Davis,harper.davis.4085@example.com,Netherlands,2025-09-11
4086,Lucas,Reddy,lucas.reddy.4086@inbox.com,UAE,2022-10-28
4087,Aisha,Bose,aisha.bose.4087@mail.com,Sweden,2022-01-18
4088,Reyansh,Khan,reyansh.khan.4088@company.org,Philippines,2023-02-23
4089,Vihaan,Sharma,vihaan.sharma.4089@mail.com,Sweden,2024-09-06
4090,Evelyn,Smith,evelyn.smith.4090@webmail.net,USA,2023-09-19
4091,Noah,Wang,noah.wang.4091@webmail.net,Poland,2023-06-23
4092,Daniel,Brown,daniel.brown.4092@inbox.com,South Korea,2022-03-21
4093,Evelyn,Martinez,evelyn.martinez.4093@webmail.net,United Kingdom,2025-03-24
4094,Amelia,Williams,amelia.williams.4094@example.com,Sweden,2024-11-01
4095,Henry,Nguyen,henry.nguyen.4095@company.org,Philippines,2024-02-25
4096,Arjun,Khan,arjun.khan.4096@inbox.com,Singapore,2024-10-23
4097,Ethan,Nguyen,ethan.nguyen.4097@inbox.com,Philippines,2022-08-12
4098,Shaurya,Chen,shaurya.chen.4098@example.com,Australia,2024-08-16
4099,Ava,Menon,ava.menon.4099@mail.com,Singapore,2022-03-07
4100,Aditya,Das,aditya.das.4100@mail.com,USA,2022-10-30
4101,Mason,Martinez,mason.martinez.4101@webmail.net,Australia,2025-05-26
4102,Shaurya,Williams,shaurya.williams.4102@company.org,Norway,2023-02-01
4103,Anaya,Sharma,anaya.sharma.4103@mail.com,Canada,2025-08-27
4104,Aditya,Menon,aditya.menon.4104@webmail.net,Philippines,2025-05-07
4105,Arjun,Iyer,arjun.iyer.4105@mail.com,Italy,2024-11-10
4106,Amelia,Gupta,amelia.gupta.4106@webmail.net,Canada,2025-06-14
4107,Noah,Lopez,noah.lopez.4107@inbox.com,Philippines,2025-08-14
4108,Lucas,Menon,lucas.menon.4108@company.org,Denmark,2024-05-01
4109,Noah,Kim,noah.kim.4109@inbox.com,Vietnam,2024-03-29
4110,Shaurya,Park,shaurya.park.4110@company.org,Vietnam,2024-03-18
4111,Zara,Wang,zara.wang.4111@mail.com,Poland,2022-12-18
4112,Vivaan,Williams,vivaan.williams.4112@inbox.com,Netherlands,2023-05-25
4113,Harper,Das,harper.das.4113@webmail.net,Netherlands,2022-03-21
4114,James,Das,james.das.4114@example.com,Japan,2025-07-04
4115,Shaurya,Davis,shaurya.davis.4115@mail.com,Brazil,2023-01-22
4116,Mia,Kumar,mia.kumar.4116@example.com,Germany,2024-12-19
4117,Charlotte,Miller,charlotte.miller.4117@webmail.net,UAE,2025-02-27
4118,Sophia,Williams,sophia.williams.4118@inbox.com,Denmark,2023-04-10
4119,Sai,Iyer,sai.iyer.4119@company.org,France,2024-01-18
4120,Arjun,Chen,arjun.chen.4120@example.com,Mexico,2023-11-08
4121,Sophia,Liu,sophia.liu.4121@mail.com,Spain,2023-10-06
4122,Lucas,Sharma,lucas.sharma.4122@inbox.com,Mexico,2022-07-03
4123,Aisha,Iyer,aisha.iyer.4123@webmail.net,Netherlands,2023-09-08
4124,James,Mehta,james.mehta.4124@webmail.net,Singapore,2025-08-12
4125,Anika,Das,anika.das.4125@company.org,Brazil,2025-06-03
4126,Aanya,Brown,aanya.brown.4126@company.org,France,2023-05-24
4127,James,Johnson,james.johnson.4127@example.com,Canada,2022-05-08
4128,Sai,Wang,sai.wang.4128@example.com,Philippines,2022-08-22
4129,Charlotte,Williams,charlotte.williams.4129@example.com,Netherlands,2025-05-17
4130,Shaurya,Patel,shaurya.patel.4130@webmail.net,USA,2022-10-03
4131,Aditya,Khan,aditya.khan.4131@inbox.com,South Korea,2024-11-20
4132,Olivia,Park,olivia.park.4132@example.com,Denmark,2022-03-04
4133,Aanya,Kumar,aanya.kumar.4133@inbox.com,South Korea,2022-06-05
4134,Aditya,Martinez,aditya.martinez.4134@example.com,Canada,2024-08-12
4135,Aarav,Liu,aarav.liu.4135@mail.com,Australia,2023-08-31
4136,Amelia,Gupta,amelia.gupta.4136@company.org,Japan,2023-03-29
4137,Daniel,Liu,daniel.liu.4137@example.com,Sweden,2025-07-16
4138,Daniel,Das,daniel.das.4138@example.com,Germany,2023-12-20
4139,Benjamin,Zhang,benjamin.zhang.4139@mail.com,Japan,2024-09-26
4140,Harper,Gupta,harper.gupta.4140@company.org,Netherlands,2022-12-14
4141,Mira,Patel,mira.patel.4141@inbox.com,Singapore,2024-10-30
4142,Aanya,Lee,aanya.lee.4142@webmail.net,Netherlands,2023-07-12
4143,Harper,Das,harper.das.4143@webmail.net,South Korea,2023-10-12
4144,Anika,Wang,anika.wang.4144@inbox.com,South Korea,2022-11-24
4145,Anika,Jones,anika.jones.4145@mail.com,Germany,2022-02-27
4146,Sai,Patel,sai.patel.4146@example.com,Denmark,2022-08-18
4147,Reyansh,Jones,reyansh.jones.4147@mail.com,Germany,2025-01-27
4148,Arjun,Das,arjun.das.4148@inbox.com,Mexico,2024-06-18
4149,Anika,Lee,anika.lee.4149@webmail.net,Netherlands,2023-09-29
4150,Muhammad,Bose,muhammad.bose.4150@company.org,South Africa,2025-02-07
4151,James,Das,james.das.4151@mail.com,Indonesia,2024-01-06
4152,Aditya,Smith,aditya.smith.4152@webmail.net,France,2022-10-25
4153,Olivia,Reddy,olivia.reddy.4153@example.com,India,2025-07-30
4154,Sara,Johnson,sara.johnson.4154@webmail.net,France,2023-12-22
4155,Sophia,Wang,sophia.wang.4155@inbox.com,Indonesia,2023-11-30
4156,Ishaan,Liu,ishaan.liu.4156@webmail.net,Mexico,2024-10-19
4157,Liam,Bose,liam.bose.4157@mail.com,Denmark,2022-01-12
4158,Aanya,Menon,aanya.menon.4158@example.com,Spain,2024-01-27
4159,Noah,Khan,noah.khan.4159@mail.com,India,2023-01-08
4160,Harper,Lopez,harper.lopez.4160@inbox.com,Netherlands,2022-11-11
4161,Diya,Williams,diya.williams.4161@example.com,India,2024-09-08
4162,Emma,Lee,emma.lee.4162@company.org,Mexico,2023-08-03
4163,Noah,Sharma,noah.sharma.4163@webmail.net,United Kingdom,2025-04-13
4164,Harper,Mehta,harper.mehta.4164@mail.com,Australia,2023-06-01
4165,Harper,Menon,harper.menon.4165@webmail.net,Sweden,2024-04-01
4166,James,Lopez,james.lopez.4166@mail.com,Poland,2023-11-07
4167,Aditya,Jones,aditya.jones.4167@company.org,Philippines,2024-04-29
4168,Mira,Davis,mira.davis.4168@example.com,Italy,2023-03-18
4169,Noah,Sharma,noah.sharma.4169@company.org,Spain,2024-09-01
4170,Arjun,Garcia,arjun.garcia.4170@webmail.net,Spain,2024-08-03
4171,Elijah,Iyer,elijah.iyer.4171@company.org,Mexico,2022-12-13
4172,Ethan,Menon,ethan.menon.4172@example.com,South Korea,2025-06-22
4173,Pari,Park,pari.park.4173@inbox.com,Denmark,2023-09-06
4174,Sara,Sharma,sara.sharma.4174@mail.com,Sweden,2022-03-04
4175,Pari,Liu,pari.liu.4175@mail.com,Italy,2023-09-09
4176,Aarav,Williams,aarav.williams.4176@example.com,India,2025-05-31
4177,Zara,Davis,zara.davis.4177@webmail.net,Norway,2022-01-26
4178,Harper,Zhang,harper.zhang.4178@inbox.com,Philippines,2025-04-09
4179,Benjamin,Park,benjamin.park.4179@webmail.net,India,2024-06-20
4180,Anaya,Davis,anaya.davis.4180@company.org,Vietnam,2023-03-23
4181,Muhammad,Zhang,muhammad.zhang.4181@webmail.net,Brazil,2024-05-21
4182,Noah,Singh,noah.singh.4182@mail.com,Norway,2022-01-23
4183,Isabella,Reddy,isabella.reddy.4183@mail.com,Mexico,2024-01-16
4184,Vivaan,Gupta,vivaan.gupta.4184@inbox.com,Germany,2022-09-20
4185,Mira,Park,mira.park.4185@webmail.net,Japan,2022-09-09
4186,Isabella,Mehta,isabella.mehta.4186@mail.com,Philippines,2023-07-16
4187,Reyansh,Chen,reyansh.chen.4187@inbox.com,South Korea,2024-04-22
4188,Henry,Kim,henry.kim.4188@example.com,Canada,2022-08-30
4189,Muhammad,Zhang,muhammad.zhang.4189@mail.com,USA,2022-04-13
4190,Zara,Singh,zara.singh.4190@webmail.net,United Kingdom,2023-06-09
4191,Muhammad,Miller,muhammad.miller.4191@webmail.net,Norway,2024-03-04
4192,Muhammad,Garcia,muhammad.garcia.4192@company.org,Vietnam,2023-03-09
4193,Sai,Smith,sai.smith.4193@inbox.com,Canada,2022-10-02
4194,Ava,Wang,ava.wang.4194@company.org,Australia,2023-01-24
4195,Vivaan,Bose,vivaan.bose.4195@example.com,Poland,2022-04-09
4196,Aanya,Khan,aanya.khan.4196@mail.com,Mexico,2024-03-22
4197,Charlotte,Mehta,charlotte.mehta.4197@inbox.com,Netherlands,2022-02-16
4198,Noah,Zhang,noah.zhang.4198@webmail.net,Singapore,2022-06-10
4199,Harper,Chen,harper.chen.4199@mail.com,Singapore,2022-09-18
4200,Kiara,Lopez,kiara.lopez.4200@webmail.net,South Africa,2025-04-16
4201,James,Nguyen,james.nguyen.4201@example.com,Indonesia,2025-03-02
4202,Pari,Liu,pari.liu.4202@webmail.net,Vietnam,2024-05-15
4203,Mia,Johnson,mia.johnson.4203@inbox.com,Mexico,2022-11-06
4204,Aditya,Patel,aditya.patel.4204@mail.com,Italy,2022-01-06
4205,Elijah,Smith,elijah.smith.4205@inbox.com,USA,2024-10-04
4206,Noah,Williams,noah.williams.4206@example.com,Philippines,2023-05-05
4207,Mia,Reddy,mia.reddy.4207@example.com,Germany,2024-07-12
4208,Evelyn,Davis,evelyn.davis.4208@company.org,United Kingdom,2022-07-30
4209,Lucas,Garcia,lucas.garcia.4209@company.org,Norway,2025-02-01
4210,Noah,Gupta,noah.gupta.4210@example.com,Poland,2025-05-06
4211,Liam,Iyer,liam.iyer.4211@company.org,South Korea,2025-07-01
4212,Isabella,Das,isabella.das.4212@example.com,India,2022-03-27
4213,Aisha,Park,aisha.park.4213@inbox.com,Germany,2025-06-21
4214,Ava,Khan,ava.khan.4214@inbox.com,Japan,2025-08-13
4215,Mason,Reddy,mason.reddy.4215@inbox.com,Sweden,2022-04-27
4216,Amelia,Das,amelia.das.4216@inbox.com,Philippines,2023-09-25
4217,Vivaan,Sharma,vivaan.sharma.4217@inbox.com,South Korea,2022-10-15
4218,Sai,Zhang,sai.zhang.4218@company.org,Germany,2024-07-25
4219,Benjamin,Zhang,benjamin.zhang.4219@inbox.com,United Kingdom,2022-06-26
4220,Reyansh,Menon,reyansh.menon.4220@inbox.com,Mexico,2022-07-12
4221,Diya,Martinez,diya.martinez.4221@company.org,Australia,2025-05-28
4222,Sai,Iyer,sai.iyer.4222@inbox.com,India,2023-04-29
4223,Henry,Chen,henry.chen.4223@example.com,Norway,2025-06-14
4224,Henry,Bose,henry.bose.4224@company.org,Denmark,2023-04-07
4225,Henry,Park,henry.park.4225@example.com,South Korea,2023-09-20
4226,Aditya,Das,aditya.das.4226@example.com,Spain,2024-10-19
4227,Noah,Menon,noah.menon.4227@example.com,Philippines,2022-08-01
4228,Arjun,Gupta,arjun.gupta.4228@example.com,Denmark,2022-06-15
4229,Lucas,Patel,lucas.patel.4229@inbox.com,Netherlands,2023-09-23
4230,Charlotte,Gupta,charlotte.gupta.4230@mail.com,Japan,2024-07-06
4231,Henry,Kumar,henry.kumar.4231@example.com,Brazil,2023-06-03
4232,Aanya,Singh,aanya.singh.4232@company.org,South Africa,2024-12-24
4233,Reyansh,Kim,reyansh.kim.4233@webmail.net,USA,2022-12-06
4234,Ishaan,Singh,ishaan.singh.4234@company.org,Philippines,2023-01-06
4235,Mason,Sharma,mason.sharma.4235@company.org,Vietnam,2025-09-21
4236,Zara,Martinez,zara.martinez.4236@mail.com,Philippines,2024-02-05
4237,Henry,Iyer,henry.iyer.4237@webmail.net,India,2022-11-24
4238,Daniel,Park,daniel.park.4238@mail.com,Singapore,2025-07-05
4239,Evelyn,Das,evelyn.das.4239@mail.com,UAE,2023-09-21
4240,James,Williams,james.williams.4240@inbox.com,Denmark,2023-02-23
4241,Anika,Lopez,anika.lopez.4241@webmail.net,United Kingdom,2023-02-01
4242,Benjamin,Garcia,benjamin.garcia.4242@example.com,USA,2023-09-22
4243,James,Mehta,james.mehta.4243@inbox.com,Philippines,2024-12-09
4244,Ishaan,Martinez,ishaan.martinez.4244@company.org,France,2022-07-06
4245,Anika,Khan,anika.khan.4245@example.com,Indonesia,2022-12-25
4246,Anika,Nguyen,anika.nguyen.4246@example.com,India,2024-11-28
4247,Sophia,Khan,sophia.khan.4247@inbox.com,Australia,2022-06-24
4248,Elijah,Sharma,elijah.sharma.4248@mail.com,South Africa,2025-01-19
4249,Muhammad,Liu,muhammad.liu.4249@example.com,Indonesia,2023-10-05
4250,Reyansh,Brown,reyansh.brown.4250@webmail.net,Australia,2022-08-13
4251,Shaurya,Nguyen,shaurya.nguyen.4251@example.com,South Africa,2025-09-11
4252,Emma,Brown,emma.brown.4252@webmail.net,Spain,2024-10-21
4253,Evelyn,Park,evelyn.park.4253@webmail.net,Japan,2024-10-27
4254,Kiara,Zhang,kiara.zhang.4254@mail.com,South Africa,2022-11-18
4255,Ava,Smith,ava.smith.4255@mail.com,Australia,2024-02-01
4256,Amelia,Menon,amelia.menon.4256@example.com,Spain,2023-01-27
4257,Aarav,Williams,aarav.williams.4257@mail.com,Italy,2022-04-06
4258,Vihaan,Nguyen,vihaan.nguyen.4258@company.org,Italy,2023-03-26
4259,Anaya,Williams,anaya.williams.4259@inbox.com,United Kingdom,2022-08-07
4260,Mira,Menon,mira.menon.4260@webmail.net,France,2025-04-09
4261,Aarav,Garcia,aarav.garcia.4261@example.com,Sweden,2024-06-30
4262,Mia,Smith,mia.smith.4262@mail.com,South Korea,2023-11-30
4263,Kiara,Lee,kiara.lee.4263@webmail.net,Japan,2023-08-30
4264,Zara,Singh,zara.singh.4264@mail.com,Netherlands,2023-11-12
4265,Ishaan,Sharma,ishaan.sharma.4265@webmail.net,Brazil,2023-08-21
4266,Pari,Davis,pari.davis.4266@mail.com,Sweden,2022-06-20
4267,Zara,Nguyen,zara.nguyen.4267@company.org,UAE,2023-01-31
4268,Reyansh,Menon,reyansh.menon.4268@company.org,Vietnam,2025-05-26
4269,Aisha,Nguyen,aisha.nguyen.4269@example.com,Singapore,2022-04-08
4270,Elijah,Kumar,elijah.kumar.4270@mail.com,United Kingdom,2023-03-16
4271,Sara,Wang,sara.wang.4271@company.org,Brazil,2025-08-22
4272,Daniel,Martinez,daniel.martinez.4272@mail.com,Sweden,2024-09-01
4273,Amelia,Miller,amelia.miller.4273@mail.com,USA,2022-01-31
4274,Liam,Chen,liam.chen.4274@company.org,Indonesia,2023-10-15
4275,Elijah,Brown,elijah.brown.4275@webmail.net,USA,2022-10-28
4276,Diya,Gupta,diya.gupta.4276@inbox.com,Philippines,2025-01-24
4277,Isabella,Menon,isabella.menon.4277@inbox.com,Indonesia,2024-06-29
4278,Kiara,Kim,kiara.kim.4278@company.org,Singapore,2024-05-28
4279,Elijah,Smith,elijah.smith.4279@webmail.net,United Kingdom,2024-01-04
4280,Daniel,Mehta,daniel.mehta.4280@inbox.com,Brazil,2022-03-13
4281,Noah,Smith,noah.smith.4281@mail.com,Netherlands,2024-04-07
4282,Noah,Garcia,noah.garcia.4282@webmail.net,Brazil,2024-05-23
4283,Vivaan,Lee,vivaan.lee.4283@example.com,Canada,2024-05-27
4284,Ishaan,Iyer,ishaan.iyer.4284@example.com,Spain,2022-11-15
4285,Mia,Williams,mia.williams.4285@example.com,Norway,2022-06-09
4286,Henry,Jones,henry.jones.4286@mail.com,Indonesia,2022-12-09
4287,Anaya,Mehta,anaya.mehta.4287@example.com,UAE,2022-02-26
4288,Sara,Sharma,sara.sharma.4288@webmail.net,Denmark,2022-07-06
4289,Zara,Kim,zara.kim.4289@webmail.net,Denmark,2022-11-21
4290,Sai,Brown,sai.brown.4290@company.org,Brazil,2022-07-04
4291,Sai,Wang,sai.wang.4291@company.org,Japan,2024-04-14
4292,Anika,Patel,anika.patel.4292@inbox.com,Netherlands,2024-04-20
4293,Aanya,Park,aanya.park.4293@example.com,Indonesia,2025-08-01
4294,Amelia,Liu,amelia.liu.4294@webmail.net,Australia,2023-05-29
4295,Reyansh,Reddy,reyansh.reddy.4295@company.org,Sweden,2022-12-23
4296,Elijah,Menon,elijah.menon.4296@webmail.net,USA,2024-12-17
4297,Olivia,Bose,olivia.bose.4297@webmail.net,UAE,2024-05-14
4298,Aanya,Sharma,aanya.sharma.4298@example.com,Philippines,2024-09-01
4299,Elijah,Sharma,elijah.sharma.4299@inbox.com,Vietnam,2022-10-27
4300,Diya,Liu,diya.liu.4300@mail.com,France,2025-02-19
4301,Aditya,Nguyen,aditya.nguyen.4301@mail.com,France,2025-07-09
4302,Anaya,Mehta,anaya.mehta.4302@inbox.com,Germany,2023-12-17
4303,Vihaan,Park,vihaan.park.4303@mail.com,Italy,2024-08-19
4304,Ishaan,Patel,ishaan.patel.4304@mail.com,United Kingdom,2023-07-24
4305,Aisha,Liu,aisha.liu.4305@webmail.net,Vietnam,2022-08-28
4306,Arjun,Liu,arjun.liu.4306@webmail.net,France,2023-08-11
4307,Aarav,Singh,aarav.singh.4307@example.com,UAE,2024-04-08
4308,Diya,Park,diya.park.4308@example.com,Spain,2022-05-12
4309,Aanya,Mehta,aanya.mehta.4309@mail.com,Canada,2023-10-07
4310,Reyansh,Williams,reyansh.williams.4310@mail.com,Brazil,2023-02-18
4311,Evelyn,Lee,evelyn.lee.4311@company.org,Norway,2024-07-08
4312,James,Brown,james.brown.4312@mail.com,Italy,2025-07-11
4313,Benjamin,Davis,benjamin.davis.4313@company.org,Vietnam,2022-12-01
4314,Ethan,Williams,ethan.williams.4314@company.org,France,2025-07-23
4315,Ethan,Menon,ethan.menon.4315@inbox.com,Mexico,2024-07-30
4316,Anaya,Bose,anaya.bose.4316@example.com,Philippines,2022-11-01
4317,Sophia,Das,sophia.das.4317@company.org,Singapore,2023-12-24
4318,Sai,Zhang,sai.zhang.4318@example.com,Denmark,2025-05-22
4319,Ishaan,Kumar,ishaan.kumar.4319@mail.com,India,2025-02-18
4320,Charlotte,Zhang,charlotte.zhang.4320@company.org,United Kingdom,2024-01-15
4321,Sophia,Bose,sophia.bose.4321@company.org,South Africa,2025-01-11
4322,Ishaan,Patel,ishaan.patel.4322@mail.com,Sweden,2024-04-17
4323,Pari,Wang,pari.wang.4323@mail.com,Germany,2022-03-20
4324,Harper,Zhang,harper.zhang.4324@company.org,Poland,2022-04-26
4325,Anika,Davis,anika.davis.4325@example.com,Norway,2023-06-11
4326,Evelyn,Davis,evelyn.davis.4326@inbox.com,Canada,2023-02-10
4327,Noah,Davis,noah.davis.4327@mail.com,Germany,2022-03-10
4328,Isabella,Garcia,isabella.garcia.4328@mail.com,Australia,2025-06-01
4329,Pari,Lee,pari.lee.4329@example.com,South Africa,2024-03-15
4330,Shaurya,Lopez,shaurya.lopez.4330@example.com,Italy,2023-10-18
4331,Charlotte,Reddy,charlotte.reddy.4331@inbox.com,Philippines,2023-12-17
4332,Aanya,Park,aanya.park.4332@inbox.com,Japan,2022-02-16
4333,Aditya,Chen,aditya.chen.4333@example.com,USA,2025-04-19
4334,Vivaan,Zhang,vivaan.zhang.4334@example.com,Philippines,2022-05-10
4335,Liam,Singh,liam.singh.4335@company.org,Philippines,2022-05-06
4336,Sai,Lee,sai.lee.4336@webmail.net,Australia,2025-06-05
4337,Reyansh,Jones,reyansh.jones.4337@inbox.com,Norway,2022-03-30
4338,Benjamin,Sharma,benjamin.sharma.4338@mail.com,Philippines,2023-07-03
4339,Liam,Johnson,liam.johnson.4339@example.com,Vietnam,2025-05-19
4340,Harper,Kim,harper.kim.4340@inbox.com,South Korea,2023-02-10
4341,Aanya,Reddy,aanya.reddy.4341@mail.com,Norway,2024-07-21
4342,Elijah,Davis,elijah.davis.4342@inbox.com,Netherlands,2024-02-02
4343,Evelyn,Bose,evelyn.bose.4343@mail.com,Canada,2022-09-30
4344,Mira,Miller,mira.miller.4344@example.com,Poland,2023-05-03
4345,Ava,Garcia,ava.garcia.4345@company.org,India,2023-11-07
4346,Mia,Sharma,mia.sharma.4346@company.org,India,2022-03-17
4347,Aarav,Park,aarav.park.4347@mail.com,Japan,2023-08-11
4348,Olivia,Kim,olivia.kim.4348@example.com,Mexico,2023-07-16
4349,Evelyn,Menon,evelyn.menon.4349@mail.com,Sweden,2023-09-22
4350,Ava,Martinez,ava.martinez.4350@mail.com,United Kingdom,2023-10-04
4351,Shaurya,Wang,shaurya.wang.4351@company.org,Japan,2022-12-20
4352,Liam,Smith,liam.smith.4352@example.com,Vietnam,2023-07-23
4353,Aisha,Liu,aisha.liu.4353@company.org,France,2023-08-07
4354,Aditya,Davis,aditya.davis.4354@example.com,Indonesia,2024-08-28
4355,Lucas,Patel,lucas.patel.4355@mail.com,Spain,2023-01-09
4356,Mason,Lopez,mason.lopez.4356@company.org,Poland,2023-12-16
4357,Daniel,Smith,daniel.smith.4357@company.org,USA,2025-04-24
4358,Evelyn,Singh,evelyn.singh.4358@example.com,Germany,2022-04-05
4359,Zara,Wang,zara.wang.4359@example.com,India,2025-09-06
4360,Sophia,Menon,sophia.menon.4360@example.com,Sweden,2024-05-13
4361,Evelyn,Nguyen,evelyn.nguyen.4361@inbox.com,USA,2024-08-29
4362,Sara,Zhang,sara.zhang.4362@mail.com,South Africa,2024-04-30
4363,Lucas,Garcia,lucas.garcia.4363@company.org,Brazil,2022-10-29
4364,Ava,Lee,ava.lee.4364@company.org,Australia,2024-10-03
4365,Arjun,Johnson,arjun.johnson.4365@mail.com,Japan,2022-08-29
4366,Arjun,Khan,arjun.khan.4366@webmail.net,Indonesia,2024-08-19
4367,Mira,Nguyen,mira.nguyen.4367@company.org,France,2024-06-06
4368,Aisha,Williams,aisha.williams.4368@mail.com,South Korea,2022-02-02
4369,Anika,Kumar,anika.kumar.4369@mail.com,Spain,2023-07-27
4370,Evelyn,Williams,evelyn.williams.4370@example.com,Australia,2023-04-26
4371,Sara,Reddy,sara.reddy.4371@example.com,Italy,2025-06-30
4372,Ava,Das,ava.das.4372@webmail.net,South Africa,2022-09-01
4373,Olivia,Chen,olivia.chen.4373@inbox.com,UAE,2025-09-07
4374,Aditya,Singh,aditya.singh.4374@mail.com,Singapore,2025-01-25
4375,Emma,Brown,emma.brown.4375@mail.com,Norway,2023-04-02
4376,Kiara,Zhang,kiara.zhang.4376@example.com,Philippines,2024-11-04
4377,Sai,Garcia,sai.garcia.4377@inbox.com,Singapore,2023-10-01
4378,Zara,Zhang,zara.zhang.4378@company.org,South Korea,2024-06-13
4379,Evelyn,Miller,evelyn.miller.4379@mail.com,USA,2025-02-09
4380,Reyansh,Smith,reyansh.smith.4380@company.org,Brazil,2024-12-19
4381,Harper,Miller,harper.miller.4381@inbox.com,France,2023-05-31
4382,Ishaan,Jones,ishaan.jones.4382@example.com,Poland,2024-11-12
4383,Noah,Patel,noah.patel.4383@example.com,South Korea,2025-08-18
4384,Mira,Iyer,mira.iyer.4384@mail.com,Australia,2022-11-21
4385,Olivia,Mehta,olivia.mehta.4385@inbox.com,Sweden,2024-07-01
4386,Liam,Kumar,liam.kumar.4386@example.com,Indonesia,2023-09-06
4387,Pari,Wang,pari.wang.4387@example.com,Germany,2022-05-20
4388,Reyansh,Lee,reyansh.lee.4388@webmail.net,Poland,2024-03-28
4389,Mia,Nguyen,mia.nguyen.4389@company.org,United Kingdom,2022-03-17
4390,Benjamin,Mehta,benjamin.mehta.4390@company.org,Brazil,2022-05-23
4391,Kiara,Garcia,kiara.garcia.4391@mail.com,Australia,2023-09-22
4392,Liam,Iyer,liam.iyer.4392@webmail.net,India,2025-08-20
4393,Aditya,Nguyen,aditya.nguyen.4393@example.com,Canada,2025-03-11
4394,Daniel,Chen,daniel.chen.4394@webmail.net,Sweden,2025-03-24
4395,Liam,Johnson,liam.johnson.4395@webmail.net,United Kingdom,2024-02-17
4396,Mason,Chen,mason.chen.4396@company.org,Norway,2022-01-14
4397,Aarav,Bose,aarav.bose.4397@mail.com,France,2025-06-28
4398,Vivaan,Wang,vivaan.wang.4398@company.org,USA,2022-06-15
4399,Noah,Chen,noah.chen.4399@example.com,Spain,2024-05-03
4400,Ishaan,Liu,ishaan.liu.4400@company.org,Poland,2022-01-21
4401,Anika,Lee,anika.lee.4401@inbox.com,Singapore,2024-01-04
4402,Amelia,Menon,amelia.menon.4402@inbox.com,Philippines,2025-07-02
4403,Benjamin,Gupta,benjamin.gupta.4403@webmail.net,Philippines,2022-01-05
4404,Daniel,Park,daniel.park.4404@webmail.net,Australia,2023-07-26
4405,Daniel,Wang,daniel.wang.4405@mail.com,UAE,2022-04-01
4406,Arjun,Das,arjun.das.4406@example.com,Poland,2025-06-09
4407,Muhammad,Zhang,muhammad.zhang.4407@company.org,Sweden,2023-03-22
4408,Reyansh,Davis,reyansh.davis.4408@mail.com,South Korea,2022-12-26
4409,Sophia,Miller,sophia.miller.4409@inbox.com,Netherlands,2025-07-25
4410,Vivaan,Martinez,vivaan.martinez.4410@webmail.net,Germany,2022-10-30
4411,Aanya,Liu,aanya.liu.4411@mail.com,Philippines,2022-12-01
4412,Benjamin,Lopez,benjamin.lopez.4412@mail.com,Sweden,2022-04-25
4413,Anika,Jones,anika.jones.4413@inbox.com,Japan,2023-06-09
4414,Mason,Reddy,mason.reddy.4414@inbox.com,Canada,2022-02-26
4415,Mira,Khan,mira.khan.4415@company.org,Sweden,2023-09-25
4416,Aditya,Liu,aditya.liu.4416@example.com,UAE,2025-04-23
4417,Noah,Iyer,noah.iyer.4417@webmail.net,Netherlands,2023-10-28
4418,Isabella,Wang,isabella.wang.4418@example.com,Philippines,2024-03-17
4419,Reyansh,Gupta,reyansh.gupta.4419@mail.com,Philippines,2023-10-25
4420,Vivaan,Patel,vivaan.patel.4420@example.com,Australia,2024-03-19
4421,Anaya,Smith,anaya.smith.4421@webmail.net,Singapore,2024-08-01
4422,Sai,Liu,sai.liu.4422@webmail.net,USA,2022-08-28
4423,Mia,Reddy,mia.reddy.4423@mail.com,Mexico,2022-06-05
4424,Diya,Chen,diya.chen.4424@inbox.com,Australia,2023-06-14
4425,Olivia,Patel,olivia.patel.4425@company.org,Spain,2024-05-04
4426,Diya,Williams,diya.williams.4426@example.com,Denmark,2024-01-25
4427,Amelia,Williams,amelia.williams.4427@mail.com,Norway,2024-08-22
4428,Anaya,Miller,anaya.miller.4428@inbox.com,Japan,2025-03-10
4429,Aditya,Gupta,aditya.gupta.4429@inbox.com,Brazil,2024-05-11
4430,Aarav,Wang,aarav.wang.4430@webmail.net,Sweden,2025-04-27
4431,Kiara,Brown,kiara.brown.4431@mail.com,South Korea,2024-01-11
4432,Henry,Nguyen,henry.nguyen.4432@mail.com,Sweden,2023-09-25
4433,Aditya,Mehta,aditya.mehta.4433@inbox.com,Brazil,2024-08-12
4434,Muhammad,Patel,muhammad.patel.4434@inbox.com,United Kingdom,2023-12-03
4435,Vivaan,Lopez,vivaan.lopez.4435@company.org,India,2023-07-27
4436,Elijah,Martinez,elijah.martinez.4436@example.com,Indonesia,2025-06-01
4437,Mira,Das,mira.das.4437@mail.com,Denmark,2022-01-25
4438,Ethan,Menon,ethan.menon.4438@mail.com,Denmark,2023-09-18
4439,Benjamin,Lee,benjamin.lee.4439@company.org,Denmark,2024-08-30
4440,Mason,Chen,mason.chen.4440@company.org,Poland,2025-06-09
4441,Ava,Zhang,ava.zhang.4441@inbox.com,Vietnam,2025-07-13
4442,Henry,Kim,henry.kim.4442@company.org,Poland,2025-03-04
4443,Mia,Reddy,mia.reddy.4443@inbox.com,Sweden,2022-08-14
4444,Charlotte,Wang,charlotte.wang.4444@company.org,UAE,2023-08-20
4445,Elijah,Iyer,elijah.iyer.4445@inbox.com,Germany,2024-05-28
4446,Reyansh,Das,reyansh.das.4446@company.org,USA,2023-04-26
4447,Elijah,Lopez,elijah.lopez.4447@mail.com,Australia,2022-10-23
4448,Reyansh,Singh,reyansh.singh.4448@inbox.com,Brazil,2025-04-27
4449,Shaurya,Chen,shaurya.chen.4449@webmail.net,Spain,2024-05-26
4450,Henry,Patel,henry.patel.4450@company.org,Spain,2024-12-22
4451,Vivaan,Davis,vivaan.davis.4451@mail.com,Netherlands,2023-09-11
4452,Muhammad,Jones,muhammad.jones.4452@example.com,Spain,2024-09-24
4453,Ethan,Singh,ethan.singh.4453@mail.com,Philippines,2023-04-26
4454,Henry,Nguyen,henry.nguyen.4454@company.org,Brazil,2024-07-31
4455,Pari,Brown,pari.brown.4455@company.org,Vietnam,2023-07-17
4456,Anika,Kumar,anika.kumar.4456@mail.com,Sweden,2024-10-18
4457,Henry,Chen,henry.chen.4457@inbox.com,USA,2025-07-10
4458,Aarav,Kumar,aarav.kumar.4458@webmail.net,UAE,2024-10-27
4459,Muhammad,Khan,muhammad.khan.4459@company.org,Indonesia,2024-08-05
4460,Isabella,Brown,isabella.brown.4460@company.org,USA,2025-06-03
4461,Shaurya,Johnson,shaurya.johnson.4461@inbox.com,Denmark,2024-04-25
4462,Shaurya,Williams,shaurya.williams.4462@inbox.com,Vietnam,2022-05-26
4463,Henry,Johnson,henry.johnson.4463@webmail.net,Denmark,2023-06-20
4464,Mason,Kim,mason.kim.4464@mail.com,Canada,2022-01-24
4465,Henry,Garcia,henry.garcia.4465@example.com,Spain,2024-11-09
4466,Shaurya,Chen,shaurya.chen.4466@company.org,Australia,2023-05-03
4467,Elijah,Brown,elijah.brown.4467@inbox.com,United Kingdom,2025-08-03
4468,Kiara,Chen,kiara.chen.4468@webmail.net,Japan,2024-04-21
4469,Shaurya,Iyer,shaurya.iyer.4469@inbox.com,Denmark,2025-08-13
4470,Harper,Menon,harper.menon.4470@example.com,South Africa,2025-08-20
4471,Vivaan,Liu,vivaan.liu.4471@webmail.net,France,2025-03-14
4472,Pari,Sharma,pari.sharma.4472@company.org,USA,2023-11-06
4473,Benjamin,Johnson,benjamin.johnson.4473@example.com,Singapore,2022-03-27
4474,Muhammad,Liu,muhammad.liu.4474@company.org,Singapore,2022-11-10
4475,Arjun,Reddy,arjun.reddy.4475@mail.com,Vietnam,2025-06-18
4476,Daniel,Brown,daniel.brown.4476@example.com,USA,2022-04-13
4477,Ava,Miller,ava.miller.4477@company.org,India,2024-10-04
4478,Zara,Reddy,zara.reddy.4478@company.org,South Korea,2022-04-24
4479,Liam,Patel,liam.patel.4479@webmail.net,Italy,2025-04-16
4480,Diya,Zhang,diya.zhang.4480@company.org,South Africa,2022-11-01
4481,James,Jones,james.jones.4481@webmail.net,South Africa,2024-08-31
4482,Shaurya,Patel,shaurya.patel.4482@inbox.com,Philippines,2022-12-09
4483,Zara,Menon,zara.menon.4483@webmail.net,USA,2023-11-16
4484,Ethan,Lopez,ethan.lopez.4484@webmail.net,South Korea,2022-09-10
4485,Vihaan,Lee,vihaan.lee.4485@mail.com,Italy,2025-02-01
4486,Sophia,Chen,sophia.chen.4486@mail.com,Spain,2024-07-15
4487,Ishaan,Smith,ishaan.smith.4487@company.org,USA,2025-05-25
4488,Sai,Nguyen,sai.nguyen.4488@webmail.net,Netherlands,2023-08-21
4489,Vihaan,Singh,vihaan.singh.4489@company.org,Denmark,2022-04-14
4490,Sara,Sharma,sara.sharma.4490@company.org,Singapore,2024-11-14
4491,Charlotte,Menon,charlotte.menon.4491@mail.com,Canada,2022-11-05
4492,Kiara,Jones,kiara.jones.4492@example.com,Brazil,2022-07-26
4493,Liam,Smith,liam.smith.4493@mail.com,Indonesia,2022-11-11
4494,Olivia,Bose,olivia.bose.4494@example.com,Singapore,2023-12-27
4495,Charlotte,Bose,charlotte.bose.4495@webmail.net,Canada,2022-01-17
4496,Anaya,Zhang,anaya.zhang.4496@example.com,France,2022-05-03
4497,Benjamin,Singh,benjamin.singh.4497@webmail.net,USA,2022-06-24
4498,Pari,Chen,pari.chen.4498@mail.com,Spain,2025-07-05
4499,Harper,Park,harper.park.4499@mail.com,Mexico,2023-12-28
4500,Amelia,Davis,amelia.davis.4500@inbox.com,Denmark,2023-08-08
4501,Muhammad,Mehta,muhammad.mehta.4501@webmail.net,Australia,2022-04-26
4502,Charlotte,Das,charlotte.das.4502@inbox.com,South Korea,2024-07-09
4503,Vihaan,Nguyen,vihaan.nguyen.4503@company.org,France,2023-05-17
4504,Vihaan,Khan,vihaan.khan.4504@inbox.com,Singapore,2024-03-03
4505,Aditya,Liu,aditya.liu.4505@webmail.net,United Kingdom,2023-03-04
4506,Mira,Patel,mira.patel.4506@webmail.net,Brazil,2022-11-15
4507,Sara,Liu,sara.liu.4507@webmail.net,United Kingdom,2024-01-01
4508,Charlotte,Gupta,charlotte.gupta.4508@webmail.net,Germany,2025-02-24
4509,Amelia,Park,amelia.park.4509@mail.com,Sweden,2022-10-17
4510,Arjun,Sharma,arjun.sharma.4510@example.com,France,2025-09-26
4511,Amelia,Kumar,amelia.kumar.4511@company.org,Denmark,2025-07-09
4512,Diya,Gupta,diya.gupta.4512@mail.com,South Africa,2023-02-10
4513,Evelyn,Bose,evelyn.bose.4513@mail.com,Spain,2024-06-08
4514,Charlotte,Brown,charlotte.brown.4514@webmail.net,Philippines,2025-05-03
4515,Benjamin,Jones,benjamin.jones.4515@webmail.net,Brazil,2025-09-08
4516,Pari,Zhang,pari.zhang.4516@mail.com,Norway,2025-09-23
4517,Muhammad,Zhang,muhammad.zhang.4517@mail.com,Sweden,2024-04-24
4518,Liam,Williams,liam.williams.4518@inbox.com,USA,2022-12-22
4519,Elijah,Chen,elijah.chen.4519@example.com,Italy,2024-02-05
4520,James,Davis,james.davis.4520@webmail.net,Philippines,2023-09-18
4521,Muhammad,Jones,muhammad.jones.4521@example.com,Netherlands,2023-09-18
4522,Amelia,Iyer,amelia.iyer.4522@company.org,Singapore,2025-04-26
4523,Shaurya,Zhang,shaurya.zhang.4523@inbox.com,USA,2025-04-02
4524,Aarav,Johnson,aarav.johnson.4524@mail.com,Norway,2022-05-12
4525,Aanya,Singh,aanya.singh.4525@inbox.com,Brazil,2023-05-25
4526,Aanya,Reddy,aanya.reddy.4526@inbox.com,Singapore,2022-01-24
4527,Noah,Davis,noah.davis.4527@example.com,Italy,2024-12-02
4528,Sara,Johnson,sara.johnson.4528@mail.com,Denmark,2025-02-11
4529,Arjun,Miller,arjun.miller.4529@mail.com,South Africa,2022-04-24
4530,Elijah,Khan,elijah.khan.4530@company.org,Mexico,2023-09-11
4531,Mia,Chen,mia.chen.4531@example.com,Poland,2024-05-16
4532,James,Davis,james.davis.4532@inbox.com,Vietnam,2023-01-01
4533,Isabella,Lopez,isabella.lopez.4533@company.org,Poland,2023-03-25
4534,Charlotte,Zhang,charlotte.zhang.4534@mail.com,USA,2022-07-17
4535,Aditya,Zhang,aditya.zhang.4535@example.com,Mexico,2024-07-29
4536,Pari,Park,pari.park.4536@webmail.net,Norway,2025-01-22
4537,Benjamin,Lee,benjamin.lee.4537@inbox.com,Indonesia,2024-02-28
4538,Mira,Kim,mira.kim.4538@inbox.com,Germany,2024-07-29
4539,Noah,Zhang,noah.zhang.4539@company.org,Philippines,2024-03-06
4540,Henry,Kim,henry.kim.4540@example.com,Canada,2023-03-17
4541,Olivia,Jones,olivia.jones.4541@company.org,South Africa,2024-02-28
4542,Mia,Wang,mia.wang.4542@webmail.net,India,2022-05-23
4543,Olivia,Bose,olivia.bose.4543@mail.com,France,2024-04-25
4544,Sophia,Jones,sophia.jones.4544@webmail.net,Singapore,2022-11-01
4545,Charlotte,Chen,charlotte.chen.4545@mail.com,Vietnam,2022-02-10
4546,Daniel,Jones,daniel.jones.4546@webmail.net,Japan,2025-04-27
4547,Arjun,Lopez,arjun.lopez.4547@webmail.net,Canada,2024-02-08
4548,Daniel,Davis,daniel.davis.4548@webmail.net,Netherlands,2024-04-21
4549,Shaurya,Zhang,shaurya.zhang.4549@company.org,Poland,2023-11-10
4550,Harper,Garcia,harper.garcia.4550@mail.com,Indonesia,2025-07-24
4551,Ishaan,Brown,ishaan.brown.4551@company.org,Sweden,2022-11-01
4552,Amelia,Nguyen,amelia.nguyen.4552@company.org,India,2023-05-10
4553,Evelyn,Sharma,evelyn.sharma.4553@mail.com,Singapore,2024-11-25
4554,Anika,Smith,anika.smith.4554@inbox.com,India,2022-02-16
4555,Emma,Chen,emma.chen.4555@webmail.net,Singapore,2025-02-04
4556,Daniel,Brown,daniel.brown.4556@webmail.net,Vietnam,2024-06-03
4557,Aditya,Sharma,aditya.sharma.4557@example.com,Vietnam,2022-09-18
4558,Zara,Kumar,zara.kumar.4558@mail.com,Norway,2025-04-24
4559,Noah,Zhang,noah.zhang.4559@inbox.com,UAE,2023-01-26
4560,Diya,Bose,diya.bose.4560@webmail.net,Sweden,2023-12-17
4561,James,Johnson,james.johnson.4561@mail.com,Australia,2023-07-03
4562,Daniel,Das,daniel.das.4562@mail.com,France,2024-09-11
4563,Ishaan,Park,ishaan.park.4563@company.org,Norway,2025-08-08
4564,Zara,Wang,zara.wang.4564@mail.com,Singapore,2025-09-07
4565,Kiara,Davis,kiara.davis.4565@example.com,Denmark,2023-06-13
4566,Sophia,Singh,sophia.singh.4566@example.com,Japan,2024-11-29
4567,Liam,Singh,liam.singh.4567@inbox.com,Norway,2025-01-27
4568,Lucas,Singh,lucas.singh.4568@webmail.net,Mexico,2022-09-18
4569,Elijah,Singh,elijah.singh.4569@company.org,Singapore,2022-12-11
4570,Pari,Brown,pari.brown.4570@company.org,Sweden,2025-04-29
4571,Emma,Gupta,emma.gupta.4571@company.org,Brazil,2022-06-14
4572,Henry,Lee,henry.lee.4572@inbox.com,Singapore,2023-07-23
4573,Vivaan,Kim,vivaan.kim.4573@company.org,Netherlands,2023-02-13
4574,Ava,Zhang,ava.zhang.4574@inbox.com,Norway,2022-01-25
4575,Daniel,Brown,daniel.brown.4575@inbox.com,Netherlands,2025-07-05
4576,Sara,Iyer,sara.iyer.4576@mail.com,USA,2023-04-22
4577,Daniel,Gupta,daniel.gupta.4577@company.org,Vietnam,2025-07-04
4578,Elijah,Reddy,elijah.reddy.4578@webmail.net,United Kingdom,2024-07-19
4579,Lucas,Singh,lucas.singh.4579@mail.com,India,2024-03-21
4580,Noah,Martinez,noah.martinez.4580@inbox.com,Brazil,2025-05-17
4581,Aditya,Reddy,aditya.reddy.4581@mail.com,UAE,2023-09-05
4582,Aisha,Reddy,aisha.reddy.4582@inbox.com,Mexico,2023-12-06
4583,Reyansh,Brown,reyansh.brown.4583@mail.com,Mexico,2022-06-16
4584,Anaya,Nguyen,anaya.nguyen.4584@inbox.com,France,2024-08-20
4585,Anaya,Liu,anaya.liu.4585@webmail.net,Spain,2025-02-04
4586,Evelyn,Gupta,evelyn.gupta.4586@webmail.net,Brazil,2023-11-26
4587,Liam,Patel,liam.patel.4587@company.org,USA,2023-02-17
4588,Shaurya,Lee,shaurya.lee.4588@example.com,South Africa,2023-03-17
4589,Sai,Patel,sai.patel.4589@mail.com,UAE,2023-12-11
4590,Ava,Lopez,ava.lopez.4590@example.com,Sweden,2024-12-17
4591,James,Miller,james.miller.4591@company.org,Netherlands,2022-04-04
4592,Benjamin,Nguyen,benjamin.nguyen.4592@webmail.net,Germany,2022-01-11
4593,Zara,Smith,zara.smith.4593@mail.com,Germany,2025-08-05
4594,Harper,Miller,harper.miller.4594@inbox.com,Norway,2023-09-17
4595,Aanya,Kumar,aanya.kumar.4595@inbox.com,Germany,2024-05-15
4596,Isabella,Williams,isabella.williams.4596@inbox.com,India,2025-09-04
4597,James,Miller,james.miller.4597@webmail.net,Spain,2024-04-17
4598,Ethan,Menon,ethan.menon.4598@mail.com,South Korea,2022-08-03
4599,Amelia,Lee,amelia.lee.4599@company.org,Mexico,2023-06-08
4600,Zara,Davis,zara.davis.4600@inbox.com,South Africa,2025-02-12
4601,James,Williams,james.williams.4601@inbox.com,UAE,2025-05-08
4602,Daniel,Das,daniel.das.4602@company.org,France,2022-07-20
4603,Aisha,Lopez,aisha.lopez.4603@example.com,United Kingdom,2025-06-16
4604,Isabella,Brown,isabella.brown.4604@mail.com,USA,2025-08-15
4605,Aarav,Kumar,aarav.kumar.4605@example.com,India,2022-08-31
4606,Aisha,Smith,aisha.smith.4606@mail.com,South Africa,2024-06-29
4607,Pari,Reddy,pari.reddy.4607@mail.com,Brazil,2024-09-25
4608,Muhammad,Wang,muhammad.wang.4608@inbox.com,Mexico,2022-04-18
4609,Anaya,Sharma,anaya.sharma.4609@inbox.com,Mexico,2024-01-17
4610,Aditya,Miller,aditya.miller.4610@webmail.net,Australia,2024-05-13
4611,Diya,Park,diya.park.4611@inbox.com,United Kingdom,2023-04-17
4612,Mira,Zhang,mira.zhang.4612@company.org,Sweden,2024-08-16
4613,Ava,Johnson,ava.johnson.4613@company.org,Denmark,2025-01-18
4614,Amelia,Khan,amelia.khan.4614@mail.com,Netherlands,2023-10-20
4615,Ethan,Kumar,ethan.kumar.4615@webmail.net,South Africa,2025-01-22
4616,Mira,Kim,mira.kim.4616@mail.com,Spain,2025-03-06
4617,Aarav,Khan,aarav.khan.4617@company.org,UAE,2025-02-21
4618,Aanya,Bose,aanya.bose.4618@inbox.com,UAE,2022-11-21
4619,Arjun,Miller,arjun.miller.4619@mail.com,Australia,2025-01-04
4620,Charlotte,Wang,charlotte.wang.4620@mail.com,United Kingdom,2022-10-23
4621,Arjun,Khan,arjun.khan.4621@company.org,Australia,2022-08-11
4622,Aarav,Kim,aarav.kim.4622@company.org,South Korea,2022-05-24
4623,Vihaan,Johnson,vihaan.johnson.4623@example.com,Philippines,2022-05-20
4624,Evelyn,Iyer,evelyn.iyer.4624@inbox.com,Spain,2024-01-31
4625,Aanya,Mehta,aanya.mehta.4625@company.org,Indonesia,2023-12-21
4626,Olivia,Sharma,olivia.sharma.4626@mail.com,Norway,2025-04-06
4627,Lucas,Johnson,lucas.johnson.4627@example.com,Sweden,2024-10-30
4628,Mia,Singh,mia.singh.4628@inbox.com,France,2024-01-16
4629,Mia,Brown,mia.brown.4629@inbox.com,Japan,2024-05-23
4630,Zara,Garcia,zara.garcia.4630@webmail.net,Germany,2022-08-29
4631,Elijah,Patel,elijah.patel.4631@mail.com,Mexico,2024-08-18
4632,Sai,Miller,sai.miller.4632@webmail.net,Vietnam,2023-08-18
4633,Henry,Iyer,henry.iyer.4633@example.com,Philippines,2023-09-02
4634,Vihaan,Davis,vihaan.davis.4634@webmail.net,France,2022-07-07
4635,Lucas,Singh,lucas.singh.4635@webmail.net,Canada,2024-12-03
4636,Anaya,Mehta,anaya.mehta.4636@mail.com,Italy,2024-05-26
4637,James,Singh,james.singh.4637@inbox.com,USA,2022-10-10
4638,Diya,Khan,diya.khan.4638@company.org,Denmark,2024-08-13
4639,Anaya,Nguyen,anaya.nguyen.4639@mail.com,Spain,2022-06-06
4640,Isabella,Wang,isabella.wang.4640@company.org,Mexico,2022-04-28
4641,Aisha,Iyer,aisha.iyer.4641@company.org,Norway,2022-08-12
4642,Anika,Kumar,anika.kumar.4642@inbox.com,France,2024-10-11
4643,Emma,Lee,emma.lee.4643@company.org,Brazil,2025-08-22
4644,Charlotte,Mehta,charlotte.mehta.4644@company.org,Mexico,2023-04-24
4645,Zara,Williams,zara.williams.4645@webmail.net,United Kingdom,2025-01-30
4646,Mia,Nguyen,mia.nguyen.4646@webmail.net,Philippines,2022-12-06
4647,Aanya,Wang,aanya.wang.4647@inbox.com,Singapore,2023-01-19
4648,Vivaan,Martinez,vivaan.martinez.4648@inbox.com,Mexico,2025-09-06
4649,Sara,Martinez,sara.martinez.4649@company.org,Netherlands,2025-01-16
4650,Muhammad,Singh,muhammad.singh.4650@company.org,Italy,2025-07-05
4651,James,Jones,james.jones.4651@mail.com,USA,2024-06-06
4652,Diya,Jones,diya.jones.4652@mail.com,Canada,2022-03-28
4653,Noah,Iyer,noah.iyer.4653@company.org,Vietnam,2023-12-29
4654,Evelyn,Bose,evelyn.bose.4654@example.com,Netherlands,2022-11-29
4655,Amelia,Lee,amelia.lee.4655@mail.com,Mexico,2024-06-19
4656,Henry,Bose,henry.bose.4656@mail.com,Sweden,2022-07-22
4657,Shaurya,Sharma,shaurya.sharma.4657@example.com,Vietnam,2022-07-29
4658,Emma,Johnson,emma.johnson.4658@example.com,Philippines,2024-05-01
4659,Kiara,Singh,kiara.singh.4659@example.com,India,2023-02-17
4660,Henry,Garcia,henry.garcia.4660@webmail.net,Poland,2024-03-16
4661,Harper,Miller,harper.miller.4661@webmail.net,Denmark,2023-06-27
4662,Anaya,Lee,anaya.lee.4662@inbox.com,Philippines,2024-11-02
4663,Harper,Smith,harper.smith.4663@mail.com,France,2024-09-17
4664,Charlotte,Johnson,charlotte.johnson.4664@example.com,India,2022-11-10
4665,Vivaan,Menon,vivaan.menon.4665@mail.com,South Korea,2023-08-26
4666,Sai,Liu,sai.liu.4666@company.org,Denmark,2023-05-14
4667,Muhammad,Jones,muhammad.jones.4667@inbox.com,Canada,2025-07-21
4668,Aanya,Mehta,aanya.mehta.4668@company.org,Philippines,2025-09-09
4669,Sai,Sharma,sai.sharma.4669@company.org,Germany,2022-09-18
4670,James,Nguyen,james.nguyen.4670@example.com,UAE,2022-05-24
4671,Aisha,Mehta,aisha.mehta.4671@inbox.com,Netherlands,2024-10-12
4672,Harper,Mehta,harper.mehta.4672@company.org,India,2025-07-02
4673,Kiara,Bose,kiara.bose.4673@company.org,USA,2023-10-08
4674,Lucas,Reddy,lucas.reddy.4674@company.org,Australia,2024-02-16
4675,Sai,Lopez,sai.lopez.4675@mail.com,United Kingdom,2023-09-10
4676,Vihaan,Kim,vihaan.kim.4676@mail.com,Germany,2022-06-29
4677,Anaya,Singh,anaya.singh.4677@webmail.net,United Kingdom,2023-09-30
4678,Mia,Chen,mia.chen.4678@mail.com,Vietnam,2022-03-25
4679,Muhammad,Lopez,muhammad.lopez.4679@example.com,Philippines,2022-06-30
4680,Muhammad,Johnson,muhammad.johnson.4680@example.com,Singapore,2022-07-21
4681,Diya,Patel,diya.patel.4681@company.org,United Kingdom,2025-01-26
4682,Aditya,Jones,aditya.jones.4682@inbox.com,Germany,2024-10-24
4683,Evelyn,Chen,evelyn.chen.4683@mail.com,Italy,2022-11-04
4684,Daniel,Nguyen,daniel.nguyen.4684@mail.com,Philippines,2022-02-27
4685,Mira,Martinez,mira.martinez.4685@webmail.net,Australia,2023-08-14
4686,Noah,Mehta,noah.mehta.4686@example.com,Norway,2024-10-22
4687,Diya,Jones,diya.jones.4687@inbox.com,South Africa,2025-04-21
4688,Evelyn,Gupta,evelyn.gupta.4688@inbox.com,Germany,2022-10-01
4689,Reyansh,Reddy,reyansh.reddy.4689@example.com,South Korea,2025-05-11
4690,Henry,Park,henry.park.4690@company.org,Singapore,2022-08-07
4691,Noah,Zhang,noah.zhang.4691@company.org,USA,2024-10-29
4692,Liam,Khan,liam.khan.4692@company.org,Germany,2023-03-22
4693,Ava,Khan,ava.khan.4693@company.org,USA,2022-10-28
4694,Emma,Smith,emma.smith.4694@webmail.net,Philippines,2025-07-28
4695,Arjun,Wang,arjun.wang.4695@example.com,Philippines,2025-06-05
4696,Anaya,Lee,anaya.lee.4696@company.org,Vietnam,2024-07-15
4697,Olivia,Khan,olivia.khan.4697@company.org,Indonesia,2024-02-11
4698,Vivaan,Chen,vivaan.chen.4698@mail.com,United Kingdom,2023-12-06
4699,Muhammad,Khan,muhammad.khan.4699@mail.com,Japan,2023-10-21
4700,Olivia,Davis,olivia.davis.4700@company.org,Mexico,2023-07-24
4701,Ava,Das,ava.das.4701@mail.com,Germany,2025-08-07
4702,Vivaan,Menon,vivaan.menon.4702@mail.com,Canada,2022-02-09
4703,Shaurya,Garcia,shaurya.garcia.4703@webmail.net,India,2022-07-11
4704,Emma,Lopez,emma.lopez.4704@webmail.net,France,2022-12-25
4705,Henry,Garcia,henry.garcia.4705@example.com,Japan,2022-09-16
4706,Benjamin,Lopez,benjamin.lopez.4706@webmail.net,India,2025-01-21
4707,Sai,Williams,sai.williams.4707@company.org,Spain,2022-02-04
4708,Mason,Iyer,mason.iyer.4708@mail.com,Germany,2025-08-28
4709,Mira,Miller,mira.miller.4709@example.com,South Africa,2023-06-16
4710,Liam,Menon,liam.menon.4710@example.com,France,2022-12-11
4711,Mira,Patel,mira.patel.4711@example.com,Brazil,2022-07-13
4712,Vivaan,Lopez,vivaan.lopez.4712@webmail.net,UAE,2024-02-11
4713,Elijah,Bose,elijah.bose.4713@webmail.net,South Africa,2023-07-27
4714,Isabella,Kumar,isabella.kumar.4714@company.org,South Korea,2022-04-11
4715,Emma,Jones,emma.jones.4715@inbox.com,Denmark,2023-08-01
4716,Mira,Williams,mira.williams.4716@mail.com,France,2023-01-26
4717,Lucas,Liu,lucas.liu.4717@mail.com,United Kingdom,2025-07-23
4718,Sara,Jones,sara.jones.4718@example.com,Spain,2022-06-21
4719,Aditya,Davis,aditya.davis.4719@example.com,India,2025-05-23
4720,Harper,Gupta,harper.gupta.4720@mail.com,India,2022-02-11
4721,Mason,Davis,mason.davis.4721@example.com,Brazil,2023-11-30
4722,Sophia,Menon,sophia.menon.4722@webmail.net,Canada,2022-09-09
4723,Isabella,Miller,isabella.miller.4723@company.org,India,2022-01-21
4724,Evelyn,Gupta,evelyn.gupta.4724@inbox.com,Philippines,2023-11-27
4725,Reyansh,Khan,reyansh.khan.4725@example.com,Denmark,2025-09-11
4726,Reyansh,Brown,reyansh.brown.4726@example.com,Indonesia,2023-12-21
4727,Sai,Mehta,sai.mehta.4727@example.com,Sweden,2023-09-27
4728,Ethan,Gupta,ethan.gupta.4728@example.com,Brazil,2023-12-19
4729,Pari,Brown,pari.brown.4729@example.com,Canada,2025-06-16
4730,Mira,Smith,mira.smith.4730@inbox.com,Sweden,2024-02-04
4731,Aisha,Mehta,aisha.mehta.4731@mail.com,Singapore,2022-06-27
4732,Kiara,Sharma,kiara.sharma.4732@company.org,USA,2023-11-07
4733,Diya,Smith,diya.smith.4733@company.org,Norway,2024-11-16
4734,Olivia,Jones,olivia.jones.4734@webmail.net,Spain,2024-07-15
4735,Sara,Garcia,sara.garcia.4735@mail.com,USA,2022-07-07
4736,Henry,Sharma,henry.sharma.4736@mail.com,Mexico,2024-11-08
4737,Kiara,Lopez,kiara.lopez.4737@mail.com,Singapore,2025-07-01
4738,Ethan,Bose,ethan.bose.4738@webmail.net,Japan,2023-09-04
4739,Isabella,Liu,isabella.liu.4739@example.com,Germany,2023-07-03
4740,James,Reddy,james.reddy.4740@mail.com,Sweden,2025-07-14
4741,Ishaan,Lee,ishaan.lee.4741@example.com,Netherlands,2022-02-19
4742,Vihaan,Menon,vihaan.menon.4742@webmail.net,Singapore,2023-10-24
4743,Reyansh,Das,reyansh.das.4743@company.org,Mexico,2022-02-08
4744,Arjun,Wang,arjun.wang.4744@example.com,United Kingdom,2023-11-26
4745,James,Garcia,james.garcia.4745@webmail.net,Vietnam,2022-07-13
4746,Sara,Patel,sara.patel.4746@inbox.com,USA,2024-06-28
4747,Anika,Davis,anika.davis.4747@example.com,Norway,2025-06-28
4748,Elijah,Chen,elijah.chen.4748@inbox.com,Indonesia,2024-06-10
4749,Aarav,Brown,aarav.brown.4749@example.com,Brazil,2023-05-07
4750,Diya,Patel,diya.patel.4750@company.org,Japan,2024-08-03
4751,Harper,Patel,harper.patel.4751@inbox.com,Denmark,2024-10-01
4752,Benjamin,Liu,benjamin.liu.4752@webmail.net,Netherlands,2025-05-01
4753,Benjamin,Miller,benjamin.miller.4753@mail.com,Netherlands,2024-10-03
4754,Arjun,Mehta,arjun.mehta.4754@company.org,Italy,2023-11-13
4755,Muhammad,Liu,muhammad.liu.4755@webmail.net,Spain,2024-07-25
4756,Henry,Nguyen,henry.nguyen.4756@example.com,South Korea,2023-10-01
4757,Ava,Gupta,ava.gupta.4757@mail.com,Germany,2024-01-24
4758,Mira,Patel,mira.patel.4758@webmail.net,Netherlands,2024-06-06
4759,Zara,Iyer,zara.iyer.4759@mail.com,Brazil,2025-03-30
4760,Liam,Williams,liam.williams.4760@mail.com,France,2025-02-18
4761,Harper,Park,harper.park.4761@company.org,Denmark,2023-03-26
4762,James,Martinez,james.martinez.4762@company.org,United Kingdom,2023-11-24
4763,Aarav,Reddy,aarav.reddy.4763@inbox.com,Indonesia,2022-09-14
4764,Isabella,Zhang,isabella.zhang.4764@mail.com,Vietnam,2022-02-10
4765,Anaya,Jones,anaya.jones.4765@company.org,India,2023-12-17
4766,Charlotte,Zhang,charlotte.zhang.4766@example.com,France,2022-05-19
4767,Mason,Patel,mason.patel.4767@example.com,France,2024-09-06
4768,Sara,Gupta,sara.gupta.4768@example.com,Norway,2023-01-01
4769,Emma,Park,emma.park.4769@company.org,Indonesia,2024-06-06
4770,Harper,Lopez,harper.lopez.4770@company.org,Sweden,2023-11-28
4771,Shaurya,Kumar,shaurya.kumar.4771@example.com,United Kingdom,2023-11-22
4772,Vivaan,Nguyen,vivaan.nguyen.4772@company.org,Norway,2024-08-30
4773,James,Das,james.das.4773@company.org,Vietnam,2022-02-17
4774,Arjun,Davis,arjun.davis.4774@inbox.com,Singapore,2023-04-18
4775,Charlotte,Khan,charlotte.khan.4775@example.com,France,2023-12-03
4776,Olivia,Miller,olivia.miller.4776@mail.com,Sweden,2024-06-06
4777,Ethan,Miller,ethan.miller.4777@webmail.net,UAE,2022-01-18
4778,Charlotte,Singh,charlotte.singh.4778@example.com,India,2023-02-08
4779,Charlotte,Patel,charlotte.patel.4779@webmail.net,Spain,2023-05-13
4780,Lucas,Park,lucas.park.4780@mail.com,Canada,2025-08-01
4781,Kiara,Johnson,kiara.johnson.4781@example.com,Denmark,2023-04-11
4782,Benjamin,Johnson,benjamin.johnson.4782@example.com,Canada,2022-09-03
4783,Harper,Kumar,harper.kumar.4783@company.org,Netherlands,2023-02-25
4784,Aanya,Lopez,aanya.lopez.4784@webmail.net,Vietnam,2024-05-19
4785,Harper,Khan,harper.khan.4785@webmail.net,Italy,2024-06-17
4786,Lucas,Park,lucas.park.4786@example.com,South Africa,2023-02-19
4787,Aditya,Martinez,aditya.martinez.4787@mail.com,UAE,2025-01-13
4788,Muhammad,Menon,muhammad.menon.4788@company.org,Canada,2023-10-20
4789,Muhammad,Smith,muhammad.smith.4789@example.com,Spain,2024-02-07
4790,Henry,Kim,henry.kim.4790@mail.com,Brazil,2024-01-28
4791,Mira,Park,mira.park.4791@company.org,Indonesia,2024-05-17
4792,Pari,Brown,pari.brown.4792@webmail.net,Philippines,2023-07-04
4793,Reyansh,Chen,reyansh.chen.4793@company.org,Italy,2025-05-24
4794,Sophia,Singh,sophia.singh.4794@example.com,South Korea,2024-07-28
4795,Mason,Lee,mason.lee.4795@inbox.com,South Africa,2025-07-21
4796,Daniel,Johnson,daniel.johnson.4796@company.org,Singapore,2023-01-22
4797,Sara,Bose,sara.bose.4797@webmail.net,Poland,2022-02-09
4798,Zara,Jones,zara.jones.4798@inbox.com,Sweden,2022-08-24
4799,Arjun,Jones,arjun.jones.4799@mail.com,USA,2024-05-21
4800,Noah,Gupta,noah.gupta.4800@mail.com,Singapore,2022-09-06
4801,Olivia,Martinez,olivia.martinez.4801@webmail.net,Brazil,2023-03-04
4802,Charlotte,Davis,charlotte.davis.4802@example.com,Germany,2024-02-20
4803,Elijah,Wang,elijah.wang.4803@inbox.com,Brazil,2024-04-10
4804,Sophia,Davis,sophia.davis.4804@company.org,Indonesia,2022-12-21
4805,Daniel,Patel,daniel.patel.4805@mail.com,Spain,2023-02-06
4806,Sophia,Garcia,sophia.garcia.4806@company.org,Germany,2023-11-23
4807,Benjamin,Martinez,benjamin.martinez.4807@webmail.net,Canada,2022-02-04
4808,Daniel,Liu,daniel.liu.4808@example.com,Canada,2023-04-11
4809,Arjun,Mehta,arjun.mehta.4809@company.org,United Kingdom,2025-03-21
4810,Anika,Smith,anika.smith.4810@company.org,Vietnam,2024-09-21
4811,Aanya,Liu,aanya.liu.4811@webmail.net,Australia,2022-06-17
4812,Pari,Mehta,pari.mehta.4812@webmail.net,Netherlands,2022-01-01
4813,Noah,Singh,noah.singh.4813@example.com,Brazil,2023-01-31
4814,Liam,Davis,liam.davis.4814@example.com,Sweden,2023-09-15
4815,Noah,Chen,noah.chen.4815@example.com,Indonesia,2022-09-15
4816,Emma,Bose,emma.bose.4816@inbox.com,Japan,2024-02-09
4817,Shaurya,Menon,shaurya.menon.4817@company.org,United Kingdom,2022-06-01
4818,Isabella,Brown,isabella.brown.4818@example.com,South Africa,2025-09-18
4819,Kiara,Lee,kiara.lee.4819@inbox.com,South Korea,2022-02-13
4820,Elijah,Williams,elijah.williams.4820@example.com,Singapore,2024-01-01
4821,Lucas,Kumar,lucas.kumar.4821@example.com,Philippines,2025-04-14
4822,Evelyn,Khan,evelyn.khan.4822@inbox.com,Indonesia,2024-07-12
4823,Charlotte,Martinez,charlotte.martinez.4823@example.com,Norway,2024-04-29
4824,Charlotte,Bose,charlotte.bose.4824@example.com,Philippines,2025-09-07
4825,Sophia,Jones,sophia.jones.4825@mail.com,Norway,2022-05-31
4826,Zara,Reddy,zara.reddy.4826@inbox.com,Italy,2023-10-05
4827,Evelyn,Zhang,evelyn.zhang.4827@mail.com,United Kingdom,2025-07-28
4828,Liam,Lopez,liam.lopez.4828@webmail.net,France,2024-08-31
4829,Ava,Menon,ava.menon.4829@webmail.net,Norway,2024-08-15
4830,Charlotte,Lopez,charlotte.lopez.4830@company.org,Brazil,2023-09-07
4831,Daniel,Davis,daniel.davis.4831@inbox.com,Italy,2024-02-27
4832,Ava,Martinez,ava.martinez.4832@example.com,South Korea,2023-05-24
4833,Noah,Martinez,noah.martinez.4833@inbox.com,Japan,2025-06-02
4834,Vihaan,Gupta,vihaan.gupta.4834@company.org,United Kingdom,2022-07-29
4835,Benjamin,Park,benjamin.park.4835@example.com,France,2025-08-05
4836,Lucas,Smith,lucas.smith.4836@webmail.net,Brazil,2024-12-15
4837,Aditya,Smith,aditya.smith.4837@example.com,United Kingdom,2024-01-08
4838,Sai,Williams,sai.williams.4838@example.com,Vietnam,2022-12-19
4839,Benjamin,Davis,benjamin.davis.4839@webmail.net,Norway,2022-11-18
4840,Mason,Brown,mason.brown.4840@webmail.net,Brazil,2025-01-06
4841,Ishaan,Gupta,ishaan.gupta.4841@company.org,Sweden,2023-02-08
4842,Liam,Smith,liam.smith.4842@example.com,Poland,2023-08-12
4843,Amelia,Sharma,amelia.sharma.4843@example.com,India,2024-07-11
4844,Elijah,Das,elijah.das.4844@inbox.com,Germany,2024-04-03
4845,James,Menon,james.menon.4845@example.com,France,2023-04-01
4846,Ava,Johnson,ava.johnson.4846@inbox.com,Vietnam,2025-05-05
4847,Henry,Lopez,henry.lopez.4847@webmail.net,Spain,2024-02-12
4848,Mason,Patel,mason.patel.4848@webmail.net,Mexico,2023-02-12
4849,Aanya,Sharma,aanya.sharma.4849@inbox.com,South Korea,2023-10-21
4850,Emma,Garcia,emma.garcia.4850@inbox.com,Italy,2024-04-15
4851,Vivaan,Martinez,vivaan.martinez.4851@inbox.com,Italy,2025-04-08
4852,Liam,Iyer,liam.iyer.4852@company.org,Australia,2025-06-04
4853,Benjamin,Sharma,benjamin.sharma.4853@mail.com,Spain,2023-01-12
4854,Emma,Menon,emma.menon.4854@webmail.net,Singapore,2025-05-01
4855,Ishaan,Zhang,ishaan.zhang.4855@mail.com,South Africa,2025-04-11
4856,Mason,Brown,mason.brown.4856@inbox.com,Indonesia,2022-03-26
4857,Reyansh,Johnson,reyansh.johnson.4857@inbox.com,South Africa,2024-07-26
4858,Benjamin,Smith,benjamin.smith.4858@example.com,Brazil,2022-01-15
4859,Isabella,Singh,isabella.singh.4859@example.com,France,2022-09-29
4860,Shaurya,Das,shaurya.das.4860@webmail.net,France,2023-10-28
4861,Lucas,Lee,lucas.lee.4861@webmail.net,Vietnam,2023-04-28
4862,Sophia,Khan,sophia.khan.4862@company.org,Mexico,2022-04-15
4863,Ava,Sharma,ava.sharma.4863@example.com,United Kingdom,2022-10-02
4864,Zara,Lee,zara.lee.4864@example.com,United Kingdom,2023-08-02
4865,Harper,Liu,harper.liu.4865@company.org,Japan,2025-05-22
4866,Evelyn,Kim,evelyn.kim.4866@example.com,Singapore,2022-01-10
4867,Charlotte,Sharma,charlotte.sharma.4867@webmail.net,United Kingdom,2024-07-03
4868,Evelyn,Johnson,evelyn.johnson.4868@webmail.net,Netherlands,2024-05-18
4869,Ishaan,Mehta,ishaan.mehta.4869@mail.com,Canada,2024-06-16
4870,Benjamin,Kumar,benjamin.kumar.4870@webmail.net,UAE,2025-05-05
4871,Aarav,Bose,aarav.bose.4871@webmail.net,Japan,2022-07-29
4872,Mason,Wang,mason.wang.4872@mail.com,Japan,2024-09-19
4873,Isabella,Reddy,isabella.reddy.4873@example.com,Germany,2022-09-13
4874,Vihaan,Mehta,vihaan.mehta.4874@inbox.com,Sweden,2022-12-22
4875,Lucas,Brown,lucas.brown.4875@webmail.net,Brazil,2023-06-22
4876,James,Nguyen,james.nguyen.4876@company.org,Singapore,2022-03-16
4877,Mia,Davis,mia.davis.4877@mail.com,UAE,2023-07-27
4878,Sara,Miller,sara.miller.4878@inbox.com,France,2022-07-18
4879,Muhammad,Park,muhammad.park.4879@mail.com,Norway,2024-02-22
4880,Liam,Kumar,liam.kumar.4880@inbox.com,Japan,2025-05-22
4881,Zara,Patel,zara.patel.4881@webmail.net,India,2023-01-31
4882,Aisha,Kim,aisha.kim.4882@inbox.com,UAE,2024-10-10
4883,Mia,Brown,mia.brown.4883@mail.com,Philippines,2025-09-13
4884,Kiara,Zhang,kiara.zhang.4884@example.com,Canada,2022-08-06
4885,Kiara,Khan,kiara.khan.4885@webmail.net,Indonesia,2023-03-20
4886,Charlotte,Lopez,charlotte.lopez.4886@webmail.net,Philippines,2024-11-25
4887,Daniel,Nguyen,daniel.nguyen.4887@webmail.net,Canada,2023-11-13
4888,Sophia,Chen,sophia.chen.4888@mail.com,Australia,2024-10-29
4889,Mira,Kim,mira.kim.4889@mail.com,South Africa,2024-01-31
4890,Aanya,Sharma,aanya.sharma.4890@company.org,Australia,2024-04-17
4891,Ava,Park,ava.park.4891@example.com,France,2024-01-08
4892,Olivia,Lee,olivia.lee.4892@company.org,USA,2022-04-05
4893,Arjun,Lopez,arjun.lopez.4893@mail.com,Singapore,2025-07-08
4894,Aditya,Menon,aditya.menon.4894@mail.com,Mexico,2022-02-21
4895,Ava,Lopez,ava.lopez.4895@inbox.com,Brazil,2025-01-22
4896,Charlotte,Miller,charlotte.miller.4896@inbox.com,Germany,2024-08-27
4897,Pari,Brown,pari.brown.4897@inbox.com,Brazil,2022-01-19
4898,Aditya,Zhang,aditya.zhang.4898@example.com,Indonesia,2024-03-10
4899,Arjun,Lee,arjun.lee.4899@webmail.net,Singapore,2024-01-07
4900,Harper,Das,harper.das.4900@example.com,Sweden,2025-08-01
4901,Isabella,Smith,isabella.smith.4901@inbox.com,France,2023-01-30
4902,Sara,Bose,sara.bose.4902@inbox.com,Vietnam,2023-02-11
4903,Sara,Williams,sara.williams.4903@company.org,India,2022-11-23
4904,Charlotte,Kumar,charlotte.kumar.4904@example.com,UAE,2024-01-09
4905,Benjamin,Lopez,benjamin.lopez.4905@webmail.net,Australia,2024-12-30
4906,Henry,Gupta,henry.gupta.4906@inbox.com,USA,2023-01-10
4907,Benjamin,Gupta,benjamin.gupta.4907@company.org,Germany,2023-12-11
4908,Harper,Miller,harper.miller.4908@inbox.com,Vietnam,2025-09-19
4909,Charlotte,Nguyen,charlotte.nguyen.4909@company.org,Singapore,2024-06-01
4910,James,Williams,james.williams.4910@company.org,Denmark,2024-03-10
4911,Shaurya,Kumar,shaurya.kumar.4911@company.org,Indonesia,2022-04-05
4912,Aisha,Brown,aisha.brown.4912@company.org,Netherlands,2024-12-28
4913,Ishaan,Liu,ishaan.liu.4913@example.com,Netherlands,2023-03-03
4914,Ethan,Park,ethan.park.4914@inbox.com,Germany,2023-08-09
4915,Pari,Patel,pari.patel.4915@company.org,Canada,2024-04-19
4916,Ava,Lee,ava.lee.4916@mail.com,Japan,2023-02-21
4917,Ishaan,Kumar,ishaan.kumar.4917@company.org,Australia,2024-10-04
4918,Pari,Martinez,pari.martinez.4918@mail.com,Italy,2024-03-21
4919,Anika,Iyer,anika.iyer.4919@example.com,Denmark,2022-08-23
4920,Muhammad,Kim,muhammad.kim.4920@company.org,Vietnam,2024-02-16
4921,Vivaan,Johnson,vivaan.johnson.4921@company.org,France,2022-11-23
4922,Diya,Miller,diya.miller.4922@example.com,Sweden,2025-01-10
4923,Elijah,Davis,elijah.davis.4923@mail.com,Australia,2022-08-15
4924,Muhammad,Patel,muhammad.patel.4924@example.com,United Kingdom,2022-10-15
4925,Pari,Singh,pari.singh.4925@example.com,USA,2022-04-08
4926,Evelyn,Johnson,evelyn.johnson.4926@webmail.net,Italy,2023-08-13
4927,Muhammad,Patel,muhammad.patel.4927@company.org,USA,2025-07-30
4928,Benjamin,Park,benjamin.park.4928@webmail.net,Norway,2025-01-15
4929,Ava,Gupta,ava.gupta.4929@company.org,USA,2022-05-10
4930,Mira,Mehta,mira.mehta.4930@webmail.net,UAE,2025-05-22
4931,Sai,Das,sai.das.4931@mail.com,India,2024-05-09
4932,Mira,Bose,mira.bose.4932@mail.com,Mexico,2024-09-22
4933,Sai,Martinez,sai.martinez.4933@example.com,Sweden,2025-05-06
4934,Lucas,Menon,lucas.menon.4934@company.org,Spain,2024-09-23
4935,Ishaan,Mehta,ishaan.mehta.4935@inbox.com,Mexico,2023-09-27
4936,James,Brown,james.brown.4936@example.com,Vietnam,2022-02-24
4937,Aarav,Mehta,aarav.mehta.4937@example.com,Philippines,2023-12-11
4938,Sophia,Bose,sophia.bose.4938@example.com,France,2023-07-29
4939,Zara,Brown,zara.brown.4939@company.org,Philippines,2023-08-13
4940,Ethan,Liu,ethan.liu.4940@inbox.com,Canada,2022-01-31
4941,Aditya,Williams,aditya.williams.4941@webmail.net,Spain,2023-10-18
4942,Zara,Reddy,zara.reddy.4942@example.com,Canada,2024-10-02
4943,Sophia,Bose,sophia.bose.4943@inbox.com,UAE,2025-09-09
4944,Sai,Lee,sai.lee.4944@mail.com,Canada,2023-03-15
4945,Aarav,Wang,aarav.wang.4945@company.org,Italy,2023-05-19
4946,Reyansh,Johnson,reyansh.johnson.4946@company.org,Poland,2023-02-22
4947,Daniel,Garcia,daniel.garcia.4947@company.org,India,2024-08-13
4948,Aarav,Smith,aarav.smith.4948@mail.com,Norway,2023-10-30
4949,Mason,Davis,mason.davis.4949@inbox.com,Australia,2024-05-10
4950,Shaurya,Johnson,shaurya.johnson.4950@company.org,Norway,2024-05-27
4951,Daniel,Johnson,daniel.johnson.4951@webmail.net,France,2024-07-31
4952,Mia,Wang,mia.wang.4952@company.org,USA,2022-12-30
4953,Charlotte,Williams,charlotte.williams.4953@company.org,Norway,2024-03-18
4954,Elijah,Gupta,elijah.gupta.4954@company.org,Netherlands,2024-11-25
4955,Amelia,Wang,amelia.wang.4955@example.com,Poland,2023-07-20
4956,Vivaan,Smith,vivaan.smith.4956@webmail.net,Denmark,2022-10-08
4957,Emma,Jones,emma.jones.4957@company.org,Canada,2023-12-07
4958,Ava,Sharma,ava.sharma.4958@company.org,Indonesia,2023-01-03
4959,Ishaan,Sharma,ishaan.sharma.4959@mail.com,Canada,2023-11-02
4960,Olivia,Jones,olivia.jones.4960@company.org,South Africa,2024-06-15
4961,Henry,Liu,henry.liu.4961@webmail.net,France,2022-01-23
4962,Aisha,Reddy,aisha.reddy.4962@example.com,Norway,2025-03-28
4963,Elijah,Smith,elijah.smith.4963@example.com,Germany,2025-05-02
4964,Mia,Smith,mia.smith.4964@company.org,Mexico,2023-05-04
4965,Muhammad,Jones,muhammad.jones.4965@webmail.net,Netherlands,2023-03-28
4966,Sai,Park,sai.park.4966@mail.com,Philippines,2024-01-29
4967,Mira,Johnson,mira.johnson.4967@mail.com,Poland,2025-05-02
4968,Arjun,Gupta,arjun.gupta.4968@company.org,Norway,2022-08-13
4969,Zara,Reddy,zara.reddy.4969@company.org,Poland,2023-09-18
4970,Ishaan,Williams,ishaan.williams.4970@mail.com,Japan,2022-09-10
4971,Shaurya,Lopez,shaurya.lopez.4971@inbox.com,Netherlands,2024-03-06
4972,James,Reddy,james.reddy.4972@example.com,Italy,2025-06-14
4973,Sara,Nguyen,sara.nguyen.4973@inbox.com,Philippines,2023-02-18
4974,Ishaan,Gupta,ishaan.gupta.4974@inbox.com,Norway,2024-11-23
4975,Mira,Smith,mira.smith.4975@example.com,Netherlands,2023-05-11
4976,Isabella,Chen,isabella.chen.4976@mail.com,Sweden,2022-01-05
4977,Elijah,Khan,elijah.khan.4977@inbox.com,Germany,2024-02-11
4978,Aarav,Lee,aarav.lee.4978@example.com,Denmark,2025-02-14
4979,Vihaan,Reddy,vihaan.reddy.4979@webmail.net,South Africa,2022-12-08
4980,Noah,Williams,noah.williams.4980@example.com,Japan,2023-12-15
4981,Aanya,Mehta,aanya.mehta.4981@inbox.com,Germany,2025-08-09
4982,Lucas,Singh,lucas.singh.4982@mail.com,Sweden,2024-05-19
4983,Daniel,Brown,daniel.brown.4983@inbox.com,Philippines,2022-01-08
4984,Vihaan,Reddy,vihaan.reddy.4984@company.org,Netherlands,2024-10-09
4985,Evelyn,Singh,evelyn.singh.4985@inbox.com,France,2025-01-18
4986,Ethan,Iyer,ethan.iyer.4986@mail.com,Canada,2023-10-14
4987,Arjun,Johnson,arjun.johnson.4987@inbox.com,Norway,2022-01-10
4988,Lucas,Reddy,lucas.reddy.4988@inbox.com,India,2024-05-23
4989,Vihaan,Reddy,vihaan.reddy.4989@company.org,United Kingdom,2023-08-01
4990,Aarav,Lopez,aarav.lopez.4990@webmail.net,France,2025-06-08
4991,Reyansh,Liu,reyansh.liu.4991@example.com,Vietnam,2023-05-05
4992,Diya,Williams,diya.williams.4992@example.com,Canada,2025-03-01
4993,Emma,Iyer,emma.iyer.4993@example.com,Italy,2025-06-29
4994,Elijah,Khan,elijah.khan.4994@example.com,Australia,2022-02-20
4995,Mia,Reddy,mia.reddy.4995@company.org,Spain,2023-05-03
4996,Aarav,Sharma,aarav.sharma.4996@inbox.com,Netherlands,2024-12-24
4997,Sai,Kumar,sai.kumar.4997@company.org,Sweden,2025-05-04
4998,Aisha,Davis,aisha.davis.4998@inbox.com,Indonesia,2024-12-22
4999,Mira,Iyer,mira.iyer.4999@mail.com,South Africa,2025-05-23
5000,Elijah,Miller,elijah.miller.5000@webmail.net,Italy,2024-07-10
5001,Henry,Martinez,henry.martinez.5001@webmail.net,Australia,2023-06-20
5002,Ishaan,Lopez,ishaan.lopez.5002@inbox.com,Japan,2024-01-04
5003,Muhammad,Williams,muhammad.williams.5003@example.com,Philippines,2024-08-27
5004,Harper,Bose,harper.bose.5004@webmail.net,Germany,2022-11-11
5005,Aisha,Wang,aisha.wang.5005@example.com,Norway,2022-11-28
5006,Arjun,Patel,arjun.patel.5006@inbox.com,Japan,2022-03-12
5007,Shaurya,Smith,shaurya.smith.5007@company.org,Norway,2023-09-19
5008,Pari,Park,pari.park.5008@example.com,France,2023-12-29
5009,Mira,Mehta,mira.mehta.5009@inbox.com,Philippines,2023-11-12
5010,Sara,Miller,sara.miller.5010@inbox.com,Brazil,2025-09-15
5011,Shaurya,Williams,shaurya.williams.5011@example.com,Sweden,2023-09-23
5012,Zara,Davis,zara.davis.5012@example.com,Spain,2025-03-03
5013,Isabella,Jones,isabella.jones.5013@company.org,Australia,2024-05-01
5014,Pari,Lee,pari.lee.5014@inbox.com,Japan,2024-04-21
5015,Harper,Mehta,harper.mehta.5015@inbox.com,Norway,2022-10-02
5016,Liam,Wang,liam.wang.5016@webmail.net,Brazil,2025-05-24
5017,Aisha,Johnson,aisha.johnson.5017@company.org,Germany,2022-03-15
5018,Noah,Brown,noah.brown.5018@webmail.net,India,2025-06-22
5019,Ethan,Bose,ethan.bose.5019@example.com,Japan,2023-09-04
5020,Emma,Jones,emma.jones.5020@inbox.com,Poland,2023-07-02
5021,Sai,Smith,sai.smith.5021@mail.com,Singapore,2022-11-16
5022,Elijah,Singh,elijah.singh.5022@example.com,Philippines,2024-07-11
5023,Aditya,Davis,aditya.davis.5023@inbox.com,Mexico,2022-06-16
5024,Aditya,Garcia,aditya.garcia.5024@inbox.com,South Africa,2025-02-08
5025,Vivaan,Park,vivaan.park.5025@example.com,Poland,2022-12-29
5026,Reyansh,Reddy,reyansh.reddy.5026@webmail.net,United Kingdom,2025-04-24
5027,Harper,Johnson,harper.johnson.5027@company.org,United Kingdom,2024-12-02
5028,Vivaan,Khan,vivaan.khan.5028@inbox.com,Mexico,2024-12-29
5029,Ethan,Park,ethan.park.5029@example.com,Singapore,2024-12-02
5030,Diya,Singh,diya.singh.5030@example.com,South Africa,2023-09-23
5031,Daniel,Smith,daniel.smith.5031@inbox.com,Brazil,2025-06-24
5032,Zara,Lee,zara.lee.5032@mail.com,Canada,2022-01-02
5033,Sai,Park,sai.park.5033@mail.com,Germany,2023-11-12
5034,Liam,Wang,liam.wang.5034@inbox.com,Denmark,2025-09-16
5035,Vihaan,Sharma,vihaan.sharma.5035@webmail.net,France,2025-03-25
5036,Vihaan,Reddy,vihaan.reddy.5036@example.com,Mexico,2023-06-08
5037,Anaya,Zhang,anaya.zhang.5037@mail.com,Philippines,2025-09-26
5038,Olivia,Wang,olivia.wang.5038@company.org,South Africa,2023-02-08
5039,Ethan,Kim,ethan.kim.5039@inbox.com,Poland,2022-02-19
5040,Ethan,Das,ethan.das.5040@webmail.net,India,2022-06-05
5041,Ethan,Lee,ethan.lee.5041@mail.com,Australia,2023-12-22
5042,Benjamin,Davis,benjamin.davis.5042@inbox.com,India,2025-01-05
5043,James,Park,james.park.5043@example.com,UAE,2022-12-25
5044,Arjun,Patel,arjun.patel.5044@webmail.net,USA,2023-03-24
5045,Daniel,Mehta,daniel.mehta.5045@example.com,South Korea,2022-11-12
5046,James,Gupta,james.gupta.5046@inbox.com,USA,2023-06-25
5047,Ishaan,Patel,ishaan.patel.5047@webmail.net,Australia,2022-03-12
5048,Harper,Lopez,harper.lopez.5048@inbox.com,Indonesia,2022-04-11
5049,Arjun,Davis,arjun.davis.5049@company.org,South Korea,2022-05-26
5050,Pari,Kim,pari.kim.5050@company.org,Mexico,2024-08-15
5051,Diya,Davis,diya.davis.5051@inbox.com,UAE,2025-03-26
5052,Anika,Bose,anika.bose.5052@company.org,UAE,2023-06-13
5053,Shaurya,Patel,shaurya.patel.5053@webmail.net,UAE,2022-04-20
5054,Aditya,Patel,aditya.patel.5054@webmail.net,Spain,2024-06-03
5055,Elijah,Sharma,elijah.sharma.5055@example.com,South Africa,2023-09-10
5056,Elijah,Williams,elijah.williams.5056@example.com,Norway,2022-04-25
5057,Charlotte,Johnson,charlotte.johnson.5057@webmail.net,Indonesia,2024-01-12
5058,Sara,Patel,sara.patel.5058@mail.com,Indonesia,2024-01-15
5059,Harper,Menon,harper.menon.5059@mail.com,Indonesia,2025-01-18
5060,Anaya,Park,anaya.park.5060@company.org,Australia,2025-08-10
5061,Mira,Das,mira.das.5061@inbox.com,Denmark,2025-08-31
5062,Pari,Sharma,pari.sharma.5062@webmail.net,USA,2024-02-02
5063,Mia,Johnson,mia.johnson.5063@inbox.com,France,2023-05-25
5064,Aarav,Mehta,aarav.mehta.5064@inbox.com,France,2025-07-10
5065,Aarav,Reddy,aarav.reddy.5065@mail.com,Netherlands,2023-08-13
5066,Liam,Menon,liam.menon.5066@webmail.net,Germany,2022-10-13
5067,Mira,Gupta,mira.gupta.5067@company.org,Italy,2023-01-31
5068,Diya,Martinez,diya.martinez.5068@mail.com,India,2024-10-24
5069,Elijah,Lee,elijah.lee.5069@mail.com,Germany,2025-05-11
5070,Pari,Das,pari.das.5070@example.com,Mexico,2022-04-19
5071,Aarav,Nguyen,aarav.nguyen.5071@company.org,India,2022-03-03
5072,Mason,Liu,mason.liu.5072@example.com,Vietnam,2023-07-08
5073,Anika,Sharma,anika.sharma.5073@company.org,South Africa,2024-05-13
5074,Mason,Miller,mason.miller.5074@mail.com,Japan,2022-01-22
5075,Shaurya,Kumar,shaurya.kumar.5075@example.com,United Kingdom,2023-08-20
5076,Sophia,Jones,sophia.jones.5076@mail.com,Brazil,2024-08-15
5077,Aarav,Das,aarav.das.5077@inbox.com,Vietnam,2023-12-11
5078,Noah,Chen,noah.chen.5078@company.org,Denmark,2025-05-12
5079,Charlotte,Jones,charlotte.jones.5079@company.org,Mexico,2025-08-30
5080,Diya,Reddy,diya.reddy.5080@company.org,France,2025-02-18
5081,James,Chen,james.chen.5081@inbox.com,Spain,2022-09-18
5082,Sophia,Patel,sophia.patel.5082@mail.com,Brazil,2023-10-14
5083,Diya,Wang,diya.wang.5083@mail.com,USA,2023-12-12
5084,Emma,Smith,emma.smith.5084@mail.com,Sweden,2022-05-01
5085,Sara,Jones,sara.jones.5085@example.com,Italy,2024-12-15
5086,Benjamin,Khan,benjamin.khan.5086@webmail.net,USA,2022-06-27
5087,Sai,Wang,sai.wang.5087@mail.com,UAE,2022-12-17
5088,Henry,Sharma,henry.sharma.5088@mail.com,France,2023-11-02
5089,Aanya,Gupta,aanya.gupta.5089@company.org,South Africa,2025-02-01
5090,Aanya,Reddy,aanya.reddy.5090@company.org,UAE,2025-05-05
5091,Muhammad,Miller,muhammad.miller.5091@webmail.net,Denmark,2025-01-27
5092,Aarav,Park,aarav.park.5092@company.org,UAE,2022-05-27
5093,Isabella,Gupta,isabella.gupta.5093@company.org,United Kingdom,2023-11-10
5094,Anaya,Davis,anaya.davis.5094@inbox.com,UAE,2024-05-04
5095,Henry,Reddy,henry.reddy.5095@company.org,Philippines,2023-05-02
5096,Elijah,Nguyen,elijah.nguyen.5096@webmail.net,Italy,2022-09-18
5097,Reyansh,Johnson,reyansh.johnson.5097@company.org,Norway,2022-03-11
5098,Vihaan,Chen,vihaan.chen.5098@mail.com,Mexico,2024-01-14
5099,Charlotte,Chen,charlotte.chen.5099@company.org,Indonesia,2025-08-25
5100,Anaya,Reddy,anaya.reddy.5100@webmail.net,Norway,2024-08-03
5101,Shaurya,Miller,shaurya.miller.5101@webmail.net,Denmark,2022-09-25
5102,Harper,Menon,harper.menon.5102@inbox.com,Mexico,2025-09-07
5103,Vihaan,Park,vihaan.park.5103@company.org,United Kingdom,2022-08-03
5104,Aanya,Nguyen,aanya.nguyen.5104@mail.com,Netherlands,2022-01-02
5105,Vihaan,Singh,vihaan.singh.5105@mail.com,Norway,2024-08-13
5106,Mira,Davis,mira.davis.5106@mail.com,Germany,2022-07-30
5107,Shaurya,Patel,shaurya.patel.5107@example.com,Japan,2023-03-07
5108,Zara,Garcia,zara.garcia.5108@mail.com,Japan,2025-02-09
5109,Ishaan,Bose,ishaan.bose.5109@company.org,Philippines,2025-03-07
5110,Muhammad,Reddy,muhammad.reddy.5110@inbox.com,Spain,2024-06-15
5111,Benjamin,Lee,benjamin.lee.5111@example.com,Australia,2024-11-11
5112,Ishaan,Nguyen,ishaan.nguyen.5112@example.com,South Africa,2022-07-18
5113,Aditya,Kim,aditya.kim.5113@example.com,Australia,2023-03-07
5114,Shaurya,Iyer,shaurya.iyer.5114@mail.com,Germany,2025-01-18
5115,Ethan,Garcia,ethan.garcia.5115@mail.com,UAE,2024-12-16
5116,Reyansh,Iyer,reyansh.iyer.5116@mail.com,UAE,2022-03-06
5117,Ishaan,Miller,ishaan.miller.5117@webmail.net,Canada,2023-06-06
5118,Vihaan,Williams,vihaan.williams.5118@webmail.net,Japan,2022-11-03
5119,Aarav,Park,aarav.park.5119@inbox.com,India,2025-01-16
5120,Benjamin,Iyer,benjamin.iyer.5120@webmail.net,Italy,2023-12-15
5121,Olivia,Johnson,olivia.johnson.5121@example.com,Denmark,2024-08-07
5122,Charlotte,Iyer,charlotte.iyer.5122@example.com,Germany,2024-11-28
5123,Vivaan,Kim,vivaan.kim.5123@company.org,France,2022-05-20
5124,Mason,Park,mason.park.5124@example.com,Vietnam,2023-12-31
5125,Aisha,Johnson,aisha.johnson.5125@example.com,Poland,2025-08-29
5126,Aanya,Martinez,aanya.martinez.5126@company.org,Philippines,2022-12-05
5127,Muhammad,Wang,muhammad.wang.5127@inbox.com,USA,2023-01-21
5128,Charlotte,Liu,charlotte.liu.5128@example.com,Japan,2024-08-21
5129,Ava,Johnson,ava.johnson.5129@mail.com,France,2024-05-31
5130,Sai,Wang,sai.wang.5130@example.com,Australia,2023-10-15
5131,Amelia,Sharma,amelia.sharma.5131@example.com,Sweden,2023-07-24
5132,Sophia,Davis,sophia.davis.5132@webmail.net,UAE,2025-07-31
5133,Sophia,Jones,sophia.jones.5133@webmail.net,India,2022-12-30
5134,Sophia,Bose,sophia.bose.5134@example.com,Germany,2024-06-04
5135,Harper,Wang,harper.wang.5135@inbox.com,Singapore,2023-07-16
5136,Vihaan,Das,vihaan.das.5136@inbox.com,Denmark,2025-04-24
5137,Sara,Das,sara.das.5137@example.com,South Africa,2023-11-17
5138,Isabella,Johnson,isabella.johnson.5138@inbox.com,Australia,2024-07-28
5139,Kiara,Lee,kiara.lee.5139@company.org,Brazil,2023-10-10
5140,Olivia,Sharma,olivia.sharma.5140@company.org,South Korea,2023-08-09
5141,Aanya,Jones,aanya.jones.5141@mail.com,Australia,2025-08-08
5142,Aanya,Johnson,aanya.johnson.5142@webmail.net,Germany,2025-07-19
5143,Muhammad,Reddy,muhammad.reddy.5143@mail.com,South Korea,2023-02-02
5144,Anaya,Wang,anaya.wang.5144@mail.com,Spain,2025-07-11
5145,Noah,Kim,noah.kim.5145@inbox.com,Norway,2023-02-19
5146,Shaurya,Gupta,shaurya.gupta.5146@company.org,Vietnam,2025-08-13
5147,Harper,Kim,harper.kim.5147@company.org,India,2025-02-15
5148,Amelia,Lopez,amelia.lopez.5148@company.org,Vietnam,2022-06-02
5149,Daniel,Bose,daniel.bose.5149@mail.com,Spain,2024-09-20
5150,Anika,Nguyen,anika.nguyen.5150@example.com,South Korea,2024-10-19
5151,Benjamin,Martinez,benjamin.martinez.5151@webmail.net,Vietnam,2023-02-14
5152,Pari,Mehta,pari.mehta.5152@inbox.com,Norway,2025-06-04
5153,Anika,Kumar,anika.kumar.5153@inbox.com,Germany,2023-12-18
5154,Diya,Kumar,diya.kumar.5154@example.com,UAE,2023-07-21
5155,Charlotte,Iyer,charlotte.iyer.5155@mail.com,Brazil,2023-02-10
5156,Kiara,Liu,kiara.liu.5156@mail.com,India,2022-05-01
5157,Sai,Lee,sai.lee.5157@company.org,UAE,2024-02-15
5158,Sophia,Sharma,sophia.sharma.5158@inbox.com,UAE,2023-07-29
5159,Mia,Chen,mia.chen.5159@webmail.net,Philippines,2024-12-07
5160,Elijah,Park,elijah.park.5160@webmail.net,Japan,2023-05-29
5161,Mia,Johnson,mia.johnson.5161@inbox.com,Denmark,2025-01-26
5162,Noah,Mehta,noah.mehta.5162@mail.com,UAE,2023-11-10
5163,Emma,Martinez,emma.martinez.5163@inbox.com,Netherlands,2023-09-03
5164,Ava,Bose,ava.bose.5164@company.org,Philippines,2025-04-21
5165,Harper,Johnson,harper.johnson.5165@webmail.net,Canada,2022-11-21
5166,Zara,Khan,zara.khan.5166@mail.com,Canada,2023-06-18
5167,Mira,Smith,mira.smith.5167@company.org,USA,2024-12-19
5168,Aarav,Martinez,aarav.martinez.5168@company.org,Mexico,2023-04-21
5169,Harper,Reddy,harper.reddy.5169@mail.com,Mexico,2025-03-27
5170,Sophia,Lopez,sophia.lopez.5170@inbox.com,Germany,2025-05-06
5171,Emma,Martinez,emma.martinez.5171@webmail.net,Singapore,2023-04-15
5172,Ethan,Singh,ethan.singh.5172@mail.com,United Kingdom,2022-01-22
5173,Mia,Zhang,mia.zhang.5173@mail.com,Japan,2023-01-08
5174,Emma,Chen,emma.chen.5174@company.org,Indonesia,2022-07-04
5175,Zara,Singh,zara.singh.5175@example.com,Singapore,2025-06-17
5176,Mira,Patel,mira.patel.5176@inbox.com,Vietnam,2024-10-07
5177,Charlotte,Martinez,charlotte.martinez.5177@mail.com,Australia,2025-05-16
5178,Aanya,Williams,aanya.williams.5178@inbox.com,United Kingdom,2025-04-21
5179,Liam,Kumar,liam.kumar.5179@mail.com,South Korea,2025-01-20
5180,Vihaan,Jones,vihaan.jones.5180@webmail.net,Denmark,2022-12-08
5181,Mia,Iyer,mia.iyer.5181@example.com,United Kingdom,2022-02-16
5182,Charlotte,Kim,charlotte.kim.5182@example.com,Vietnam,2024-02-10
5183,Evelyn,Liu,evelyn.liu.5183@mail.com,UAE,2022-08-09
5184,Muhammad,Reddy,muhammad.reddy.5184@company.org,UAE,2023-11-25
5185,Sai,Bose,sai.bose.5185@inbox.com,Norway,2023-05-10
5186,Aanya,Mehta,aanya.mehta.5186@inbox.com,UAE,2025-02-22
5187,Diya,Williams,diya.williams.5187@webmail.net,Sweden,2023-02-08
5188,Zara,Zhang,zara.zhang.5188@webmail.net,Vietnam,2022-03-17
5189,Muhammad,Garcia,muhammad.garcia.5189@mail.com,Australia,2025-09-13
5190,Vivaan,Lee,vivaan.lee.5190@webmail.net,Sweden,2025-05-22
5191,Noah,Kumar,noah.kumar.5191@mail.com,Philippines,2022-12-12
5192,Ethan,Jones,ethan.jones.5192@mail.com,Italy,2024-06-15
5193,Isabella,Johnson,isabella.johnson.5193@inbox.com,Vietnam,2023-09-24
5194,Kiara,Mehta,kiara.mehta.5194@example.com,Italy,2022-06-23
5195,Zara,Bose,zara.bose.5195@example.com,India,2025-03-31
5196,Olivia,Liu,olivia.liu.5196@webmail.net,Germany,2024-04-14
5197,Arjun,Sharma,arjun.sharma.5197@inbox.com,UAE,2024-10-05
5198,Evelyn,Park,evelyn.park.5198@example.com,India,2022-02-09
5199,Shaurya,Garcia,shaurya.garcia.5199@mail.com,Vietnam,2025-02-07
5200,Ishaan,Reddy,ishaan.reddy.5200@mail.com,South Korea,2023-05-12
5201,Mia,Park,mia.park.5201@example.com,Australia,2023-10-23
5202,Vivaan,Lopez,vivaan.lopez.5202@mail.com,South Korea,2024-06-10
5203,Muhammad,Chen,muhammad.chen.5203@webmail.net,Australia,2024-04-01
5204,Sai,Garcia,sai.garcia.5204@example.com,France,2022-11-05
5205,Muhammad,Mehta,muhammad.mehta.5205@company.org,Singapore,2023-06-22
5206,Olivia,Lee,olivia.lee.5206@company.org,Germany,2025-04-19
5207,Sophia,Singh,sophia.singh.5207@example.com,Philippines,2024-07-22
5208,Diya,Martinez,diya.martinez.5208@webmail.net,Philippines,2025-05-03
5209,Anika,Smith,anika.smith.5209@inbox.com,Germany,2024-08-13
5210,Olivia,Liu,olivia.liu.5210@mail.com,Vietnam,2022-12-31
5211,Shaurya,Singh,shaurya.singh.5211@webmail.net,Germany,2022-12-19
5212,Daniel,Mehta,daniel.mehta.5212@company.org,Sweden,2024-08-02
5213,Diya,Sharma,diya.sharma.5213@inbox.com,South Korea,2025-08-17
5214,Lucas,Lee,lucas.lee.5214@mail.com,Indonesia,2025-04-29
5215,Olivia,Iyer,olivia.iyer.5215@mail.com,Germany,2023-10-20
5216,Isabella,Reddy,isabella.reddy.5216@inbox.com,Sweden,2022-02-23
5217,Lucas,Johnson,lucas.johnson.5217@example.com,Canada,2024-05-06
5218,Mia,Patel,mia.patel.5218@mail.com,Sweden,2023-08-28
5219,Benjamin,Garcia,benjamin.garcia.5219@company.org,United Kingdom,2025-06-07
5220,Aanya,Liu,aanya.liu.5220@webmail.net,Australia,2022-03-01
5221,Reyansh,Sharma,reyansh.sharma.5221@example.com,Netherlands,2022-08-31
5222,Sophia,Gupta,sophia.gupta.5222@company.org,UAE,2022-12-12
5223,Henry,Park,henry.park.5223@mail.com,Norway,2025-01-01
5224,Sai,Zhang,sai.zhang.5224@webmail.net,Netherlands,2025-01-03
5225,Sara,Davis,sara.davis.5225@webmail.net,Japan,2024-01-14
5226,Kiara,Brown,kiara.brown.5226@inbox.com,Italy,2022-07-23
5227,Shaurya,Mehta,shaurya.mehta.5227@mail.com,Australia,2022-08-09
5228,Aanya,Bose,aanya.bose.5228@company.org,Indonesia,2022-01-27
5229,Reyansh,Chen,reyansh.chen.5229@inbox.com,Poland,2023-01-30
5230,Shaurya,Smith,shaurya.smith.5230@company.org,Norway,2022-08-28
5231,Diya,Singh,diya.singh.5231@inbox.com,Philippines,2023-09-22
5232,Vihaan,Johnson,vihaan.johnson.5232@company.org,France,2023-06-09
5233,Anaya,Smith,anaya.smith.5233@example.com,South Africa,2023-08-29
5234,Anika,Liu,anika.liu.5234@webmail.net,South Africa,2025-09-04
5235,Anika,Reddy,anika.reddy.5235@example.com,South Africa,2024-04-05
5236,Vihaan,Menon,vihaan.menon.5236@webmail.net,Singapore,2023-03-05
5237,Reyansh,Liu,reyansh.liu.5237@example.com,Brazil,2024-01-25
5238,Liam,Iyer,liam.iyer.5238@inbox.com,Norway,2025-04-14
5239,Muhammad,Kim,muhammad.kim.5239@inbox.com,Norway,2022-08-19
5240,Aarav,Kumar,aarav.kumar.5240@example.com,Vietnam,2022-12-08
5241,Ava,Singh,ava.singh.5241@example.com,Singapore,2024-03-01
5242,Mira,Park,mira.park.5242@mail.com,Singapore,2024-06-05
5243,Lucas,Park,lucas.park.5243@webmail.net,UAE,2022-04-09
5244,Liam,Nguyen,liam.nguyen.5244@webmail.net,Japan,2022-03-11
5245,Emma,Brown,emma.brown.5245@company.org,Japan,2022-04-23
5246,Diya,Bose,diya.bose.5246@example.com,South Africa,2023-07-27
5247,Sai,Williams,sai.williams.5247@inbox.com,Philippines,2022-04-22
5248,Arjun,Martinez,arjun.martinez.5248@inbox.com,Vietnam,2023-05-28
5249,Isabella,Menon,isabella.menon.5249@company.org,USA,2024-11-07
5250,Sai,Martinez,sai.martinez.5250@webmail.net,Philippines,2024-07-09
5251,Anaya,Martinez,anaya.martinez.5251@webmail.net,Mexico,2024-04-29
5252,Amelia,Smith,amelia.smith.5252@example.com,France,2024-01-12
5253,Aarav,Wang,aarav.wang.5253@example.com,Germany,2023-01-29
5254,Aanya,Williams,aanya.williams.5254@example.com,France,2022-04-21
5255,Daniel,Zhang,daniel.zhang.5255@webmail.net,South Africa,2022-05-30
5256,Ishaan,Nguyen,ishaan.nguyen.5256@example.com,Vietnam,2022-08-21
5257,Aisha,Reddy,aisha.reddy.5257@company.org,Australia,2023-01-14
5258,Isabella,Kumar,isabella.kumar.5258@webmail.net,Poland,2023-12-20
5259,Charlotte,Martinez,charlotte.martinez.5259@webmail.net,South Africa,2023-09-23
5260,Aditya,Martinez,aditya.martinez.5260@webmail.net,Sweden,2022-12-01
5261,Arjun,Singh,arjun.singh.5261@webmail.net,Spain,2024-01-22
5262,Pari,Reddy,pari.reddy.5262@mail.com,Poland,2022-07-24
5263,Ethan,Kim,ethan.kim.5263@example.com,Singapore,2023-12-17
5264,Noah,Lee,noah.lee.5264@company.org,Denmark,2024-04-10
5265,Daniel,Garcia,daniel.garcia.5265@company.org,South Africa,2023-10-16
5266,Olivia,Iyer,olivia.iyer.5266@mail.com,South Africa,2024-09-07
5267,Elijah,Kumar,elijah.kumar.5267@inbox.com,Indonesia,2022-11-12
5268,Muhammad,Lopez,muhammad.lopez.5268@webmail.net,Canada,2023-05-26
5269,Aisha,Mehta,aisha.mehta.5269@company.org,USA,2024-11-10
5270,James,Kim,james.kim.5270@mail.com,Mexico,2022-12-29
5271,Muhammad,Khan,muhammad.khan.5271@mail.com,India,2022-07-08
5272,James,Reddy,james.reddy.5272@example.com,UAE,2025-04-18
5273,Olivia,Garcia,olivia.garcia.5273@inbox.com,Singapore,2023-03-16
5274,Elijah,Kim,elijah.kim.5274@inbox.com,Italy,2024-01-16
5275,Aarav,Lee,aarav.lee.5275@example.com,India,2022-08-06
5276,Mason,Davis,mason.davis.5276@webmail.net,Italy,2023-04-21
5277,Aisha,Davis,aisha.davis.5277@webmail.net,Vietnam,2024-02-11
5278,Sophia,Das,sophia.das.5278@webmail.net,Denmark,2024-07-10
5279,Ethan,Bose,ethan.bose.5279@example.com,South Korea,2023-10-15
5280,Kiara,Johnson,kiara.johnson.5280@webmail.net,UAE,2024-12-08
5281,Aditya,Menon,aditya.menon.5281@example.com,Mexico,2022-02-05
5282,Mason,Iyer,mason.iyer.5282@inbox.com,UAE,2024-12-21
5283,Pari,Garcia,pari.garcia.5283@example.com,Australia,2024-07-03
5284,Ava,Menon,ava.menon.5284@webmail.net,Denmark,2024-08-15
5285,Diya,Jones,diya.jones.5285@example.com,Italy,2022-06-20
5286,Elijah,Kim,elijah.kim.5286@mail.com,UAE,2024-06-03
5287,Ava,Iyer,ava.iyer.5287@mail.com,Mexico,2022-03-18
5288,Emma,Martinez,emma.martinez.5288@example.com,Italy,2022-10-06
5289,Emma,Smith,emma.smith.5289@mail.com,United Kingdom,2024-04-01
5290,Aanya,Jones,aanya.jones.5290@mail.com,Spain,2023-10-25
5291,Aisha,Iyer,aisha.iyer.5291@inbox.com,Canada,2024-08-11
5292,Mira,Bose,mira.bose.5292@company.org,Sweden,2025-08-13
5293,Henry,Liu,henry.liu.5293@inbox.com,Denmark,2024-08-08
5294,Sophia,Smith,sophia.smith.5294@webmail.net,South Korea,2024-10-18
5295,Isabella,Iyer,isabella.iyer.5295@inbox.com,South Korea,2025-03-16
5296,Sara,Zhang,sara.zhang.5296@mail.com,South Korea,2023-04-23
5297,Sara,Wang,sara.wang.5297@inbox.com,Canada,2024-08-08
5298,Muhammad,Johnson,muhammad.johnson.5298@company.org,Denmark,2024-07-04
5299,Anika,Chen,anika.chen.5299@mail.com,Poland,2025-07-19
5300,Sara,Menon,sara.menon.5300@webmail.net,Denmark,2023-03-19
5301,Pari,Martinez,pari.martinez.5301@webmail.net,Japan,2023-02-14
5302,Vivaan,Miller,vivaan.miller.5302@company.org,Vietnam,2022-09-24
5303,Shaurya,Iyer,shaurya.iyer.5303@company.org,India,2023-05-25
5304,Harper,Williams,harper.williams.5304@company.org,Germany,2025-01-28
5305,Lucas,Nguyen,lucas.nguyen.5305@company.org,Australia,2024-11-05
5306,Charlotte,Kim,charlotte.kim.5306@company.org,Sweden,2025-08-26
5307,Zara,Gupta,zara.gupta.5307@mail.com,Brazil,2022-06-10
5308,Aarav,Kumar,aarav.kumar.5308@webmail.net,Denmark,2022-07-20
5309,Vihaan,Lee,vihaan.lee.5309@example.com,France,2025-08-29
5310,Lucas,Chen,lucas.chen.5310@webmail.net,India,2023-05-23
5311,Aisha,Kumar,aisha.kumar.5311@inbox.com,Sweden,2022-10-27
5312,Mira,Kim,mira.kim.5312@webmail.net,Indonesia,2023-07-30
5313,Noah,Garcia,noah.garcia.5313@mail.com,Denmark,2025-08-27
5314,Ishaan,Patel,ishaan.patel.5314@example.com,Brazil,2022-03-08
5315,Aisha,Menon,aisha.menon.5315@webmail.net,Denmark,2025-08-10
5316,Aisha,Johnson,aisha.johnson.5316@mail.com,Canada,2025-01-28
5317,Daniel,Iyer,daniel.iyer.5317@example.com,Denmark,2025-07-02
5318,Vivaan,Khan,vivaan.khan.5318@inbox.com,Philippines,2022-06-15
5319,Ishaan,Chen,ishaan.chen.5319@mail.com,United Kingdom,2025-02-13
5320,Mia,Brown,mia.brown.5320@inbox.com,Singapore,2024-04-01
5321,Benjamin,Johnson,benjamin.johnson.5321@inbox.com,Australia,2024-06-23
5322,Noah,Kim,noah.kim.5322@webmail.net,Vietnam,2022-01-04
5323,Henry,Williams,henry.williams.5323@company.org,Canada,2024-08-04
5324,Anaya,Reddy,anaya.reddy.5324@inbox.com,Japan,2024-05-08
5325,Aisha,Mehta,aisha.mehta.5325@inbox.com,Japan,2023-09-09
5326,Ava,Iyer,ava.iyer.5326@example.com,Canada,2022-12-13
5327,Charlotte,Davis,charlotte.davis.5327@example.com,UAE,2022-11-14
5328,Mira,Kumar,mira.kumar.5328@mail.com,France,2025-07-11
5329,Mason,Singh,mason.singh.5329@mail.com,Vietnam,2022-02-22
5330,Anika,Mehta,anika.mehta.5330@webmail.net,South Korea,2023-03-31
5331,Diya,Menon,diya.menon.5331@mail.com,Spain,2024-10-16
5332,Reyansh,Sharma,reyansh.sharma.5332@mail.com,South Korea,2024-10-27
5333,Ethan,Lee,ethan.lee.5333@webmail.net,Denmark,2024-02-23
5334,Sophia,Wang,sophia.wang.5334@example.com,Norway,2022-02-20
5335,Henry,Wang,henry.wang.5335@inbox.com,South Africa,2025-01-09
5336,Shaurya,Martinez,shaurya.martinez.5336@webmail.net,Japan,2025-03-16
5337,James,Patel,james.patel.5337@example.com,Germany,2024-10-01
5338,Amelia,Jones,amelia.jones.5338@example.com,South Korea,2023-12-25
5339,Sara,Mehta,sara.mehta.5339@inbox.com,India,2022-11-19
5340,Liam,Patel,liam.patel.5340@mail.com,Germany,2024-04-13
5341,Emma,Patel,emma.patel.5341@mail.com,France,2025-06-20
5342,Henry,Lopez,henry.lopez.5342@webmail.net,Japan,2023-08-31
5343,Noah,Singh,noah.singh.5343@inbox.com,Italy,2025-02-07
5344,Aanya,Mehta,aanya.mehta.5344@mail.com,Australia,2024-03-19
5345,Shaurya,Lopez,shaurya.lopez.5345@example.com,Brazil,2022-07-31
5346,Vivaan,Khan,vivaan.khan.5346@webmail.net,Mexico,2024-06-10
5347,Reyansh,Mehta,reyansh.mehta.5347@example.com,Australia,2022-12-23
5348,Vivaan,Iyer,vivaan.iyer.5348@inbox.com,Australia,2023-09-27
5349,Mia,Jones,mia.jones.5349@example.com,Canada,2024-11-07
5350,Isabella,Wang,isabella.wang.5350@inbox.com,Italy,2025-06-21
5351,Aarav,Jones,aarav.jones.5351@mail.com,Spain,2025-04-20
5352,Lucas,Lopez,lucas.lopez.5352@inbox.com,Poland,2025-03-12
5353,Liam,Iyer,liam.iyer.5353@example.com,Philippines,2022-09-27
5354,Zara,Kim,zara.kim.5354@mail.com,UAE,2022-03-29
5355,Sai,Kumar,sai.kumar.5355@mail.com,France,2025-02-15
5356,James,Davis,james.davis.5356@webmail.net,Japan,2022-09-23
5357,Anika,Sharma,anika.sharma.5357@inbox.com,Australia,2025-01-18
5358,Ishaan,Patel,ishaan.patel.5358@company.org,Germany,2023-04-05
5359,Mia,Reddy,mia.reddy.5359@example.com,Denmark,2022-05-22
5360,Mia,Lee,mia.lee.5360@mail.com,France,2024-10-25
5361,Ishaan,Das,ishaan.das.5361@inbox.com,India,2022-04-01
5362,Ethan,Liu,ethan.liu.5362@webmail.net,Philippines,2025-07-15
5363,Sara,Park,sara.park.5363@webmail.net,Norway,2025-02-07
5364,Reyansh,Liu,reyansh.liu.5364@webmail.net,Netherlands,2023-05-14
5365,Sara,Williams,sara.williams.5365@company.org,United Kingdom,2025-05-07
5366,Benjamin,Bose,benjamin.bose.5366@inbox.com,France,2022-03-19
5367,Ava,Smith,ava.smith.5367@company.org,South Africa,2022-12-20
5368,Charlotte,Zhang,charlotte.zhang.5368@mail.com,Italy,2025-05-10
5369,Lucas,Kim,lucas.kim.5369@inbox.com,Germany,2024-02-25
5370,Arjun,Singh,arjun.singh.5370@inbox.com,Germany,2024-07-19
5371,Aditya,Wang,aditya.wang.5371@inbox.com,Denmark,2023-08-22
5372,Sophia,Chen,sophia.chen.5372@inbox.com,Norway,2025-01-12
5373,Sara,Bose,sara.bose.5373@mail.com,Sweden,2023-01-20
5374,Amelia,Iyer,amelia.iyer.5374@mail.com,South Africa,2023-12-03
5375,Elijah,Chen,elijah.chen.5375@mail.com,Canada,2022-06-04
5376,Ishaan,Reddy,ishaan.reddy.5376@example.com,Canada,2022-07-05
5377,Evelyn,Jones,evelyn.jones.5377@example.com,Sweden,2023-01-02
5378,Olivia,Lee,olivia.lee.5378@webmail.net,Norway,2025-06-08
5379,Daniel,Patel,daniel.patel.5379@example.com,Vietnam,2023-12-07
5380,Vihaan,Zhang,vihaan.zhang.5380@inbox.com,Netherlands,2024-12-13
5381,Aditya,Wang,aditya.wang.5381@mail.com,South Africa,2024-07-18
5382,Shaurya,Smith,shaurya.smith.5382@company.org,United Kingdom,2024-08-20
5383,Daniel,Menon,daniel.menon.5383@inbox.com,Indonesia,2022-10-04
5384,Benjamin,Brown,benjamin.brown.5384@example.com,Philippines,2024-02-07
5385,Reyansh,Singh,reyansh.singh.5385@mail.com,France,2024-02-04
5386,Ava,Nguyen,ava.nguyen.5386@mail.com,Japan,2022-12-09
5387,Henry,Jones,henry.jones.5387@mail.com,France,2022-02-03
5388,Emma,Zhang,emma.zhang.5388@mail.com,South Korea,2022-08-13
5389,Muhammad,Johnson,muhammad.johnson.5389@webmail.net,France,2024-11-20
5390,Liam,Park,liam.park.5390@company.org,Japan,2025-09-27
5391,Ava,Zhang,ava.zhang.5391@mail.com,Australia,2025-02-23
5392,Aarav,Lee,aarav.lee.5392@mail.com,Norway,2022-11-11
5393,Mira,Das,mira.das.5393@webmail.net,South Korea,2025-09-24
5394,Vivaan,Das,vivaan.das.5394@company.org,Sweden,2024-02-15
5395,Harper,Lopez,harper.lopez.5395@inbox.com,Denmark,2022-01-19
5396,Zara,Jones,zara.jones.5396@mail.com,USA,2022-01-17
5397,Emma,Lopez,emma.lopez.5397@webmail.net,Vietnam,2025-04-04
5398,Harper,Park,harper.park.5398@example.com,UAE,2024-08-08
5399,Liam,Mehta,liam.mehta.5399@webmail.net,Vietnam,2024-02-11
5400,Sara,Lopez,sara.lopez.5400@mail.com,Indonesia,2023-09-10
5401,Isabella,Kim,isabella.kim.5401@mail.com,Vietnam,2022-09-06
5402,Benjamin,Nguyen,benjamin.nguyen.5402@webmail.net,Mexico,2022-12-29
5403,Zara,Singh,zara.singh.5403@webmail.net,Italy,2024-01-07
5404,Liam,Wang,liam.wang.5404@mail.com,France,2023-07-12
5405,Elijah,Khan,elijah.khan.5405@webmail.net,USA,2022-05-06
5406,Sophia,Smith,sophia.smith.5406@example.com,Norway,2022-08-09
5407,Benjamin,Khan,benjamin.khan.5407@inbox.com,USA,2024-06-08
5408,Aanya,Khan,aanya.khan.5408@inbox.com,Denmark,2022-07-01
5409,Arjun,Brown,arjun.brown.5409@mail.com,Spain,2022-03-07
5410,Shaurya,Martinez,shaurya.martinez.5410@inbox.com,Mexico,2025-03-22
5411,James,Johnson,james.johnson.5411@webmail.net,Brazil,2023-01-15
5412,Mia,Park,mia.park.5412@mail.com,Philippines,2024-09-30
5413,Mason,Singh,mason.singh.5413@inbox.com,Poland,2024-10-28
5414,Diya,Patel,diya.patel.5414@webmail.net,Spain,2022-04-29
5415,Noah,Park,noah.park.5415@company.org,Japan,2024-03-10
5416,Vivaan,Kim,vivaan.kim.5416@company.org,Vietnam,2023-06-12
5417,Reyansh,Mehta,reyansh.mehta.5417@example.com,Australia,2022-12-13
5418,Charlotte,Chen,charlotte.chen.5418@example.com,India,2023-02-28
5419,Elijah,Davis,elijah.davis.5419@mail.com,Brazil,2022-04-10
5420,Sai,Singh,sai.singh.5420@example.com,Germany,2025-07-11
5421,Diya,Wang,diya.wang.5421@inbox.com,Canada,2025-03-09
5422,Mira,Miller,mira.miller.5422@example.com,Vietnam,2025-01-09
5423,Emma,Davis,emma.davis.5423@webmail.net,Germany,2024-04-24
5424,Mason,Davis,mason.davis.5424@webmail.net,Netherlands,2023-04-08
5425,Aarav,Gupta,aarav.gupta.5425@example.com,Denmark,2024-04-04
5426,Liam,Menon,liam.menon.5426@company.org,Norway,2022-04-01
5427,Ava,Das,ava.das.5427@mail.com,South Korea,2025-07-24
5428,Aarav,Patel,aarav.patel.5428@mail.com,Singapore,2024-06-04
5429,Harper,Bose,harper.bose.5429@webmail.net,Netherlands,2024-09-18
5430,Evelyn,Garcia,evelyn.garcia.5430@inbox.com,Brazil,2024-03-20
5431,Liam,Chen,liam.chen.5431@webmail.net,Philippines,2024-09-17
5432,Sophia,Das,sophia.das.5432@inbox.com,Singapore,2025-04-19
5433,Muhammad,Lopez,muhammad.lopez.5433@mail.com,Spain,2022-12-05
5434,Mira,Park,mira.park.5434@example.com,France,2024-08-06
5435,Shaurya,Lee,shaurya.lee.5435@mail.com,Spain,2022-10-06
5436,Arjun,Mehta,arjun.mehta.5436@example.com,France,2023-04-20
5437,Arjun,Patel,arjun.patel.5437@mail.com,South Korea,2024-08-08
5438,Sara,Davis,sara.davis.5438@example.com,Australia,2023-03-14
5439,Amelia,Miller,amelia.miller.5439@example.com,Denmark,2022-05-20
5440,Lucas,Zhang,lucas.zhang.5440@webmail.net,Poland,2022-08-27
5441,Mason,Martinez,mason.martinez.5441@company.org,Poland,2024-08-10
5442,Zara,Martinez,zara.martinez.5442@company.org,Indonesia,2022-05-30
5443,Aanya,Miller,aanya.miller.5443@mail.com,Indonesia,2022-06-22
5444,Henry,Sharma,henry.sharma.5444@mail.com,India,2025-09-21
5445,Isabella,Williams,isabella.williams.5445@example.com,Spain,2025-02-19
5446,Aanya,Lee,aanya.lee.5446@example.com,USA,2022-01-09
5447,Olivia,Bose,olivia.bose.5447@mail.com,Australia,2024-04-17
5448,Noah,Mehta,noah.mehta.5448@webmail.net,Norway,2022-10-20
5449,Reyansh,Sharma,reyansh.sharma.5449@example.com,Mexico,2023-05-23
5450,Diya,Menon,diya.menon.5450@company.org,Brazil,2022-12-31
5451,Henry,Lee,henry.lee.5451@inbox.com,USA,2024-05-09
5452,Aanya,Bose,aanya.bose.5452@company.org,Spain,2022-09-23
5453,Elijah,Chen,elijah.chen.5453@example.com,Poland,2022-04-03
5454,Ethan,Johnson,ethan.johnson.5454@webmail.net,Norway,2022-09-12
5455,Mia,Chen,mia.chen.5455@mail.com,Spain,2025-08-25
5456,Pari,Singh,pari.singh.5456@mail.com,Norway,2025-09-16
5457,Harper,Lopez,harper.lopez.5457@mail.com,Singapore,2022-11-30
5458,Lucas,Williams,lucas.williams.5458@example.com,Philippines,2024-02-25
5459,Noah,Kim,noah.kim.5459@company.org,United Kingdom,2025-06-14
5460,Sophia,Singh,sophia.singh.5460@webmail.net,Singapore,2022-06-12
5461,Anika,Williams,anika.williams.5461@inbox.com,Norway,2025-04-21
5462,Reyansh,Sharma,reyansh.sharma.5462@mail.com,Canada,2022-08-29
5463,Harper,Wang,harper.wang.5463@mail.com,France,2022-12-17
5464,Benjamin,Khan,benjamin.khan.5464@company.org,United Kingdom,2025-08-12
5465,Harper,Nguyen,harper.nguyen.5465@inbox.com,Brazil,2022-10-18
5466,Mia,Nguyen,mia.nguyen.5466@example.com,Poland,2024-03-31
5467,Lucas,Brown,lucas.brown.5467@example.com,Indonesia,2023-09-23
5468,Lucas,Garcia,lucas.garcia.5468@example.com,Singapore,2024-10-07
5469,Aditya,Williams,aditya.williams.5469@inbox.com,South Africa,2025-07-06
5470,James,Singh,james.singh.5470@company.org,USA,2024-03-22
5471,Reyansh,Zhang,reyansh.zhang.5471@inbox.com,South Africa,2023-01-20
5472,Arjun,Lopez,arjun.lopez.5472@webmail.net,Germany,2024-07-31
5473,Ethan,Williams,ethan.williams.5473@webmail.net,United Kingdom,2024-02-21
5474,Muhammad,Smith,muhammad.smith.5474@webmail.net,Denmark,2024-06-19
5475,Charlotte,Kim,charlotte.kim.5475@company.org,Brazil,2024-12-12
5476,Aisha,Smith,aisha.smith.5476@webmail.net,Vietnam,2022-10-04
5477,Vivaan,Lee,vivaan.lee.5477@mail.com,Philippines,2024-12-25
5478,Sophia,Johnson,sophia.johnson.5478@webmail.net,UAE,2024-04-09
5479,Ava,Chen,ava.chen.5479@company.org,France,2025-09-13
5480,Olivia,Martinez,olivia.martinez.5480@mail.com,United Kingdom,2023-05-18
5481,Ethan,Mehta,ethan.mehta.5481@company.org,South Korea,2024-02-27
5482,James,Martinez,james.martinez.5482@inbox.com,France,2023-05-22
5483,Pari,Lopez,pari.lopez.5483@webmail.net,Japan,2024-09-02
5484,Aarav,Chen,aarav.chen.5484@inbox.com,Italy,2022-08-01
5485,James,Zhang,james.zhang.5485@example.com,Poland,2023-11-23
5486,Zara,Kim,zara.kim.5486@mail.com,Netherlands,2025-04-03
5487,Daniel,Williams,daniel.williams.5487@company.org,Spain,2023-04-19
5488,Arjun,Chen,arjun.chen.5488@company.org,Italy,2024-08-19
5489,Sophia,Garcia,sophia.garcia.5489@company.org,USA,2022-01-06
5490,Henry,Wang,henry.wang.5490@webmail.net,Poland,2023-04-22
5491,Amelia,Menon,amelia.menon.5491@inbox.com,Norway,2024-12-01
5492,Daniel,Zhang,daniel.zhang.5492@inbox.com,Denmark,2023-09-23
5493,Zara,Reddy,zara.reddy.5493@mail.com,Sweden,2025-05-31
5494,Benjamin,Wang,benjamin.wang.5494@inbox.com,Sweden,2022-06-24
5495,Mason,Jones,mason.jones.5495@inbox.com,Brazil,2025-07-27
5496,Mia,Miller,mia.miller.5496@inbox.com,South Africa,2022-11-17
5497,Sophia,Nguyen,sophia.nguyen.5497@company.org,Denmark,2025-06-09
5498,Charlotte,Gupta,charlotte.gupta.5498@inbox.com,Singapore,2025-04-21
5499,James,Davis,james.davis.5499@inbox.com,USA,2023-03-27
5500,Liam,Sharma,liam.sharma.5500@mail.com,Poland,2024-10-26
5501,Harper,Wang,harper.wang.5501@example.com,Singapore,2023-05-23
5502,Aanya,Gupta,aanya.gupta.5502@mail.com,India,2023-09-12
5503,Ishaan,Jones,ishaan.jones.5503@webmail.net,India,2023-09-14
5504,Mira,Davis,mira.davis.5504@example.com,Poland,2022-01-29
5505,Charlotte,Singh,charlotte.singh.5505@company.org,Japan,2025-07-18
5506,Sara,Smith,sara.smith.5506@example.com,Sweden,2025-04-11
5507,Pari,Sharma,pari.sharma.5507@company.org,Norway,2024-06-09
5508,Henry,Mehta,henry.mehta.5508@example.com,Vietnam,2023-05-28
5509,Lucas,Das,lucas.das.5509@company.org,Vietnam,2024-05-06
5510,Anika,Lopez,anika.lopez.5510@webmail.net,Poland,2023-02-11
5511,Reyansh,Davis,reyansh.davis.5511@webmail.net,UAE,2025-09-06
5512,Anika,Sharma,anika.sharma.5512@webmail.net,Germany,2025-05-09
5513,Emma,Bose,emma.bose.5513@example.com,USA,2022-01-01
5514,Anaya,Patel,anaya.patel.5514@inbox.com,Vietnam,2025-01-23
5515,Ava,Chen,ava.chen.5515@webmail.net,Vietnam,2022-06-08
5516,James,Kumar,james.kumar.5516@inbox.com,Poland,2024-09-29
5517,Anaya,Sharma,anaya.sharma.5517@webmail.net,UAE,2023-03-31
5518,Reyansh,Davis,reyansh.davis.5518@company.org,Japan,2022-10-25
5519,Ethan,Davis,ethan.davis.5519@inbox.com,Vietnam,2023-11-03
5520,Ethan,Martinez,ethan.martinez.5520@company.org,India,2025-03-28
5521,Lucas,Bose,lucas.bose.5521@example.com,Philippines,2024-10-12
5522,Muhammad,Miller,muhammad.miller.5522@mail.com,Netherlands,2023-10-06
5523,Aditya,Sharma,aditya.sharma.5523@mail.com,United Kingdom,2023-10-27
5524,Emma,Kumar,emma.kumar.5524@example.com,Indonesia,2022-03-15
5525,Pari,Menon,pari.menon.5525@inbox.com,South Korea,2023-01-27
5526,Ishaan,Lopez,ishaan.lopez.5526@example.com,Poland,2023-09-04
5527,Lucas,Menon,lucas.menon.5527@inbox.com,Vietnam,2023-10-18
5528,Henry,Kumar,henry.kumar.5528@inbox.com,Singapore,2022-09-14
5529,Aisha,Patel,aisha.patel.5529@mail.com,Singapore,2025-05-08
5530,Ishaan,Gupta,ishaan.gupta.5530@inbox.com,Mexico,2024-08-07
5531,Benjamin,Williams,benjamin.williams.5531@mail.com,Netherlands,2023-05-05
5532,Isabella,Chen,isabella.chen.5532@mail.com,France,2025-08-21
5533,Diya,Gupta,diya.gupta.5533@example.com,Poland,2023-05-31
5534,Anika,Mehta,anika.mehta.5534@inbox.com,South Africa,2023-11-14
5535,Vivaan,Menon,vivaan.menon.5535@inbox.com,Netherlands,2024-01-17
5536,Ava,Das,ava.das.5536@inbox.com,Norway,2024-11-29
5537,Liam,Smith,liam.smith.5537@mail.com,Poland,2024-07-22
5538,Isabella,Brown,isabella.brown.5538@example.com,France,2025-08-10
5539,Pari,Davis,pari.davis.5539@inbox.com,Brazil,2022-01-10
5540,Amelia,Liu,amelia.liu.5540@mail.com,Canada,2023-03-23
5541,Noah,Nguyen,noah.nguyen.5541@mail.com,UAE,2022-06-07
5542,Aanya,Lee,aanya.lee.5542@example.com,Poland,2022-01-06
5543,Anika,Johnson,anika.johnson.5543@mail.com,Germany,2022-05-22
5544,Arjun,Bose,arjun.bose.5544@webmail.net,Indonesia,2023-01-03
5545,Shaurya,Kim,shaurya.kim.5545@webmail.net,Italy,2022-09-01
5546,Isabella,Chen,isabella.chen.5546@company.org,Japan,2024-09-25
5547,Charlotte,Nguyen,charlotte.nguyen.5547@company.org,Brazil,2023-06-23
5548,Henry,Brown,henry.brown.5548@inbox.com,Indonesia,2024-05-10
5549,Liam,Singh,liam.singh.5549@company.org,France,2024-11-04
5550,Aisha,Singh,aisha.singh.5550@inbox.com,Vietnam,2022-08-06
5551,Liam,Gupta,liam.gupta.5551@example.com,Singapore,2024-02-20
5552,Liam,Garcia,liam.garcia.5552@company.org,UAE,2022-05-11
5553,Ethan,Reddy,ethan.reddy.5553@inbox.com,India,2022-03-23
5554,Evelyn,Zhang,evelyn.zhang.5554@example.com,South Africa,2023-07-19
5555,Aisha,Lopez,aisha.lopez.5555@inbox.com,Canada,2023-11-28
5556,Mia,Das,mia.das.5556@webmail.net,Japan,2022-12-24
5557,Emma,Kim,emma.kim.5557@inbox.com,Australia,2025-04-14
5558,Shaurya,Das,shaurya.das.5558@company.org,Italy,2025-02-10
5559,Mira,Gupta,mira.gupta.5559@example.com,Italy,2023-07-08
5560,James,Das,james.das.5560@company.org,Indonesia,2023-12-15
5561,Kiara,Menon,kiara.menon.5561@company.org,South Korea,2022-11-12
5562,Aditya,Brown,aditya.brown.5562@webmail.net,Brazil,2024-03-04
5563,Charlotte,Sharma,charlotte.sharma.5563@mail.com,Brazil,2022-07-13
5564,Evelyn,Mehta,evelyn.mehta.5564@example.com,Spain,2025-09-19
5565,Arjun,Lee,arjun.lee.5565@mail.com,Australia,2025-07-06
5566,Evelyn,Bose,evelyn.bose.5566@mail.com,Poland,2023-10-26
5567,Aditya,Miller,aditya.miller.5567@company.org,Netherlands,2024-04-11
5568,Diya,Wang,diya.wang.5568@example.com,Norway,2023-07-02
5569,Diya,Garcia,diya.garcia.5569@webmail.net,Norway,2022-11-01
5570,Aarav,Das,aarav.das.5570@webmail.net,Norway,2022-10-13
5571,Liam,Park,liam.park.5571@inbox.com,Canada,2022-10-10
5572,Muhammad,Jones,muhammad.jones.5572@inbox.com,Indonesia,2023-09-27
5573,Liam,Liu,liam.liu.5573@mail.com,Vietnam,2023-05-24
5574,Pari,Garcia,pari.garcia.5574@example.com,Sweden,2022-06-07
5575,Harper,Martinez,harper.martinez.5575@inbox.com,United Kingdom,2023-10-22
5576,Lucas,Mehta,lucas.mehta.5576@inbox.com,South Korea,2025-09-12
5577,Ava,Garcia,ava.garcia.5577@webmail.net,Canada,2023-11-19
5578,Ava,Bose,ava.bose.5578@company.org,France,2025-06-10
5579,Sophia,Martinez,sophia.martinez.5579@inbox.com,Canada,2022-12-15
5580,Anaya,Liu,anaya.liu.5580@mail.com,Singapore,2024-07-01
5581,Benjamin,Martinez,benjamin.martinez.5581@webmail.net,Japan,2024-09-04
5582,Isabella,Menon,isabella.menon.5582@example.com,Mexico,2024-08-04
5583,James,Martinez,james.martinez.5583@example.com,Denmark,2024-12-07
5584,Aditya,Gupta,aditya.gupta.5584@company.org,India,2024-07-14
5585,Henry,Brown,henry.brown.5585@mail.com,Netherlands,2024-06-16
5586,Vivaan,Davis,vivaan.davis.5586@inbox.com,Brazil,2022-09-12
5587,Reyansh,Lee,reyansh.lee.5587@company.org,Canada,2024-07-12
5588,Mason,Park,mason.park.5588@inbox.com,Sweden,2023-03-23
5589,Aanya,Kim,aanya.kim.5589@webmail.net,South Korea,2023-03-07
5590,Harper,Chen,harper.chen.5590@inbox.com,Sweden,2024-08-19
5591,Daniel,Nguyen,daniel.nguyen.5591@company.org,Italy,2023-07-30
5592,Ethan,Singh,ethan.singh.5592@inbox.com,Norway,2025-07-03
5593,Amelia,Brown,amelia.brown.5593@company.org,South Africa,2023-06-26
5594,Evelyn,Khan,evelyn.khan.5594@example.com,Sweden,2025-08-01
5595,James,Patel,james.patel.5595@mail.com,France,2022-04-22
5596,Ethan,Nguyen,ethan.nguyen.5596@webmail.net,Denmark,2025-02-09
5597,Charlotte,Lopez,charlotte.lopez.5597@example.com,Vietnam,2025-06-27
5598,Ishaan,Das,ishaan.das.5598@company.org,Sweden,2022-10-19
5599,Benjamin,Bose,benjamin.bose.5599@example.com,Italy,2023-12-19
5600,Aarav,Bose,aarav.bose.5600@company.org,Mexico,2024-04-01
5601,Aisha,Bose,aisha.bose.5601@inbox.com,Japan,2025-06-13
5602,Reyansh,Wang,reyansh.wang.5602@mail.com,Japan,2023-10-23
5603,Amelia,Chen,amelia.chen.5603@company.org,France,2023-08-31
5604,Evelyn,Gupta,evelyn.gupta.5604@mail.com,Canada,2025-02-01
5605,Anaya,Kim,anaya.kim.5605@mail.com,USA,2024-03-31
5606,Harper,Brown,harper.brown.5606@company.org,Spain,2022-06-27
5607,Sai,Martinez,sai.martinez.5607@company.org,Brazil,2024-02-03
5608,Charlotte,Reddy,charlotte.reddy.5608@inbox.com,Japan,2024-06-14
5609,Aarav,Kumar,aarav.kumar.5609@company.org,USA,2024-10-17
5610,Elijah,Kim,elijah.kim.5610@example.com,France,2023-11-23
5611,Mia,Martinez,mia.martinez.5611@inbox.com,India,2023-05-06
5612,Shaurya,Davis,shaurya.davis.5612@webmail.net,Spain,2024-06-28
5613,Anaya,Iyer,anaya.iyer.5613@example.com,UAE,2024-09-02
5614,Liam,Nguyen,liam.nguyen.5614@company.org,Sweden,2025-03-12
5615,Vivaan,Chen,vivaan.chen.5615@webmail.net,Philippines,2025-03-09
5616,Aarav,Chen,aarav.chen.5616@inbox.com,Vietnam,2022-10-31
5617,Ishaan,Park,ishaan.park.5617@example.com,Singapore,2025-03-05
5618,Muhammad,Gupta,muhammad.gupta.5618@mail.com,Denmark,2025-05-07
5619,James,Reddy,james.reddy.5619@mail.com,USA,2025-08-25
5620,Charlotte,Khan,charlotte.khan.5620@webmail.net,Denmark,2023-04-23
5621,Ishaan,Kim,ishaan.kim.5621@inbox.com,Mexico,2022-07-08
5622,Anika,Nguyen,anika.nguyen.5622@example.com,Spain,2024-06-10
5623,Vihaan,Lee,vihaan.lee.5623@inbox.com,Sweden,2025-07-07
5624,Charlotte,Wang,charlotte.wang.5624@company.org,United Kingdom,2025-01-19
5625,Muhammad,Patel,muhammad.patel.5625@inbox.com,South Korea,2022-04-05
5626,Ishaan,Das,ishaan.das.5626@webmail.net,Australia,2022-11-17
5627,Sophia,Reddy,sophia.reddy.5627@company.org,Mexico,2024-02-10
5628,Anaya,Johnson,anaya.johnson.5628@mail.com,Singapore,2023-11-15
5629,Sai,Mehta,sai.mehta.5629@inbox.com,Indonesia,2024-03-02
5630,Benjamin,Johnson,benjamin.johnson.5630@mail.com,Denmark,2022-11-21
5631,Olivia,Iyer,olivia.iyer.5631@example.com,Poland,2024-12-30
5632,Aarav,Kim,aarav.kim.5632@company.org,Mexico,2023-05-15
5633,Isabella,Reddy,isabella.reddy.5633@inbox.com,UAE,2023-12-01
5634,Anika,Reddy,anika.reddy.5634@inbox.com,South Africa,2025-08-30
5635,Ava,Liu,ava.liu.5635@mail.com,Singapore,2024-06-27
5636,Amelia,Martinez,amelia.martinez.5636@inbox.com,France,2023-06-23
5637,Muhammad,Gupta,muhammad.gupta.5637@inbox.com,Singapore,2023-01-18
5638,Sophia,Park,sophia.park.5638@example.com,Poland,2024-10-22
5639,Ishaan,Liu,ishaan.liu.5639@mail.com,Sweden,2024-01-03
5640,Amelia,Singh,amelia.singh.5640@example.com,Italy,2025-08-21
5641,Aanya,Davis,aanya.davis.5641@webmail.net,Poland,2025-04-04
5642,Ava,Williams,ava.williams.5642@inbox.com,USA,2023-01-23
5643,Mira,Singh,mira.singh.5643@example.com,Sweden,2023-08-10
5644,Sara,Menon,sara.menon.5644@webmail.net,Canada,2022-04-29
5645,Aditya,Kumar,aditya.kumar.5645@company.org,United Kingdom,2024-12-18
5646,Mia,Brown,mia.brown.5646@mail.com,South Africa,2023-06-05
5647,Charlotte,Zhang,charlotte.zhang.5647@inbox.com,South Africa,2023-09-29
5648,Sara,Patel,sara.patel.5648@example.com,UAE,2022-02-28
5649,Kiara,Park,kiara.park.5649@company.org,Norway,2022-01-02
5650,Ishaan,Garcia,ishaan.garcia.5650@example.com,Australia,2023-02-15
5651,Shaurya,Garcia,shaurya.garcia.5651@mail.com,Spain,2023-10-18
5652,Ishaan,Bose,ishaan.bose.5652@example.com,Sweden,2023-02-14
5653,Sara,Park,sara.park.5653@webmail.net,Japan,2022-06-30
5654,Evelyn,Chen,evelyn.chen.5654@mail.com,Denmark,2024-07-08
5655,Liam,Wang,liam.wang.5655@example.com,Australia,2024-06-12
5656,Mason,Martinez,mason.martinez.5656@webmail.net,India,2024-02-09
5657,Sophia,Menon,sophia.menon.5657@company.org,Indonesia,2024-08-31
5658,Aarav,Martinez,aarav.martinez.5658@mail.com,France,2024-02-25
5659,Charlotte,Chen,charlotte.chen.5659@company.org,Japan,2024-03-01
5660,Mia,Chen,mia.chen.5660@inbox.com,Japan,2025-03-17
5661,Olivia,Gupta,olivia.gupta.5661@mail.com,Indonesia,2025-07-15
5662,Noah,Davis,noah.davis.5662@webmail.net,Philippines,2022-07-30
5663,Amelia,Gupta,amelia.gupta.5663@inbox.com,Italy,2022-11-02
5664,Vivaan,Kim,vivaan.kim.5664@company.org,Spain,2024-05-19
5665,Muhammad,Wang,muhammad.wang.5665@webmail.net,United Kingdom,2025-07-27
5666,Zara,Chen,zara.chen.5666@example.com,Philippines,2022-11-12
5667,Aisha,Mehta,aisha.mehta.5667@company.org,Denmark,2025-03-26
5668,Evelyn,Kumar,evelyn.kumar.5668@company.org,Canada,2024-02-06
5669,Anaya,Davis,anaya.davis.5669@webmail.net,Netherlands,2024-10-09
5670,Olivia,Miller,olivia.miller.5670@mail.com,Brazil,2022-11-30
5671,Sophia,Das,sophia.das.5671@webmail.net,Netherlands,2022-01-22
5672,Sara,Gupta,sara.gupta.5672@example.com,Brazil,2024-07-28
5673,Aarav,Lopez,aarav.lopez.5673@inbox.com,United Kingdom,2022-10-27
5674,Harper,Liu,harper.liu.5674@webmail.net,South Africa,2022-02-06
5675,Diya,Davis,diya.davis.5675@webmail.net,Germany,2022-07-26
5676,Olivia,Menon,olivia.menon.5676@example.com,France,2023-02-11
5677,Arjun,Kim,arjun.kim.5677@mail.com,France,2022-05-13
5678,Daniel,Patel,daniel.patel.5678@inbox.com,Philippines,2023-12-01
5679,Mia,Khan,mia.khan.5679@inbox.com,USA,2025-03-23
5680,Zara,Reddy,zara.reddy.5680@example.com,USA,2025-01-03
5681,Amelia,Lee,amelia.lee.5681@inbox.com,Denmark,2022-06-04
5682,Elijah,Mehta,elijah.mehta.5682@inbox.com,France,2023-07-31
5683,Anika,Liu,anika.liu.5683@example.com,Norway,2022-04-03
5684,Daniel,Garcia,daniel.garcia.5684@company.org,Indonesia,2023-04-26
5685,Reyansh,Kim,reyansh.kim.5685@mail.com,Germany,2025-03-12
5686,Zara,Davis,zara.davis.5686@example.com,Italy,2024-07-01
5687,Henry,Garcia,henry.garcia.5687@webmail.net,Germany,2023-02-02
5688,Elijah,Williams,elijah.williams.5688@mail.com,Australia,2022-10-03
5689,Emma,Reddy,emma.reddy.5689@inbox.com,Netherlands,2025-05-17
5690,Shaurya,Singh,shaurya.singh.5690@example.com,South Korea,2023-02-16
5691,Anaya,Singh,anaya.singh.5691@example.com,Spain,2022-06-17
5692,Charlotte,Liu,charlotte.liu.5692@example.com,Poland,2022-02-25
5693,Kiara,Das,kiara.das.5693@company.org,Singapore,2023-11-02
5694,Reyansh,Lee,reyansh.lee.5694@mail.com,Singapore,2022-03-20
5695,Lucas,Sharma,lucas.sharma.5695@company.org,Germany,2023-09-13
5696,Ethan,Lee,ethan.lee.5696@mail.com,South Africa,2022-03-29
5697,Shaurya,Chen,shaurya.chen.5697@example.com,India,2024-07-12
5698,Noah,Chen,noah.chen.5698@webmail.net,Brazil,2025-05-31
5699,Mason,Nguyen,mason.nguyen.5699@example.com,Germany,2024-06-06
5700,Emma,Mehta,emma.mehta.5700@company.org,Spain,2024-06-25
5701,Vivaan,Sharma,vivaan.sharma.5701@webmail.net,Mexico,2024-01-10
5702,Benjamin,Brown,benjamin.brown.5702@example.com,USA,2022-05-29
5703,Amelia,Iyer,amelia.iyer.5703@inbox.com,Germany,2025-05-24
5704,Elijah,Sharma,elijah.sharma.5704@webmail.net,USA,2022-12-02
5705,Daniel,Jones,daniel.jones.5705@mail.com,Canada,2025-03-15
5706,Aditya,Kim,aditya.kim.5706@mail.com,Italy,2022-09-06
5707,Sai,Gupta,sai.gupta.5707@company.org,Australia,2025-06-16
5708,Ava,Martinez,ava.martinez.5708@company.org,India,2024-01-05
5709,Arjun,Kim,arjun.kim.5709@webmail.net,Singapore,2022-08-10
5710,Diya,Gupta,diya.gupta.5710@inbox.com,USA,2023-05-07
5711,Zara,Nguyen,zara.nguyen.5711@example.com,Spain,2024-02-10
5712,Muhammad,Martinez,muhammad.martinez.5712@company.org,France,2025-06-08
5713,Arjun,Garcia,arjun.garcia.5713@webmail.net,USA,2023-02-03
5714,Aisha,Iyer,aisha.iyer.5714@example.com,Spain,2022-08-13
5715,Pari,Chen,pari.chen.5715@inbox.com,South Korea,2025-08-24
5716,Ishaan,Singh,ishaan.singh.5716@mail.com,UAE,2022-05-25
5717,Sophia,Sharma,sophia.sharma.5717@inbox.com,Germany,2022-10-09
5718,Anaya,Bose,anaya.bose.5718@inbox.com,Denmark,2025-03-19
5719,Sai,Khan,sai.khan.5719@example.com,Philippines,2024-06-25
5720,Zara,Das,zara.das.5720@webmail.net,Philippines,2025-05-24
5721,Lucas,Kumar,lucas.kumar.5721@webmail.net,France,2024-08-16
5722,Vivaan,Mehta,vivaan.mehta.5722@mail.com,Vietnam,2023-10-16
5723,Olivia,Brown,olivia.brown.5723@mail.com,United Kingdom,2022-07-22
5724,Lucas,Williams,lucas.williams.5724@webmail.net,Canada,2024-07-25
5725,Aisha,Nguyen,aisha.nguyen.5725@example.com,Norway,2024-11-17
5726,Ishaan,Menon,ishaan.menon.5726@inbox.com,UAE,2024-06-26
5727,Charlotte,Smith,charlotte.smith.5727@webmail.net,United Kingdom,2022-02-27
5728,Ishaan,Gupta,ishaan.gupta.5728@company.org,United Kingdom,2024-11-02
5729,Muhammad,Brown,muhammad.brown.5729@company.org,Norway,2025-07-31
5730,Sai,Singh,sai.singh.5730@company.org,Spain,2023-09-21
5731,Mira,Nguyen,mira.nguyen.5731@company.org,Poland,2023-10-05
5732,Sara,Garcia,sara.garcia.5732@webmail.net,Norway,2025-05-14
5733,Harper,Park,harper.park.5733@mail.com,Spain,2022-11-29
5734,Mia,Johnson,mia.johnson.5734@example.com,India,2024-02-17
5735,Evelyn,Menon,evelyn.menon.5735@webmail.net,South Korea,2023-02-07
5736,Vivaan,Miller,vivaan.miller.5736@mail.com,Philippines,2023-11-12
5737,Henry,Reddy,henry.reddy.5737@example.com,Denmark,2024-06-07
5738,Aditya,Garcia,aditya.garcia.5738@company.org,South Korea,2025-08-07
5739,Elijah,Khan,elijah.khan.5739@webmail.net,Canada,2023-04-13
5740,Aditya,Patel,aditya.patel.5740@company.org,Singapore,2025-02-18
5741,Evelyn,Bose,evelyn.bose.5741@webmail.net,Australia,2024-08-02
5742,Ishaan,Liu,ishaan.liu.5742@inbox.com,Australia,2022-12-25
5743,Zara,Davis,zara.davis.5743@company.org,Japan,2023-11-10
5744,Zara,Jones,zara.jones.5744@company.org,India,2022-09-03
5745,Muhammad,Iyer,muhammad.iyer.5745@company.org,Denmark,2023-09-30
5746,Liam,Menon,liam.menon.5746@mail.com,Spain,2022-08-18
5747,Aarav,Singh,aarav.singh.5747@mail.com,Canada,2022-11-06
5748,Amelia,Park,amelia.park.5748@mail.com,Philippines,2025-09-07
5749,Aarav,Smith,aarav.smith.5749@example.com,Mexico,2025-09-26
5750,Anaya,Chen,anaya.chen.5750@example.com,Australia,2022-04-05
5751,Vivaan,Sharma,vivaan.sharma.5751@company.org,Norway,2023-08-09
5752,Anika,Wang,anika.wang.5752@webmail.net,South Korea,2023-12-06
5753,Anika,Martinez,anika.martinez.5753@company.org,United Kingdom,2022-01-08
5754,Aarav,Miller,aarav.miller.5754@company.org,Sweden,2025-04-08
5755,Elijah,Reddy,elijah.reddy.5755@inbox.com,United Kingdom,2022-07-05
5756,Sophia,Wang,sophia.wang.5756@example.com,USA,2024-06-19
5757,Sai,Johnson,sai.johnson.5757@mail.com,Denmark,2025-06-28
5758,Anika,Khan,anika.khan.5758@webmail.net,Vietnam,2022-11-10
5759,Mia,Nguyen,mia.nguyen.5759@company.org,Denmark,2025-04-16
5760,Elijah,Nguyen,elijah.nguyen.5760@company.org,Italy,2022-03-11
5761,Ava,Sharma,ava.sharma.5761@inbox.com,Norway,2023-04-12
5762,Charlotte,Liu,charlotte.liu.5762@company.org,Canada,2023-10-23
5763,Lucas,Menon,lucas.menon.5763@mail.com,Singapore,2022-03-05
5764,Vihaan,Sharma,vihaan.sharma.5764@company.org,Poland,2024-03-11
5765,Zara,Park,zara.park.5765@mail.com,Brazil,2023-11-07
5766,Muhammad,Kumar,muhammad.kumar.5766@mail.com,United Kingdom,2023-11-24
5767,Sai,Bose,sai.bose.5767@company.org,United Kingdom,2022-05-13
5768,Liam,Reddy,liam.reddy.5768@company.org,Vietnam,2024-05-12
5769,Emma,Lee,emma.lee.5769@inbox.com,Japan,2024-02-18
5770,Shaurya,Chen,shaurya.chen.5770@inbox.com,Denmark,2022-08-22
5771,Vivaan,Mehta,vivaan.mehta.5771@inbox.com,South Africa,2025-06-04
5772,Aarav,Reddy,aarav.reddy.5772@mail.com,UAE,2023-05-19
5773,Anika,Menon,anika.menon.5773@webmail.net,Spain,2022-02-16
5774,Ethan,Brown,ethan.brown.5774@company.org,Singapore,2024-08-01
5775,Benjamin,Menon,benjamin.menon.5775@company.org,South Korea,2024-12-29
5776,Zara,Zhang,zara.zhang.5776@webmail.net,Singapore,2023-11-18
5777,Shaurya,Lee,shaurya.lee.5777@example.com,India,2022-04-01
5778,Henry,Khan,henry.khan.5778@example.com,Japan,2025-06-12
5779,Ishaan,Lee,ishaan.lee.5779@example.com,Norway,2024-12-05
5780,Harper,Khan,harper.khan.5780@mail.com,Germany,2024-03-08
5781,Ethan,Lopez,ethan.lopez.5781@example.com,South Korea,2022-08-20
5782,Sophia,Khan,sophia.khan.5782@company.org,India,2023-06-23
5783,Harper,Kumar,harper.kumar.5783@webmail.net,Canada,2023-02-12
5784,Liam,Kumar,liam.kumar.5784@webmail.net,Germany,2022-12-20
5785,Olivia,Kim,olivia.kim.5785@webmail.net,Australia,2023-04-30
5786,Aanya,Bose,aanya.bose.5786@inbox.com,Brazil,2023-12-07
5787,Vivaan,Sharma,vivaan.sharma.5787@example.com,South Korea,2022-09-05
5788,Daniel,Gupta,daniel.gupta.5788@mail.com,Norway,2024-05-06
5789,Noah,Gupta,noah.gupta.5789@example.com,Norway,2024-12-02
5790,Mason,Reddy,mason.reddy.5790@mail.com,South Africa,2025-05-06
5791,Liam,Smith,liam.smith.5791@example.com,Denmark,2023-03-22
5792,Sophia,Gupta,sophia.gupta.5792@example.com,India,2023-12-23
5793,Benjamin,Singh,benjamin.singh.5793@example.com,Brazil,2023-02-15
5794,Isabella,Williams,isabella.williams.5794@example.com,USA,2022-05-13
5795,Ishaan,Davis,ishaan.davis.5795@company.org,Brazil,2022-08-11
5796,Mia,Reddy,mia.reddy.5796@example.com,USA,2025-01-28
5797,Diya,Mehta,diya.mehta.5797@company.org,Germany,2025-02-15
5798,Isabella,Reddy,isabella.reddy.5798@example.com,UAE,2022-07-14
5799,Vivaan,Kim,vivaan.kim.5799@company.org,Japan,2025-01-16
5800,Emma,Sharma,emma.sharma.5800@webmail.net,Netherlands,2023-11-08
5801,Liam,Iyer,liam.iyer.5801@inbox.com,Philippines,2023-04-30
5802,Ava,Nguyen,ava.nguyen.5802@inbox.com,India,2024-10-14
5803,Diya,Kumar,diya.kumar.5803@webmail.net,Germany,2023-10-13
5804,Pari,Zhang,pari.zhang.5804@inbox.com,South Africa,2023-08-18
5805,Vivaan,Gupta,vivaan.gupta.5805@example.com,Poland,2023-06-02
5806,Anika,Sharma,anika.sharma.5806@webmail.net,UAE,2025-01-22
5807,Anaya,Nguyen,anaya.nguyen.5807@webmail.net,South Korea,2025-08-06
5808,Shaurya,Menon,shaurya.menon.5808@inbox.com,Brazil,2024-05-17
5809,Mason,Reddy,mason.reddy.5809@webmail.net,Netherlands,2024-04-10
5810,Aanya,Singh,aanya.singh.5810@example.com,Mexico,2025-03-10
5811,Ishaan,Liu,ishaan.liu.5811@mail.com,Italy,2023-09-05
5812,Ethan,Sharma,ethan.sharma.5812@webmail.net,Sweden,2025-08-09
5813,Mason,Lee,mason.lee.5813@inbox.com,Singapore,2024-12-21
5814,Sophia,Khan,sophia.khan.5814@inbox.com,Germany,2022-04-29
5815,Daniel,Kumar,daniel.kumar.5815@webmail.net,Italy,2025-08-17
5816,Charlotte,Jones,charlotte.jones.5816@inbox.com,Sweden,2025-05-12
5817,Daniel,Das,daniel.das.5817@webmail.net,Netherlands,2025-07-13
5818,Sai,Park,sai.park.5818@company.org,France,2022-04-04
5819,Anaya,Smith,anaya.smith.5819@example.com,USA,2023-10-04
5820,Reyansh,Wang,reyansh.wang.5820@inbox.com,Sweden,2024-02-17
5821,Elijah,Garcia,elijah.garcia.5821@mail.com,South Korea,2022-07-15
5822,Anika,Brown,anika.brown.5822@mail.com,Japan,2023-04-23
5823,Vihaan,Das,vihaan.das.5823@webmail.net,Philippines,2025-09-27
5824,Ava,Davis,ava.davis.5824@example.com,Germany,2022-08-23
5825,Sai,Brown,sai.brown.5825@webmail.net,South Africa,2025-08-03
5826,Sara,Lopez,sara.lopez.5826@inbox.com,Philippines,2022-09-12
5827,Olivia,Menon,olivia.menon.5827@mail.com,Denmark,2022-01-27
5828,Sophia,Park,sophia.park.5828@inbox.com,Indonesia,2025-05-29
5829,Mira,Kim,mira.kim.5829@example.com,Canada,2022-06-07
5830,Daniel,Garcia,daniel.garcia.5830@company.org,Australia,2024-05-05
5831,Sai,Miller,sai.miller.5831@webmail.net,Germany,2023-01-22
5832,Aarav,Zhang,aarav.zhang.5832@webmail.net,Vietnam,2022-12-29
5833,Aisha,Iyer,aisha.iyer.5833@company.org,Mexico,2025-05-10
5834,Mira,Miller,mira.miller.5834@mail.com,Sweden,2025-01-29
5835,Arjun,Miller,arjun.miller.5835@inbox.com,Sweden,2024-06-30
5836,Mason,Davis,mason.davis.5836@webmail.net,USA,2023-09-22
5837,Sara,Zhang,sara.zhang.5837@inbox.com,USA,2025-08-08
5838,Reyansh,Liu,reyansh.liu.5838@example.com,United Kingdom,2022-10-10
5839,Sai,Singh,sai.singh.5839@inbox.com,UAE,2022-11-01
5840,Zara,Reddy,zara.reddy.5840@mail.com,Philippines,2023-01-19
5841,Vivaan,Gupta,vivaan.gupta.5841@webmail.net,Indonesia,2022-03-21
5842,Aisha,Lopez,aisha.lopez.5842@company.org,Philippines,2023-10-21
5843,Aarav,Liu,aarav.liu.5843@webmail.net,Brazil,2022-08-10
5844,Reyansh,Lee,reyansh.lee.5844@company.org,Philippines,2023-08-22
5845,Vihaan,Patel,vihaan.patel.5845@mail.com,Australia,2022-04-08
5846,Kiara,Gupta,kiara.gupta.5846@webmail.net,Poland,2024-05-05
5847,James,Lopez,james.lopez.5847@example.com,Poland,2022-05-05
5848,Sai,Wang,sai.wang.5848@example.com,Japan,2022-01-21
5849,Anaya,Das,anaya.das.5849@example.com,Netherlands,2023-01-09
5850,Reyansh,Chen,reyansh.chen.5850@webmail.net,Indonesia,2025-03-07
5851,Reyansh,Martinez,reyansh.martinez.5851@company.org,Italy,2023-10-07
5852,Aditya,Chen,aditya.chen.5852@example.com,Philippines,2024-09-06
5853,Ava,Kumar,ava.kumar.5853@inbox.com,Germany,2024-11-28
5854,Daniel,Chen,daniel.chen.5854@company.org,India,2023-02-06
5855,Reyansh,Martinez,reyansh.martinez.5855@inbox.com,South Africa,2025-08-06
5856,Mia,Liu,mia.liu.5856@inbox.com,Sweden,2025-09-09
5857,Emma,Bose,emma.bose.5857@example.com,USA,2022-04-30
5858,Anaya,Jones,anaya.jones.5858@mail.com,Mexico,2023-06-09
5859,Evelyn,Singh,evelyn.singh.5859@example.com,Indonesia,2022-02-05
5860,Lucas,Bose,lucas.bose.5860@company.org,France,2024-03-31
5861,Ethan,Miller,ethan.miller.5861@example.com,Philippines,2024-01-03
5862,Ishaan,Chen,ishaan.chen.5862@company.org,Italy,2025-03-27
5863,Vihaan,Lee,vihaan.lee.5863@webmail.net,Brazil,2022-06-23
5864,Mason,Gupta,mason.gupta.5864@example.com,Spain,2024-05-08
5865,Harper,Gupta,harper.gupta.5865@webmail.net,Poland,2025-07-20
5866,Shaurya,Khan,shaurya.khan.5866@company.org,Australia,2025-09-27
5867,James,Kim,james.kim.5867@inbox.com,Singapore,2024-01-18
5868,Amelia,Chen,amelia.chen.5868@company.org,United Kingdom,2022-11-04
5869,Amelia,Brown,amelia.brown.5869@example.com,Brazil,2023-11-27
5870,Mason,Davis,mason.davis.5870@example.com,United Kingdom,2022-10-10
5871,Mira,Davis,mira.davis.5871@company.org,USA,2023-07-24
5872,Olivia,Jones,olivia.jones.5872@example.com,Sweden,2022-01-23
5873,Aanya,Kim,aanya.kim.5873@inbox.com,Japan,2022-10-29
5874,Ishaan,Mehta,ishaan.mehta.5874@mail.com,Singapore,2022-09-10
5875,Muhammad,Johnson,muhammad.johnson.5875@example.com,Denmark,2025-05-11
5876,Ava,Lopez,ava.lopez.5876@webmail.net,Vietnam,2024-05-06
5877,Olivia,Zhang,olivia.zhang.5877@inbox.com,Italy,2023-09-11
5878,Lucas,Sharma,lucas.sharma.5878@webmail.net,Singapore,2024-11-25
5879,Olivia,Reddy,olivia.reddy.5879@company.org,Spain,2024-12-08
5880,Muhammad,Iyer,muhammad.iyer.5880@inbox.com,Denmark,2024-12-18
5881,Shaurya,Reddy,shaurya.reddy.5881@example.com,Mexico,2025-02-17
5882,Muhammad,Liu,muhammad.liu.5882@inbox.com,Spain,2025-07-03
5883,Shaurya,Johnson,shaurya.johnson.5883@example.com,Canada,2024-01-17
5884,Aarav,Mehta,aarav.mehta.5884@inbox.com,Australia,2022-03-14
5885,Evelyn,Chen,evelyn.chen.5885@mail.com,Japan,2023-03-15
5886,Anaya,Lee,anaya.lee.5886@example.com,Philippines,2024-08-21
5887,Charlotte,Zhang,charlotte.zhang.5887@company.org,Brazil,2022-08-01
5888,Mira,Davis,mira.davis.5888@company.org,South Korea,2022-04-13
5889,Pari,Sharma,pari.sharma.5889@inbox.com,USA,2022-06-16
5890,Isabella,Lopez,isabella.lopez.5890@example.com,Canada,2023-05-07
5891,Pari,Patel,pari.patel.5891@example.com,Germany,2023-07-27
5892,Arjun,Johnson,arjun.johnson.5892@inbox.com,Netherlands,2025-04-01
5893,Henry,Johnson,henry.johnson.5893@inbox.com,Indonesia,2023-09-21
5894,Anika,Iyer,anika.iyer.5894@company.org,Vietnam,2025-09-01
5895,Noah,Iyer,noah.iyer.5895@company.org,South Korea,2022-05-21
5896,Sai,Sharma,sai.sharma.5896@example.com,Mexico,2025-06-28
5897,Muhammad,Kumar,muhammad.kumar.5897@webmail.net,Japan,2023-10-16
5898,Sara,Chen,sara.chen.5898@webmail.net,Germany,2024-02-25
5899,James,Wang,james.wang.5899@example.com,Spain,2023-05-13
5900,Lucas,Iyer,lucas.iyer.5900@inbox.com,Norway,2023-05-14
5901,Muhammad,Khan,muhammad.khan.5901@example.com,Norway,2023-11-29
5902,Amelia,Brown,amelia.brown.5902@mail.com,United Kingdom,2022-12-30
5903,James,Smith,james.smith.5903@webmail.net,Denmark,2024-02-27
5904,Reyansh,Brown,reyansh.brown.5904@inbox.com,UAE,2022-08-29
5905,Ava,Zhang,ava.zhang.5905@example.com,South Africa,2025-03-30
5906,Benjamin,Jones,benjamin.jones.5906@mail.com,France,2025-02-14
5907,Ava,Sharma,ava.sharma.5907@inbox.com,Germany,2025-05-07
5908,Mira,Williams,mira.williams.5908@inbox.com,Philippines,2025-04-13
5909,Zara,Williams,zara.williams.5909@webmail.net,Italy,2022-08-08
5910,Aditya,Smith,aditya.smith.5910@webmail.net,Canada,2022-06-08
5911,Vivaan,Jones,vivaan.jones.5911@example.com,Australia,2025-07-08
5912,Harper,Jones,harper.jones.5912@inbox.com,United Kingdom,2023-08-20
5913,Sara,Chen,sara.chen.5913@webmail.net,South Africa,2024-04-05
5914,Pari,Garcia,pari.garcia.5914@example.com,Vietnam,2022-12-03
5915,Reyansh,Garcia,reyansh.garcia.5915@inbox.com,Mexico,2022-12-21
5916,Evelyn,Sharma,evelyn.sharma.5916@webmail.net,France,2023-04-06
5917,Arjun,Liu,arjun.liu.5917@company.org,South Korea,2025-08-08
5918,Liam,Lee,liam.lee.5918@mail.com,Italy,2023-08-19
5919,Vihaan,Singh,vihaan.singh.5919@mail.com,Denmark,2023-06-01
5920,Sara,Chen,sara.chen.5920@company.org,Singapore,2023-09-18
5921,Shaurya,Kumar,shaurya.kumar.5921@mail.com,Italy,2024-05-12
5922,Evelyn,Liu,evelyn.liu.5922@example.com,South Korea,2023-11-29
5923,Mason,Williams,mason.williams.5923@mail.com,Japan,2022-01-16
5924,Ethan,Kim,ethan.kim.5924@mail.com,Singapore,2022-08-12
5925,Lucas,Reddy,lucas.reddy.5925@mail.com,Indonesia,2023-06-10
5926,Anaya,Nguyen,anaya.nguyen.5926@webmail.net,Norway,2024-01-10
5927,Mason,Lee,mason.lee.5927@inbox.com,Germany,2024-07-26
5928,Ishaan,Mehta,ishaan.mehta.5928@webmail.net,Sweden,2025-01-26
5929,Harper,Liu,harper.liu.5929@company.org,Netherlands,2022-03-22
5930,Mason,Kumar,mason.kumar.5930@example.com,Vietnam,2025-05-23
5931,Sara,Miller,sara.miller.5931@webmail.net,Sweden,2024-07-07
5932,Pari,Singh,pari.singh.5932@inbox.com,India,2025-04-26
5933,Emma,Chen,emma.chen.5933@inbox.com,Brazil,2022-01-10
5934,Olivia,Wang,olivia.wang.5934@company.org,USA,2025-07-19
5935,Benjamin,Chen,benjamin.chen.5935@webmail.net,Germany,2022-11-07
5936,Elijah,Williams,elijah.williams.5936@example.com,Philippines,2023-05-24
5937,Benjamin,Zhang,benjamin.zhang.5937@webmail.net,Italy,2023-02-04
5938,Aarav,Brown,aarav.brown.5938@inbox.com,Australia,2023-10-02
5939,Ethan,Patel,ethan.patel.5939@webmail.net,Philippines,2024-02-17
5940,Benjamin,Kumar,benjamin.kumar.5940@webmail.net,Italy,2025-01-09
5941,Noah,Smith,noah.smith.5941@mail.com,Japan,2023-11-09
5942,Arjun,Martinez,arjun.martinez.5942@example.com,Indonesia,2023-01-10
5943,Evelyn,Menon,evelyn.menon.5943@mail.com,Germany,2024-01-11
5944,Anaya,Zhang,anaya.zhang.5944@mail.com,Singapore,2023-12-09
5945,Anaya,Singh,anaya.singh.5945@mail.com,India,2022-09-30
5946,Shaurya,Garcia,shaurya.garcia.5946@example.com,United Kingdom,2025-03-29
5947,Arjun,Liu,arjun.liu.5947@inbox.com,Italy,2024-10-08
5948,Amelia,Williams,amelia.williams.5948@example.com,Poland,2024-02-04
5949,Reyansh,Williams,reyansh.williams.5949@example.com,France,2025-04-25
5950,Mira,Singh,mira.singh.5950@company.org,Poland,2023-08-01
5951,Muhammad,Das,muhammad.das.5951@company.org,Japan,2023-09-20
5952,Elijah,Davis,elijah.davis.5952@example.com,Brazil,2023-08-06
5953,Diya,Gupta,diya.gupta.5953@company.org,Spain,2022-01-13
5954,Anaya,Martinez,anaya.martinez.5954@mail.com,France,2022-02-15
5955,Diya,Nguyen,diya.nguyen.5955@company.org,Spain,2025-05-19
5956,Henry,Sharma,henry.sharma.5956@inbox.com,United Kingdom,2022-10-14
5957,Sophia,Menon,sophia.menon.5957@example.com,Netherlands,2022-04-05
5958,Isabella,Davis,isabella.davis.5958@example.com,USA,2023-12-01
5959,Mia,Kumar,mia.kumar.5959@mail.com,USA,2025-06-06
5960,Sai,Johnson,sai.johnson.5960@webmail.net,Australia,2025-04-24
5961,Aditya,Kumar,aditya.kumar.5961@example.com,Mexico,2022-02-21
5962,Mira,Martinez,mira.martinez.5962@mail.com,Australia,2022-10-14
5963,Mason,Liu,mason.liu.5963@mail.com,Italy,2023-01-30
5964,Zara,Johnson,zara.johnson.5964@mail.com,Denmark,2025-08-17
5965,Muhammad,Zhang,muhammad.zhang.5965@mail.com,Italy,2024-05-24
5966,Zara,Wang,zara.wang.5966@webmail.net,Italy,2023-01-11
5967,Henry,Sharma,henry.sharma.5967@mail.com,Norway,2024-05-24
5968,Aditya,Nguyen,aditya.nguyen.5968@inbox.com,Singapore,2023-02-09
5969,Vihaan,Singh,vihaan.singh.5969@company.org,UAE,2025-02-05
5970,Daniel,Liu,daniel.liu.5970@inbox.com,Norway,2022-06-18
5971,Benjamin,Iyer,benjamin.iyer.5971@company.org,Philippines,2022-12-16
5972,Ishaan,Jones,ishaan.jones.5972@mail.com,Indonesia,2025-03-23
5973,Amelia,Singh,amelia.singh.5973@example.com,Norway,2022-09-06
5974,Elijah,Gupta,elijah.gupta.5974@mail.com,Singapore,2023-06-25
5975,Vihaan,Das,vihaan.das.5975@webmail.net,Denmark,2022-04-03
5976,Ishaan,Liu,ishaan.liu.5976@webmail.net,Spain,2023-12-05
5977,Sophia,Kim,sophia.kim.5977@mail.com,Mexico,2023-12-06
5978,Aanya,Davis,aanya.davis.5978@inbox.com,South Africa,2023-07-07
5979,Anaya,Martinez,anaya.martinez.5979@inbox.com,Netherlands,2024-08-26
5980,James,Smith,james.smith.5980@webmail.net,USA,2025-01-27
5981,Aarav,Miller,aarav.miller.5981@webmail.net,Norway,2023-04-14
5982,Aarav,Williams,aarav.williams.5982@webmail.net,Philippines,2023-07-19
5983,Mason,Zhang,mason.zhang.5983@mail.com,USA,2022-03-11
5984,Charlotte,Sharma,charlotte.sharma.5984@example.com,Vietnam,2024-05-27
5985,Aanya,Lopez,aanya.lopez.5985@mail.com,India,2022-10-17
5986,Arjun,Kumar,arjun.kumar.5986@inbox.com,UAE,2025-06-18
5987,Anika,Lopez,anika.lopez.5987@inbox.com,India,2023-02-07
5988,Charlotte,Martinez,charlotte.martinez.5988@company.org,India,2022-12-16
5989,Diya,Kumar,diya.kumar.5989@inbox.com,France,2022-10-26
5990,Anika,Mehta,anika.mehta.5990@example.com,France,2022-09-18
5991,Anika,Smith,anika.smith.5991@example.com,Canada,2022-08-28
5992,Emma,Kumar,emma.kumar.5992@inbox.com,South Africa,2023-06-19
5993,Vihaan,Gupta,vihaan.gupta.5993@mail.com,Poland,2023-06-09
5994,Mira,Brown,mira.brown.5994@example.com,Indonesia,2022-12-18
5995,Sophia,Martinez,sophia.martinez.5995@company.org,Sweden,2025-06-10
5996,Henry,Das,henry.das.5996@mail.com,Indonesia,2024-08-27
5997,Kiara,Chen,kiara.chen.5997@mail.com,Brazil,2025-09-21
5998,Aanya,Das,aanya.das.5998@webmail.net,Brazil,2022-09-11
5999,James,Williams,james.williams.5999@example.com,Germany,2025-06-15
6000,Charlotte,Sharma,charlotte.sharma.6000@company.org,UAE,2025-03-05
6001,Charlotte,Kim,charlotte.kim.6001@example.com,Brazil,2022-07-16
6002,Zara,Chen,zara.chen.6002@example.com,Japan,2022-09-09
6003,James,Patel,james.patel.6003@inbox.com,Italy,2025-03-13
6004,Benjamin,Johnson,benjamin.johnson.6004@company.org,Mexico,2024-07-22
6005,Daniel,Khan,daniel.khan.6005@example.com,India,2022-08-10
6006,Anika,Garcia,anika.garcia.6006@mail.com,Singapore,2022-04-27
6007,Lucas,Jones,lucas.jones.6007@company.org,South Korea,2023-08-01
6008,Zara,Singh,zara.singh.6008@example.com,Canada,2023-08-20
6009,Diya,Lopez,diya.lopez.6009@example.com,Japan,2024-05-29
6010,Anaya,Kumar,anaya.kumar.6010@inbox.com,Italy,2024-08-24
6011,Reyansh,Martinez,reyansh.martinez.6011@mail.com,Germany,2023-09-07
6012,Ethan,Reddy,ethan.reddy.6012@mail.com,Indonesia,2022-06-05
6013,Lucas,Smith,lucas.smith.6013@webmail.net,Brazil,2022-07-19
6014,Isabella,Zhang,isabella.zhang.6014@webmail.net,Japan,2023-05-10
6015,Shaurya,Park,shaurya.park.6015@webmail.net,Sweden,2023-01-27
6016,Ava,Gupta,ava.gupta.6016@example.com,Germany,2024-08-22
6017,Isabella,Gupta,isabella.gupta.6017@mail.com,Italy,2022-02-11
6018,Aarav,Martinez,aarav.martinez.6018@mail.com,Denmark,2024-10-22
6019,Charlotte,Kumar,charlotte.kumar.6019@inbox.com,Japan,2025-09-20
6020,Ishaan,Menon,ishaan.menon.6020@mail.com,India,2022-09-16
6021,Reyansh,Reddy,reyansh.reddy.6021@mail.com,UAE,2025-08-29
6022,Noah,Smith,noah.smith.6022@inbox.com,USA,2022-05-27
6023,Zara,Mehta,zara.mehta.6023@mail.com,Philippines,2022-06-05
6024,James,Kim,james.kim.6024@inbox.com,United Kingdom,2023-01-05
6025,Vihaan,Miller,vihaan.miller.6025@webmail.net,Italy,2024-07-07
6026,Mia,Kim,mia.kim.6026@inbox.com,Germany,2023-12-26
6027,Benjamin,Khan,benjamin.khan.6027@inbox.com,UAE,2025-08-28
6028,Ishaan,Khan,ishaan.khan.6028@company.org,Canada,2024-04-27
6029,Anika,Lee,anika.lee.6029@inbox.com,Japan,2024-12-24
6030,Charlotte,Wang,charlotte.wang.6030@company.org,United Kingdom,2022-10-08
6031,Aarav,Das,aarav.das.6031@webmail.net,Norway,2024-02-05
6032,Aditya,Williams,aditya.williams.6032@webmail.net,Netherlands,2025-07-12
6033,Elijah,Mehta,elijah.mehta.6033@mail.com,Australia,2025-03-22
6034,Aanya,Martinez,aanya.martinez.6034@company.org,Denmark,2023-10-30
6035,Olivia,Gupta,olivia.gupta.6035@company.org,UAE,2022-03-30
6036,Aanya,Brown,aanya.brown.6036@company.org,Italy,2024-10-30
6037,Mira,Williams,mira.williams.6037@example.com,Japan,2024-03-18
6038,Noah,Kim,noah.kim.6038@inbox.com,Sweden,2025-02-16
6039,Evelyn,Miller,evelyn.miller.6039@company.org,Australia,2022-09-24
6040,Liam,Lee,liam.lee.6040@webmail.net,Spain,2022-07-29
6041,Sophia,Wang,sophia.wang.6041@example.com,France,2025-02-23
6042,Harper,Menon,harper.menon.6042@webmail.net,Singapore,2022-07-14
6043,James,Chen,james.chen.6043@inbox.com,France,2023-04-20
6044,Anaya,Zhang,anaya.zhang.6044@inbox.com,South Africa,2025-02-19
6045,Emma,Reddy,emma.reddy.6045@webmail.net,Denmark,2022-09-20
6046,Henry,Singh,henry.singh.6046@mail.com,France,2025-09-12
6047,Olivia,Sharma,olivia.sharma.6047@company.org,United Kingdom,2022-10-12
6048,Olivia,Nguyen,olivia.nguyen.6048@webmail.net,Vietnam,2022-09-18
6049,Aisha,Jones,aisha.jones.6049@company.org,France,2023-10-01
6050,Kiara,Martinez,kiara.martinez.6050@mail.com,Japan,2024-09-30
6051,Aarav,Reddy,aarav.reddy.6051@mail.com,France,2023-01-17
6052,Zara,Reddy,zara.reddy.6052@company.org,South Korea,2024-06-09
6053,Diya,Lopez,diya.lopez.6053@example.com,USA,2024-07-29
6054,Mason,Johnson,mason.johnson.6054@webmail.net,France,2022-03-03
6055,Ishaan,Williams,ishaan.williams.6055@example.com,Singapore,2023-02-12
6056,Noah,Liu,noah.liu.6056@company.org,India,2023-07-16
6057,Isabella,Mehta,isabella.mehta.6057@example.com,France,2024-01-12
6058,Mira,Kim,mira.kim.6058@example.com,India,2025-01-19
6059,Pari,Lopez,pari.lopez.6059@example.com,Canada,2025-02-19
6060,Sai,Martinez,sai.martinez.6060@mail.com,Brazil,2023-07-30
6061,Kiara,Davis,kiara.davis.6061@mail.com,Poland,2022-07-28
6062,Aanya,Das,aanya.das.6062@example.com,Italy,2022-05-15
6063,James,Iyer,james.iyer.6063@example.com,Singapore,2024-12-15
6064,Aditya,Williams,aditya.williams.6064@company.org,USA,2022-08-12
6065,Mia,Garcia,mia.garcia.6065@example.com,Vietnam,2023-05-13
6066,Sophia,Menon,sophia.menon.6066@example.com,Singapore,2024-11-30
6067,Mason,Liu,mason.liu.6067@webmail.net,India,2023-11-09
6068,Ishaan,Johnson,ishaan.johnson.6068@mail.com,South Korea,2025-01-05
6069,Evelyn,Lee,evelyn.lee.6069@example.com,UAE,2022-01-23
6070,Elijah,Brown,elijah.brown.6070@webmail.net,Brazil,2022-09-27
6071,Kiara,Menon,kiara.menon.6071@example.com,Spain,2023-11-22
6072,Isabella,Park,isabella.park.6072@mail.com,Germany,2024-11-11
6073,Muhammad,Mehta,muhammad.mehta.6073@webmail.net,Australia,2022-06-28
6074,Aarav,Kim,aarav.kim.6074@inbox.com,Poland,2023-03-16
6075,Sai,Williams,sai.williams.6075@mail.com,South Korea,2022-11-07
6076,Reyansh,Johnson,reyansh.johnson.6076@inbox.com,UAE,2025-06-23
6077,Mira,Gupta,mira.gupta.6077@mail.com,Philippines,2023-12-16
6078,Diya,Jones,diya.jones.6078@webmail.net,Netherlands,2024-03-24
6079,Emma,Garcia,emma.garcia.6079@example.com,Spain,2023-10-18
6080,Anaya,Wang,anaya.wang.6080@company.org,Japan,2023-03-31
6081,Diya,Lopez,diya.lopez.6081@inbox.com,India,2025-09-29
6082,Isabella,Wang,isabella.wang.6082@webmail.net,Canada,2023-05-25
6083,Noah,Gupta,noah.gupta.6083@company.org,Sweden,2023-11-17
6084,Vivaan,Reddy,vivaan.reddy.6084@company.org,Netherlands,2024-08-14
6085,Elijah,Mehta,elijah.mehta.6085@inbox.com,France,2024-12-19
6086,Diya,Patel,diya.patel.6086@inbox.com,France,2024-05-20
6087,Pari,Jones,pari.jones.6087@inbox.com,South Korea,2025-04-13
6088,Zara,Reddy,zara.reddy.6088@mail.com,Netherlands,2022-12-07
6089,Zara,Smith,zara.smith.6089@inbox.com,Spain,2025-05-21
6090,Kiara,Miller,kiara.miller.6090@company.org,Singapore,2023-02-01
6091,Ethan,Martinez,ethan.martinez.6091@mail.com,USA,2023-07-12
6092,Mira,Chen,mira.chen.6092@inbox.com,Norway,2025-03-03
6093,Pari,Johnson,pari.johnson.6093@webmail.net,Germany,2024-05-19
6094,Elijah,Patel,elijah.patel.6094@webmail.net,Japan,2022-09-26
6095,Kiara,Miller,kiara.miller.6095@inbox.com,Spain,2022-04-09
6096,Aarav,Sharma,aarav.sharma.6096@inbox.com,Poland,2022-12-19
6097,Harper,Zhang,harper.zhang.6097@inbox.com,Mexico,2024-01-19
6098,Zara,Singh,zara.singh.6098@webmail.net,Canada,2025-02-01
6099,Zara,Iyer,zara.iyer.6099@company.org,Mexico,2024-07-26
6100,Vivaan,Liu,vivaan.liu.6100@company.org,India,2025-04-28
6101,Pari,Garcia,pari.garcia.6101@example.com,Norway,2023-02-11
6102,Isabella,Patel,isabella.patel.6102@webmail.net,South Korea,2025-08-07
6103,Mason,Nguyen,mason.nguyen.6103@inbox.com,United Kingdom,2022-12-12
6104,Mia,Miller,mia.miller.6104@inbox.com,Sweden,2023-03-05
6105,Anaya,Jones,anaya.jones.6105@webmail.net,India,2025-02-04
6106,Ava,Reddy,ava.reddy.6106@webmail.net,Norway,2025-08-02
6107,Olivia,Kumar,olivia.kumar.6107@inbox.com,Spain,2023-10-06
6108,Mia,Khan,mia.khan.6108@webmail.net,Vietnam,2025-03-18
6109,Pari,Johnson,pari.johnson.6109@example.com,Norway,2023-07-26
6110,Aisha,Kumar,aisha.kumar.6110@example.com,Indonesia,2024-03-17
6111,Emma,Liu,emma.liu.6111@company.org,Sweden,2024-06-06
6112,Aditya,Patel,aditya.patel.6112@webmail.net,Germany,2024-01-09
6113,Aanya,Martinez,aanya.martinez.6113@example.com,United Kingdom,2025-04-22
6114,Evelyn,Das,evelyn.das.6114@example.com,Mexico,2024-12-19
6115,Mia,Kim,mia.kim.6115@webmail.net,Norway,2022-02-01
6116,Mira,Iyer,mira.iyer.6116@webmail.net,UAE,2025-03-15
6117,Isabella,Patel,isabella.patel.6117@example.com,Mexico,2022-12-21
6118,Anika,Jones,anika.jones.6118@webmail.net,Japan,2024-07-08
6119,Harper,Iyer,harper.iyer.6119@example.com,Australia,2023-09-08
6120,Lucas,Kim,lucas.kim.6120@mail.com,Italy,2022-02-04
6121,Sophia,Garcia,sophia.garcia.6121@example.com,Indonesia,2024-05-01
6122,Ishaan,Singh,ishaan.singh.6122@mail.com,Philippines,2023-10-16
6123,Mason,Kumar,mason.kumar.6123@company.org,Netherlands,2024-09-24
6124,Zara,Chen,zara.chen.6124@company.org,Canada,2022-01-26
6125,Harper,Jones,harper.jones.6125@company.org,Sweden,2023-11-01
6126,Noah,Mehta,noah.mehta.6126@inbox.com,Sweden,2024-11-16
6127,Benjamin,Wang,benjamin.wang.6127@webmail.net,India,2024-01-02
6128,Anaya,Martinez,anaya.martinez.6128@mail.com,Spain,2023-04-19
6129,Aanya,Lee,aanya.lee.6129@company.org,Sweden,2025-09-11
6130,Harper,Chen,harper.chen.6130@webmail.net,Netherlands,2022-02-07
6131,Liam,Wang,liam.wang.6131@inbox.com,South Africa,2025-08-10
6132,Vivaan,Zhang,vivaan.zhang.6132@inbox.com,Vietnam,2024-06-06
6133,Ishaan,Khan,ishaan.khan.6133@webmail.net,United Kingdom,2022-04-02
6134,Sara,Kim,sara.kim.6134@webmail.net,Norway,2025-04-03
6135,Arjun,Davis,arjun.davis.6135@webmail.net,Singapore,2022-02-16
6136,Mason,Johnson,mason.johnson.6136@mail.com,Australia,2025-07-27
6137,Vihaan,Chen,vihaan.chen.6137@webmail.net,Canada,2025-03-31
6138,Aanya,Martinez,aanya.martinez.6138@example.com,Vietnam,2024-01-08
6139,Kiara,Wang,kiara.wang.6139@company.org,Denmark,2022-10-03
6140,Harper,Liu,harper.liu.6140@example.com,Poland,2024-11-11
6141,Elijah,Liu,elijah.liu.6141@mail.com,Norway,2024-02-02
6142,Muhammad,Davis,muhammad.davis.6142@webmail.net,Germany,2024-12-27
6143,Liam,Kumar,liam.kumar.6143@mail.com,Australia,2023-12-22
6144,Sai,Jones,sai.jones.6144@example.com,Philippines,2024-04-09
6145,Isabella,Liu,isabella.liu.6145@company.org,South Korea,2023-02-12
6146,Aanya,Johnson,aanya.johnson.6146@inbox.com,Denmark,2022-09-03
6147,Vivaan,Mehta,vivaan.mehta.6147@company.org,Indonesia,2024-04-11
6148,Anika,Kumar,anika.kumar.6148@mail.com,Canada,2023-05-23
6149,Aisha,Park,aisha.park.6149@company.org,South Africa,2024-12-11
6150,Vivaan,Gupta,vivaan.gupta.6150@inbox.com,South Korea,2025-04-19
6151,Elijah,Lopez,elijah.lopez.6151@webmail.net,Spain,2022-02-11
6152,Ava,Lopez,ava.lopez.6152@example.com,France,2024-08-16
6153,Noah,Liu,noah.liu.6153@webmail.net,Norway,2022-10-22
6154,Aarav,Smith,aarav.smith.6154@company.org,Japan,2024-04-04
6155,Aanya,Menon,aanya.menon.6155@company.org,Brazil,2024-03-07
6156,Zara,Park,zara.park.6156@example.com,Brazil,2024-12-19
6157,Shaurya,Wang,shaurya.wang.6157@example.com,Indonesia,2023-12-25
6158,Charlotte,Gupta,charlotte.gupta.6158@webmail.net,Spain,2024-02-19
6159,Aarav,Johnson,aarav.johnson.6159@webmail.net,South Africa,2024-09-22
6160,Zara,Park,zara.park.6160@example.com,Brazil,2023-06-18
6161,Evelyn,Martinez,evelyn.martinez.6161@example.com,India,2023-08-13
6162,Sara,Kumar,sara.kumar.6162@mail.com,Denmark,2025-08-13
6163,Harper,Reddy,harper.reddy.6163@example.com,Mexico,2022-11-07
6164,Ethan,Chen,ethan.chen.6164@example.com,India,2024-01-10
6165,Vihaan,Bose,vihaan.bose.6165@mail.com,Poland,2023-10-03
6166,Aisha,Patel,aisha.patel.6166@example.com,Italy,2022-11-13
6167,Vivaan,Miller,vivaan.miller.6167@company.org,South Africa,2022-02-18
6168,Evelyn,Kim,evelyn.kim.6168@webmail.net,Canada,2022-09-05
6169,Sophia,Khan,sophia.khan.6169@mail.com,Sweden,2024-07-22
6170,Mason,Davis,mason.davis.6170@inbox.com,France,2025-07-17
6171,Aisha,Liu,aisha.liu.6171@inbox.com,Sweden,2025-03-14
6172,Vivaan,Park,vivaan.park.6172@webmail.net,USA,2022-08-17
6173,Evelyn,Miller,evelyn.miller.6173@company.org,Vietnam,2023-06-11
6174,Elijah,Singh,elijah.singh.6174@webmail.net,South Africa,2024-09-07
6175,Zara,Reddy,zara.reddy.6175@webmail.net,Canada,2024-04-18
6176,Aarav,Williams,aarav.williams.6176@example.com,Denmark,2025-01-22
6177,Benjamin,Kumar,benjamin.kumar.6177@example.com,Singapore,2022-09-24
6178,Lucas,Johnson,lucas.johnson.6178@mail.com,Singapore,2022-01-25
6179,Henry,Patel,henry.patel.6179@mail.com,Sweden,2025-07-29
6180,Vivaan,Iyer,vivaan.iyer.6180@example.com,Poland,2023-12-10
6181,Vihaan,Kim,vihaan.kim.6181@webmail.net,France,2022-10-30
6182,Sara,Menon,sara.menon.6182@mail.com,Japan,2023-05-22
6183,Benjamin,Johnson,benjamin.johnson.6183@mail.com,South Africa,2024-09-24
6184,Sara,Brown,sara.brown.6184@webmail.net,Sweden,2022-01-10
6185,Sai,Singh,sai.singh.6185@inbox.com,USA,2025-06-13
6186,Shaurya,Das,shaurya.das.6186@inbox.com,France,2022-11-30
6187,Mason,Lopez,mason.lopez.6187@company.org,USA,2022-05-20
6188,Shaurya,Iyer,shaurya.iyer.6188@inbox.com,Italy,2023-01-22
6189,Aarav,Singh,aarav.singh.6189@inbox.com,Norway,2024-06-04
6190,Ethan,Johnson,ethan.johnson.6190@example.com,Indonesia,2023-01-24
6191,Daniel,Johnson,daniel.johnson.6191@webmail.net,South Africa,2022-01-02
6192,Ishaan,Bose,ishaan.bose.6192@mail.com,South Korea,2023-08-07
6193,Liam,Khan,liam.khan.6193@inbox.com,Indonesia,2022-03-07
6194,Olivia,Smith,olivia.smith.6194@webmail.net,Brazil,2023-02-02
6195,Harper,Chen,harper.chen.6195@company.org,Canada,2025-06-20
6196,Ethan,Wang,ethan.wang.6196@inbox.com,UAE,2024-11-21
6197,Vivaan,Iyer,vivaan.iyer.6197@inbox.com,Singapore,2025-07-29
6198,Harper,Davis,harper.davis.6198@example.com,Germany,2023-07-02
6199,Elijah,Jones,elijah.jones.6199@mail.com,Netherlands,2024-03-15
6200,Emma,Menon,emma.menon.6200@webmail.net,Indonesia,2023-10-01
6201,Shaurya,Mehta,shaurya.mehta.6201@mail.com,Germany,2023-10-27
6202,Aditya,Johnson,aditya.johnson.6202@webmail.net,Singapore,2024-07-27
6203,Daniel,Miller,daniel.miller.6203@inbox.com,Spain,2024-06-28
6204,Arjun,Khan,arjun.khan.6204@company.org,UAE,2023-04-28
6205,Elijah,Liu,elijah.liu.6205@mail.com,Netherlands,2022-07-29
6206,Vihaan,Menon,vihaan.menon.6206@company.org,France,2024-03-25
6207,Ava,Singh,ava.singh.6207@webmail.net,France,2024-05-25
6208,Daniel,Khan,daniel.khan.6208@webmail.net,USA,2023-10-10
6209,Sophia,Reddy,sophia.reddy.6209@company.org,Italy,2024-06-25
6210,Mason,Singh,mason.singh.6210@inbox.com,Australia,2023-08-09
6211,Daniel,Martinez,daniel.martinez.6211@mail.com,Poland,2024-07-02
6212,Benjamin,Wang,benjamin.wang.6212@company.org,Philippines,2023-01-21
6213,Anaya,Brown,anaya.brown.6213@webmail.net,Norway,2025-09-05
6214,Sophia,Davis,sophia.davis.6214@webmail.net,Sweden,2025-01-08
6215,Amelia,Jones,amelia.jones.6215@mail.com,Poland,2023-08-02
6216,Isabella,Sharma,isabella.sharma.6216@example.com,South Korea,2023-01-19
6217,Sara,Miller,sara.miller.6217@example.com,France,2024-03-23
6218,Sara,Kumar,sara.kumar.6218@mail.com,Poland,2022-05-29
6219,Liam,Mehta,liam.mehta.6219@company.org,Poland,2025-03-04
6220,Kiara,Chen,kiara.chen.6220@example.com,Poland,2022-08-29
6221,Ishaan,Johnson,ishaan.johnson.6221@example.com,USA,2022-01-07
6222,Arjun,Das,arjun.das.6222@example.com,South Korea,2024-10-10
6223,Mia,Bose,mia.bose.6223@mail.com,Singapore,2025-07-29
6224,Daniel,Nguyen,daniel.nguyen.6224@example.com,Philippines,2025-05-15
6225,Aisha,Nguyen,aisha.nguyen.6225@mail.com,South Africa,2025-08-17
6226,Aditya,Zhang,aditya.zhang.6226@company.org,South Korea,2022-04-20
6227,Anaya,Das,anaya.das.6227@example.com,United Kingdom,2022-11-14
6228,Evelyn,Wang,evelyn.wang.6228@webmail.net,Denmark,2023-05-15
6229,Shaurya,Kumar,shaurya.kumar.6229@company.org,South Africa,2024-01-01
6230,Ishaan,Patel,ishaan.patel.6230@company.org,Denmark,2024-04-19
6231,Isabella,Kim,isabella.kim.6231@webmail.net,Mexico,2023-04-07
6232,Aanya,Nguyen,aanya.nguyen.6232@mail.com,Vietnam,2023-04-07
6233,Aarav,Brown,aarav.brown.6233@mail.com,Poland,2022-03-28
6234,Evelyn,Singh,evelyn.singh.6234@inbox.com,Brazil,2025-07-15
6235,Pari,Sharma,pari.sharma.6235@webmail.net,Denmark,2023-10-25
6236,Isabella,Lopez,isabella.lopez.6236@company.org,United Kingdom,2023-02-10
6237,Henry,Kumar,henry.kumar.6237@webmail.net,Poland,2022-07-14
6238,Elijah,Liu,elijah.liu.6238@example.com,Norway,2024-10-05
6239,Emma,Johnson,emma.johnson.6239@mail.com,Norway,2025-09-28
6240,Aarav,Reddy,aarav.reddy.6240@inbox.com,Netherlands,2023-01-18
6241,Aarav,Jones,aarav.jones.6241@webmail.net,Poland,2023-09-28
6242,Reyansh,Bose,reyansh.bose.6242@webmail.net,Sweden,2024-06-07
6243,Noah,Garcia,noah.garcia.6243@inbox.com,Germany,2025-08-12
6244,Aarav,Das,aarav.das.6244@inbox.com,Brazil,2024-02-02
6245,Sara,Gupta,sara.gupta.6245@mail.com,Indonesia,2023-05-09
6246,Pari,Reddy,pari.reddy.6246@mail.com,Vietnam,2024-01-20
6247,Daniel,Brown,daniel.brown.6247@example.com,Singapore,2022-01-20
6248,Vihaan,Garcia,vihaan.garcia.6248@webmail.net,Netherlands,2022-11-02
6249,Aanya,Reddy,aanya.reddy.6249@inbox.com,Netherlands,2022-04-07
6250,Pari,Williams,pari.williams.6250@company.org,Canada,2025-03-29
6251,Diya,Patel,diya.patel.6251@inbox.com,Germany,2025-07-18
6252,Daniel,Nguyen,daniel.nguyen.6252@company.org,Denmark,2025-01-26
6253,Arjun,Martinez,arjun.martinez.6253@company.org,Australia,2024-01-23
6254,Kiara,Mehta,kiara.mehta.6254@example.com,Italy,2022-10-22
6255,Aisha,Nguyen,aisha.nguyen.6255@inbox.com,France,2025-08-16
6256,Aisha,Menon,aisha.menon.6256@inbox.com,Italy,2024-05-04
6257,Benjamin,Sharma,benjamin.sharma.6257@webmail.net,Japan,2023-11-01
6258,Vivaan,Jones,vivaan.jones.6258@company.org,Philippines,2023-10-09
6259,Ishaan,Chen,ishaan.chen.6259@inbox.com,Brazil,2022-04-13
6260,Aarav,Lee,aarav.lee.6260@webmail.net,Netherlands,2023-05-15
6261,Arjun,Chen,arjun.chen.6261@example.com,Poland,2025-05-06
6262,Lucas,Kim,lucas.kim.6262@company.org,India,2025-08-18
6263,Olivia,Reddy,olivia.reddy.6263@mail.com,Netherlands,2024-10-18
6264,Aanya,Zhang,aanya.zhang.6264@company.org,Norway,2023-06-24
6265,Sai,Menon,sai.menon.6265@webmail.net,UAE,2022-10-27
6266,Sara,Patel,sara.patel.6266@example.com,Poland,2024-05-17
6267,Olivia,Miller,olivia.miller.6267@inbox.com,USA,2023-06-22
6268,Charlotte,Nguyen,charlotte.nguyen.6268@example.com,Canada,2023-05-14
6269,Ethan,Menon,ethan.menon.6269@company.org,Japan,2023-09-02
6270,Emma,Iyer,emma.iyer.6270@example.com,Poland,2023-09-11
6271,Vihaan,Kim,vihaan.kim.6271@webmail.net,Netherlands,2022-01-05
6272,Vihaan,Das,vihaan.das.6272@company.org,USA,2023-01-17
6273,Aarav,Lee,aarav.lee.6273@inbox.com,South Korea,2023-04-30
6274,Muhammad,Davis,muhammad.davis.6274@example.com,Japan,2025-03-28
6275,Anika,Lopez,anika.lopez.6275@company.org,Indonesia,2022-08-21
6276,Diya,Reddy,diya.reddy.6276@example.com,Norway,2024-11-23
6277,Anaya,Martinez,anaya.martinez.6277@webmail.net,Singapore,2025-04-09
6278,Aanya,Chen,aanya.chen.6278@example.com,Philippines,2023-01-06
6279,Harper,Smith,harper.smith.6279@company.org,Norway,2023-09-13
6280,Zara,Kim,zara.kim.6280@example.com,Indonesia,2024-10-22
6281,Ethan,Davis,ethan.davis.6281@example.com,Norway,2022-08-24
6282,Sophia,Brown,sophia.brown.6282@company.org,France,2024-12-20
6283,Noah,Reddy,noah.reddy.6283@inbox.com,Singapore,2024-12-11
6284,Isabella,Lee,isabella.lee.6284@mail.com,Poland,2025-09-08
6285,Anaya,Nguyen,anaya.nguyen.6285@inbox.com,Brazil,2025-01-24
6286,Mason,Khan,mason.khan.6286@example.com,Australia,2022-10-22
6287,Benjamin,Jones,benjamin.jones.6287@inbox.com,South Korea,2025-08-13
6288,Vivaan,Miller,vivaan.miller.6288@example.com,Sweden,2025-03-29
6289,Isabella,Garcia,isabella.garcia.6289@company.org,India,2025-01-23
6290,Benjamin,Davis,benjamin.davis.6290@example.com,Netherlands,2024-07-15
6291,Aanya,Patel,aanya.patel.6291@example.com,Vietnam,2024-07-20
6292,Daniel,Reddy,daniel.reddy.6292@inbox.com,Norway,2025-09-06
6293,Pari,Reddy,pari.reddy.6293@mail.com,Canada,2024-11-23
6294,Shaurya,Wang,shaurya.wang.6294@webmail.net,Singapore,2022-06-05
6295,Reyansh,Brown,reyansh.brown.6295@inbox.com,Norway,2024-05-09
6296,Noah,Davis,noah.davis.6296@inbox.com,India,2022-09-11
6297,Sophia,Iyer,sophia.iyer.6297@example.com,France,2022-06-23
6298,Benjamin,Kim,benjamin.kim.6298@example.com,Singapore,2023-04-04
6299,Mia,Wang,mia.wang.6299@mail.com,Vietnam,2022-08-16
6300,Vivaan,Brown,vivaan.brown.6300@company.org,Brazil,2024-01-01
6301,Aarav,Garcia,aarav.garcia.6301@inbox.com,Netherlands,2023-07-19
6302,Zara,Das,zara.das.6302@example.com,Netherlands,2025-09-03
6303,Charlotte,Park,charlotte.park.6303@mail.com,Vietnam,2024-09-22
6304,Kiara,Reddy,kiara.reddy.6304@example.com,Italy,2023-03-26
6305,Ava,Nguyen,ava.nguyen.6305@company.org,Canada,2024-06-08
6306,Noah,Nguyen,noah.nguyen.6306@company.org,Brazil,2023-02-28
6307,Mason,Kumar,mason.kumar.6307@webmail.net,Netherlands,2023-09-27
6308,Ishaan,Zhang,ishaan.zhang.6308@mail.com,Spain,2023-01-21
6309,Liam,Lee,liam.lee.6309@webmail.net,Denmark,2022-01-05
6310,Emma,Iyer,emma.iyer.6310@mail.com,USA,2025-03-09
6311,Ava,Reddy,ava.reddy.6311@company.org,Philippines,2023-04-13
6312,Vivaan,Khan,vivaan.khan.6312@webmail.net,UAE,2025-06-16
6313,Henry,Bose,henry.bose.6313@example.com,Italy,2022-12-02
6314,Ava,Miller,ava.miller.6314@example.com,Singapore,2023-05-29
6315,Vihaan,Johnson,vihaan.johnson.6315@example.com,Brazil,2023-09-08
6316,Sophia,Iyer,sophia.iyer.6316@example.com,Spain,2023-07-31
6317,Aditya,Khan,aditya.khan.6317@company.org,Philippines,2024-09-22
6318,Sai,Kim,sai.kim.6318@webmail.net,South Africa,2023-02-18
6319,Aarav,Lopez,aarav.lopez.6319@company.org,Norway,2022-07-07
6320,Aarav,Zhang,aarav.zhang.6320@company.org,Australia,2022-03-10
6321,James,Gupta,james.gupta.6321@example.com,France,2025-06-05
6322,Anika,Kim,anika.kim.6322@mail.com,USA,2023-07-21
6323,Ishaan,Sharma,ishaan.sharma.6323@inbox.com,Poland,2023-06-11
6324,Aanya,Lee,aanya.lee.6324@webmail.net,Australia,2025-03-21
6325,Emma,Martinez,emma.martinez.6325@company.org,Italy,2023-07-24
6326,Pari,Zhang,pari.zhang.6326@company.org,United Kingdom,2024-10-05
6327,Diya,Johnson,diya.johnson.6327@example.com,India,2024-08-26
6328,Charlotte,Williams,charlotte.williams.6328@mail.com,India,2025-09-02
6329,Mia,Smith,mia.smith.6329@inbox.com,Netherlands,2024-10-24
6330,Liam,Menon,liam.menon.6330@company.org,Japan,2022-08-01
6331,Aditya,Brown,aditya.brown.6331@company.org,South Korea,2024-07-28
6332,Mira,Lee,mira.lee.6332@inbox.com,South Korea,2022-12-16
6333,Harper,Reddy,harper.reddy.6333@company.org,United Kingdom,2022-01-26
6334,Henry,Gupta,henry.gupta.6334@company.org,Indonesia,2024-07-13
6335,Ava,Smith,ava.smith.6335@inbox.com,South Africa,2024-04-02
6336,Anaya,Das,anaya.das.6336@inbox.com,South Korea,2023-09-11
6337,Sophia,Singh,sophia.singh.6337@company.org,France,2025-05-18
6338,Emma,Khan,emma.khan.6338@webmail.net,United Kingdom,2024-08-15
6339,Amelia,Patel,amelia.patel.6339@webmail.net,Mexico,2023-08-14
6340,Aarav,Iyer,aarav.iyer.6340@example.com,Spain,2025-06-13
6341,Mason,Liu,mason.liu.6341@inbox.com,Germany,2024-04-21
6342,Isabella,Sharma,isabella.sharma.6342@example.com,Italy,2023-04-06
6343,Ethan,Zhang,ethan.zhang.6343@mail.com,South Africa,2025-03-23
6344,Mason,Kumar,mason.kumar.6344@example.com,Singapore,2022-07-23
6345,Kiara,Smith,kiara.smith.6345@inbox.com,Canada,2024-02-22
6346,Emma,Sharma,emma.sharma.6346@inbox.com,Canada,2022-11-06
6347,Aarav,Reddy,aarav.reddy.6347@mail.com,Italy,2024-11-21
6348,Sai,Williams,sai.williams.6348@example.com,Netherlands,2023-05-06
6349,Isabella,Patel,isabella.patel.6349@company.org,UAE,2023-11-15
6350,Elijah,Patel,elijah.patel.6350@mail.com,UAE,2022-10-06
6351,Sara,Das,sara.das.6351@mail.com,Canada,2023-01-17
6352,James,Brown,james.brown.6352@webmail.net,South Korea,2024-05-31
6353,Sara,Patel,sara.patel.6353@webmail.net,Indonesia,2023-02-15
6354,Emma,Mehta,emma.mehta.6354@inbox.com,United Kingdom,2024-12-14
6355,Mia,Martinez,mia.martinez.6355@inbox.com,India,2025-01-27
6356,Mia,Gupta,mia.gupta.6356@example.com,Denmark,2025-03-24
6357,Evelyn,Kim,evelyn.kim.6357@company.org,Denmark,2023-09-11
6358,Isabella,Nguyen,isabella.nguyen.6358@webmail.net,South Korea,2024-06-21
6359,Anaya,Williams,anaya.williams.6359@webmail.net,Mexico,2022-07-11
6360,Henry,Iyer,henry.iyer.6360@inbox.com,Australia,2025-01-13
6361,Benjamin,Garcia,benjamin.garcia.6361@company.org,Japan,2023-12-16
6362,Sophia,Davis,sophia.davis.6362@inbox.com,USA,2024-12-02
6363,Mia,Patel,mia.patel.6363@mail.com,France,2025-03-05
6364,Lucas,Zhang,lucas.zhang.6364@example.com,Netherlands,2024-04-22
6365,Sara,Iyer,sara.iyer.6365@example.com,USA,2024-05-25
6366,Diya,Singh,diya.singh.6366@company.org,USA,2023-07-14
6367,Isabella,Garcia,isabella.garcia.6367@mail.com,Brazil,2022-10-22
6368,Shaurya,Lee,shaurya.lee.6368@company.org,Indonesia,2024-12-21
6369,Lucas,Mehta,lucas.mehta.6369@mail.com,Vietnam,2022-11-23
6370,Elijah,Zhang,elijah.zhang.6370@inbox.com,Singapore,2023-02-07
6371,Aditya,Singh,aditya.singh.6371@mail.com,Norway,2023-05-16
6372,Anika,Chen,anika.chen.6372@webmail.net,France,2025-06-02
6373,Mia,Johnson,mia.johnson.6373@company.org,Poland,2024-10-10
6374,Diya,Menon,diya.menon.6374@webmail.net,France,2024-01-06
6375,Anika,Lopez,anika.lopez.6375@mail.com,Indonesia,2022-12-14
6376,Charlotte,Zhang,charlotte.zhang.6376@mail.com,Mexico,2022-03-14
6377,Ishaan,Iyer,ishaan.iyer.6377@mail.com,Vietnam,2022-02-03
6378,Elijah,Gupta,elijah.gupta.6378@example.com,Japan,2022-04-12
6379,Isabella,Lopez,isabella.lopez.6379@mail.com,Australia,2025-03-28
6380,Diya,Miller,diya.miller.6380@inbox.com,Japan,2022-08-03
6381,Anaya,Das,anaya.das.6381@example.com,Netherlands,2024-07-28
6382,James,Miller,james.miller.6382@company.org,Germany,2022-01-15
6383,Lucas,Brown,lucas.brown.6383@example.com,Mexico,2023-05-25
6384,Zara,Lee,zara.lee.6384@mail.com,Mexico,2023-08-28
6385,Vihaan,Bose,vihaan.bose.6385@inbox.com,Italy,2023-11-09
6386,Elijah,Lee,elijah.lee.6386@company.org,Poland,2022-04-18
6387,Kiara,Davis,kiara.davis.6387@example.com,Brazil,2022-02-15
6388,Aarav,Lee,aarav.lee.6388@inbox.com,Singapore,2023-01-17
6389,Anaya,Park,anaya.park.6389@mail.com,Germany,2025-04-16
6390,Isabella,Kim,isabella.kim.6390@mail.com,Philippines,2022-07-19
6391,Amelia,Jones,amelia.jones.6391@webmail.net,Italy,2022-12-06
6392,Anaya,Reddy,anaya.reddy.6392@company.org,Spain,2024-12-23
6393,Aditya,Johnson,aditya.johnson.6393@inbox.com,Singapore,2025-02-08
6394,Lucas,Sharma,lucas.sharma.6394@example.com,Italy,2022-11-19
6395,Henry,Smith,henry.smith.6395@mail.com,India,2023-08-11
6396,Aditya,Brown,aditya.brown.6396@inbox.com,Poland,2022-09-21
6397,Daniel,Miller,daniel.miller.6397@mail.com,South Korea,2024-09-05
6398,Mira,Reddy,mira.reddy.6398@example.com,Philippines,2024-09-21
6399,Lucas,Wang,lucas.wang.6399@inbox.com,Indonesia,2025-02-04
6400,Vihaan,Khan,vihaan.khan.6400@inbox.com,Netherlands,2022-01-29
6401,Isabella,Garcia,isabella.garcia.6401@company.org,UAE,2022-09-17
6402,Isabella,Jones,isabella.jones.6402@mail.com,Spain,2023-07-31
6403,Elijah,Bose,elijah.bose.6403@webmail.net,USA,2025-07-13
6404,Aanya,Sharma,aanya.sharma.6404@mail.com,India,2025-01-02
6405,Sophia,Mehta,sophia.mehta.6405@inbox.com,Sweden,2024-09-12
6406,Sophia,Kumar,sophia.kumar.6406@webmail.net,Japan,2025-02-06
6407,Arjun,Das,arjun.das.6407@webmail.net,Denmark,2023-02-20
6408,Liam,Lopez,liam.lopez.6408@company.org,Netherlands,2022-11-21
6409,Reyansh,Miller,reyansh.miller.6409@company.org,Australia,2024-12-21
6410,Elijah,Park,elijah.park.6410@company.org,Netherlands,2025-07-26
6411,Charlotte,Lee,charlotte.lee.6411@company.org,Japan,2025-05-11
6412,Arjun,Menon,arjun.menon.6412@company.org,Poland,2023-10-26
6413,Aditya,Martinez,aditya.martinez.6413@company.org,Philippines,2023-05-05
6414,Liam,Sharma,liam.sharma.6414@company.org,South Korea,2024-12-26
6415,Anaya,Khan,anaya.khan.6415@webmail.net,Spain,2023-04-06
6416,Anaya,Khan,anaya.khan.6416@mail.com,Germany,2024-07-06
6417,Sara,Kumar,sara.kumar.6417@example.com,Singapore,2022-07-23
6418,Reyansh,Singh,reyansh.singh.6418@company.org,Indonesia,2024-06-28
6419,Charlotte,Wang,charlotte.wang.6419@example.com,South Africa,2024-10-23
6420,Reyansh,Brown,reyansh.brown.6420@inbox.com,Poland,2024-05-23
6421,Noah,Iyer,noah.iyer.6421@example.com,Japan,2022-01-07
6422,Arjun,Singh,arjun.singh.6422@webmail.net,Vietnam,2023-11-10
6423,Aanya,Khan,aanya.khan.6423@company.org,Australia,2024-04-04
6424,Aisha,Garcia,aisha.garcia.6424@mail.com,South Korea,2025-07-08
6425,Aanya,Brown,aanya.brown.6425@webmail.net,Singapore,2025-03-05
6426,Harper,Lee,harper.lee.6426@example.com,Netherlands,2025-08-09
6427,Harper,Chen,harper.chen.6427@company.org,Sweden,2022-08-08
6428,Ishaan,Mehta,ishaan.mehta.6428@company.org,Italy,2024-09-25
6429,Charlotte,Kim,charlotte.kim.6429@example.com,Netherlands,2023-05-28
6430,Charlotte,Zhang,charlotte.zhang.6430@example.com,South Korea,2023-08-26
6431,Evelyn,Patel,evelyn.patel.6431@example.com,Singapore,2025-02-10
6432,Kiara,Lee,kiara.lee.6432@inbox.com,Philippines,2024-06-13
6433,Emma,Johnson,emma.johnson.6433@webmail.net,South Korea,2025-03-07
6434,Elijah,Lopez,elijah.lopez.6434@inbox.com,Norway,2023-09-01
6435,Vivaan,Chen,vivaan.chen.6435@inbox.com,Vietnam,2024-03-11
6436,Isabella,Park,isabella.park.6436@company.org,Italy,2023-02-23
6437,Elijah,Chen,elijah.chen.6437@mail.com,Singapore,2024-11-19
6438,Charlotte,Iyer,charlotte.iyer.6438@company.org,USA,2025-08-25
6439,Ethan,Khan,ethan.khan.6439@webmail.net,Australia,2025-06-02
6440,Muhammad,Patel,muhammad.patel.6440@example.com,Norway,2024-06-10
6441,Shaurya,Williams,shaurya.williams.6441@webmail.net,Canada,2023-09-15
6442,Ishaan,Sharma,ishaan.sharma.6442@webmail.net,United Kingdom,2023-05-17
6443,Olivia,Kumar,olivia.kumar.6443@webmail.net,Mexico,2024-11-29
6444,Harper,Williams,harper.williams.6444@inbox.com,Japan,2024-02-15
6445,Evelyn,Johnson,evelyn.johnson.6445@inbox.com,Mexico,2025-03-13
6446,Olivia,Kumar,olivia.kumar.6446@inbox.com,Netherlands,2022-06-05
6447,Diya,Menon,diya.menon.6447@webmail.net,Netherlands,2023-03-03
6448,Aarav,Sharma,aarav.sharma.6448@webmail.net,India,2024-03-24
6449,Ethan,Brown,ethan.brown.6449@webmail.net,Sweden,2025-06-09
6450,Evelyn,Zhang,evelyn.zhang.6450@inbox.com,Germany,2024-11-27
6451,Vihaan,Smith,vihaan.smith.6451@webmail.net,Canada,2023-08-18
6452,Olivia,Menon,olivia.menon.6452@example.com,Mexico,2022-08-28
6453,Diya,Kumar,diya.kumar.6453@inbox.com,Japan,2023-02-08
6454,Arjun,Chen,arjun.chen.6454@company.org,Sweden,2024-08-08
6455,Lucas,Bose,lucas.bose.6455@example.com,South Korea,2022-08-12
6456,Kiara,Mehta,kiara.mehta.6456@webmail.net,Sweden,2024-04-10
6457,Isabella,Sharma,isabella.sharma.6457@mail.com,Sweden,2025-07-23
6458,Liam,Liu,liam.liu.6458@example.com,Netherlands,2025-02-08
6459,Arjun,Jones,arjun.jones.6459@mail.com,USA,2023-09-27
6460,Kiara,Patel,kiara.patel.6460@inbox.com,Poland,2025-06-12
6461,Zara,Khan,zara.khan.6461@company.org,Australia,2024-09-25
6462,Mason,Patel,mason.patel.6462@example.com,France,2025-05-23
6463,Noah,Nguyen,noah.nguyen.6463@company.org,India,2024-08-07
6464,Charlotte,Iyer,charlotte.iyer.6464@company.org,USA,2025-04-21
6465,Zara,Nguyen,zara.nguyen.6465@mail.com,Canada,2023-02-23
6466,James,Sharma,james.sharma.6466@webmail.net,Denmark,2024-09-18
6467,Arjun,Liu,arjun.liu.6467@webmail.net,Poland,2024-07-15
6468,Amelia,Zhang,amelia.zhang.6468@webmail.net,Denmark,2022-07-29
6469,Zara,Brown,zara.brown.6469@company.org,Germany,2023-02-22
6470,Muhammad,Mehta,muhammad.mehta.6470@webmail.net,UAE,2024-08-04
6471,Zara,Miller,zara.miller.6471@inbox.com,USA,2023-05-09
6472,Aditya,Jones,aditya.jones.6472@inbox.com,Australia,2025-03-16
6473,Ava,Chen,ava.chen.6473@webmail.net,Indonesia,2023-04-10
6474,Harper,Sharma,harper.sharma.6474@inbox.com,Denmark,2024-02-14
6475,Pari,Martinez,pari.martinez.6475@example.com,Japan,2023-06-08
6476,James,Liu,james.liu.6476@company.org,South Africa,2022-03-12
6477,Ishaan,Park,ishaan.park.6477@example.com,Spain,2022-09-19
6478,Daniel,Menon,daniel.menon.6478@mail.com,Japan,2024-10-07
6479,Aditya,Wang,aditya.wang.6479@example.com,Brazil,2023-07-04
6480,Evelyn,Lopez,evelyn.lopez.6480@inbox.com,Germany,2024-03-19
6481,Zara,Lopez,zara.lopez.6481@webmail.net,USA,2022-10-25
6482,Aisha,Khan,aisha.khan.6482@mail.com,India,2022-05-30
6483,Elijah,Nguyen,elijah.nguyen.6483@webmail.net,Italy,2024-01-02
6484,Mira,Davis,mira.davis.6484@webmail.net,Spain,2023-07-18
6485,Daniel,Smith,daniel.smith.6485@inbox.com,United Kingdom,2022-04-14
6486,Harper,Kumar,harper.kumar.6486@inbox.com,Spain,2024-12-02
6487,Evelyn,Nguyen,evelyn.nguyen.6487@mail.com,France,2022-01-06
6488,Harper,Miller,harper.miller.6488@mail.com,Philippines,2025-07-27
6489,Benjamin,Brown,benjamin.brown.6489@company.org,South Africa,2025-09-19
6490,Sophia,Lee,sophia.lee.6490@inbox.com,Sweden,2022-06-14
6491,Elijah,Williams,elijah.williams.6491@mail.com,France,2024-10-01
6492,Pari,Singh,pari.singh.6492@example.com,Spain,2025-02-18
6493,Emma,Nguyen,emma.nguyen.6493@webmail.net,Norway,2025-01-17
6494,Daniel,Chen,daniel.chen.6494@mail.com,Japan,2023-12-15
6495,Mason,Liu,mason.liu.6495@inbox.com,Netherlands,2024-03-13
6496,Anaya,Gupta,anaya.gupta.6496@mail.com,Italy,2024-12-23
6497,Aarav,Johnson,aarav.johnson.6497@mail.com,Singapore,2025-08-03
6498,James,Mehta,james.mehta.6498@example.com,Vietnam,2023-08-01
6499,Sai,Wang,sai.wang.6499@example.com,Sweden,2023-12-30
6500,Charlotte,Miller,charlotte.miller.6500@inbox.com,Germany,2025-04-25
6501,Shaurya,Kumar,shaurya.kumar.6501@inbox.com,Singapore,2025-06-30
6502,Noah,Martinez,noah.martinez.6502@webmail.net,South Korea,2024-08-25
6503,Henry,Martinez,henry.martinez.6503@webmail.net,USA,2022-08-26
6504,Anika,Khan,anika.khan.6504@mail.com,Italy,2022-12-08
6505,Lucas,Gupta,lucas.gupta.6505@company.org,Italy,2024-02-20
6506,James,Sharma,james.sharma.6506@mail.com,Germany,2022-12-21
6507,Lucas,Park,lucas.park.6507@example.com,Denmark,2022-02-25
6508,Isabella,Brown,isabella.brown.6508@company.org,Japan,2024-09-02
6509,Ethan,Patel,ethan.patel.6509@company.org,Vietnam,2023-03-12
6510,Mia,Jones,mia.jones.6510@inbox.com,Denmark,2024-12-28
6511,Sara,Reddy,sara.reddy.6511@webmail.net,South Africa,2023-10-16
6512,Amelia,Brown,amelia.brown.6512@mail.com,Mexico,2024-07-10
6513,Evelyn,Reddy,evelyn.reddy.6513@company.org,Norway,2024-08-27
6514,Aditya,Liu,aditya.liu.6514@mail.com,Italy,2023-12-20
6515,Harper,Reddy,harper.reddy.6515@company.org,UAE,2022-04-11
6516,Liam,Garcia,liam.garcia.6516@example.com,Poland,2024-05-16
6517,James,Das,james.das.6517@company.org,UAE,2024-08-03
6518,Ava,Singh,ava.singh.6518@company.org,Singapore,2022-11-23
6519,Harper,Menon,harper.menon.6519@company.org,Norway,2023-11-20
6520,Mason,Mehta,mason.mehta.6520@example.com,Sweden,2025-08-30
6521,Shaurya,Sharma,shaurya.sharma.6521@webmail.net,Vietnam,2023-09-12
6522,Sai,Khan,sai.khan.6522@company.org,Brazil,2023-09-13
6523,Reyansh,Singh,reyansh.singh.6523@company.org,United Kingdom,2022-02-13
6524,Noah,Nguyen,noah.nguyen.6524@company.org,Canada,2025-09-26
6525,Charlotte,Gupta,charlotte.gupta.6525@company.org,Germany,2024-10-02
6526,Charlotte,Miller,charlotte.miller.6526@webmail.net,South Africa,2025-08-09
6527,Reyansh,Miller,reyansh.miller.6527@example.com,Germany,2024-10-04
6528,Amelia,Sharma,amelia.sharma.6528@webmail.net,Singapore,2025-01-16
6529,Benjamin,Patel,benjamin.patel.6529@example.com,United Kingdom,2023-12-08
6530,James,Khan,james.khan.6530@webmail.net,Brazil,2025-04-25
6531,Shaurya,Martinez,shaurya.martinez.6531@mail.com,Norway,2023-08-26
6532,Henry,Lopez,henry.lopez.6532@mail.com,Brazil,2023-03-04
6533,Harper,Park,harper.park.6533@inbox.com,Spain,2024-08-01
6534,Mia,Bose,mia.bose.6534@mail.com,India,2025-01-13
6535,Liam,Patel,liam.patel.6535@webmail.net,Spain,2023-05-25
6536,Mia,Miller,mia.miller.6536@webmail.net,Poland,2025-09-01
6537,Evelyn,Wang,evelyn.wang.6537@mail.com,Philippines,2022-10-24
6538,Noah,Smith,noah.smith.6538@webmail.net,Indonesia,2022-01-21
6539,Amelia,Jones,amelia.jones.6539@example.com,Brazil,2025-04-04
6540,Aanya,Liu,aanya.liu.6540@mail.com,Vietnam,2022-06-05
6541,Liam,Brown,liam.brown.6541@example.com,Mexico,2024-11-24
6542,Liam,Jones,liam.jones.6542@example.com,Vietnam,2023-07-10
6543,Ishaan,Kim,ishaan.kim.6543@company.org,Canada,2024-01-14
6544,Daniel,Lopez,daniel.lopez.6544@mail.com,Vietnam,2024-03-13
6545,Zara,Lee,zara.lee.6545@inbox.com,Japan,2022-03-11
6546,Aisha,Smith,aisha.smith.6546@company.org,Sweden,2022-11-22
6547,Reyansh,Reddy,reyansh.reddy.6547@example.com,South Korea,2023-04-25
6548,Lucas,Patel,lucas.patel.6548@example.com,South Africa,2025-03-15
6549,Shaurya,Bose,shaurya.bose.6549@inbox.com,Brazil,2025-08-14
6550,Vihaan,Mehta,vihaan.mehta.6550@company.org,Singapore,2023-11-21
6551,Muhammad,Brown,muhammad.brown.6551@webmail.net,South Africa,2025-06-26
6552,Charlotte,Lopez,charlotte.lopez.6552@example.com,Canada,2024-06-24
6553,Ethan,Kumar,ethan.kumar.6553@company.org,Italy,2023-11-25
6554,Charlotte,Patel,charlotte.patel.6554@mail.com,Germany,2024-09-19
6555,Aisha,Wang,aisha.wang.6555@inbox.com,South Africa,2023-07-09
6556,Isabella,Miller,isabella.miller.6556@inbox.com,South Korea,2023-10-03
6557,Lucas,Martinez,lucas.martinez.6557@example.com,South Korea,2025-03-28
6558,Pari,Liu,pari.liu.6558@webmail.net,Spain,2023-04-09
6559,Vivaan,Reddy,vivaan.reddy.6559@mail.com,Spain,2022-07-29
6560,Daniel,Brown,daniel.brown.6560@mail.com,Netherlands,2025-03-24
6561,Amelia,Miller,amelia.miller.6561@mail.com,Vietnam,2025-09-11
6562,Muhammad,Smith,muhammad.smith.6562@webmail.net,Denmark,2023-07-23
6563,Ethan,Lee,ethan.lee.6563@company.org,France,2024-12-28
6564,Shaurya,Park,shaurya.park.6564@mail.com,Italy,2022-06-12
6565,Harper,Johnson,harper.johnson.6565@mail.com,Norway,2025-01-08
6566,Aditya,Khan,aditya.khan.6566@example.com,Denmark,2023-05-30
6567,Henry,Smith,henry.smith.6567@inbox.com,Indonesia,2024-09-25
6568,Aanya,Liu,aanya.liu.6568@mail.com,Brazil,2022-09-29
6569,Aisha,Reddy,aisha.reddy.6569@inbox.com,Singapore,2022-04-18
6570,Henry,Smith,henry.smith.6570@inbox.com,South Africa,2024-04-15
6571,Anika,Martinez,anika.martinez.6571@webmail.net,Spain,2022-02-07
6572,Mia,Bose,mia.bose.6572@inbox.com,Australia,2023-03-30
6573,Ava,Zhang,ava.zhang.6573@inbox.com,Netherlands,2023-08-27
6574,Diya,Nguyen,diya.nguyen.6574@inbox.com,United Kingdom,2025-02-28
6575,Elijah,Smith,elijah.smith.6575@inbox.com,Norway,2024-10-07
6576,Sai,Bose,sai.bose.6576@webmail.net,South Africa,2023-02-20
6577,Daniel,Gupta,daniel.gupta.6577@example.com,Spain,2023-11-18
6578,Aarav,Brown,aarav.brown.6578@mail.com,USA,2022-09-15
6579,Arjun,Miller,arjun.miller.6579@example.com,Vietnam,2023-09-21
6580,Elijah,Davis,elijah.davis.6580@inbox.com,Canada,2022-06-03
6581,Pari,Wang,pari.wang.6581@inbox.com,South Korea,2024-11-03
6582,Lucas,Johnson,lucas.johnson.6582@example.com,Indonesia,2024-12-31
6583,James,Menon,james.menon.6583@mail.com,Norway,2024-12-14
6584,Amelia,Wang,amelia.wang.6584@inbox.com,Italy,2022-02-10
6585,Ishaan,Martinez,ishaan.martinez.6585@mail.com,Philippines,2024-04-12
6586,Sophia,Das,sophia.das.6586@mail.com,Vietnam,2022-11-09
6587,Vivaan,Wang,vivaan.wang.6587@webmail.net,Germany,2025-08-17
6588,Olivia,Bose,olivia.bose.6588@example.com,Philippines,2024-06-12
6589,James,Johnson,james.johnson.6589@mail.com,Indonesia,2022-07-01
6590,Henry,Kumar,henry.kumar.6590@webmail.net,Australia,2023-08-09
6591,Ethan,Jones,ethan.jones.6591@company.org,United Kingdom,2025-03-05
6592,Ava,Williams,ava.williams.6592@webmail.net,Spain,2022-05-02
6593,Aarav,Khan,aarav.khan.6593@webmail.net,Mexico,2023-01-09
6594,Zara,Singh,zara.singh.6594@mail.com,India,2025-05-17
6595,Ishaan,Khan,ishaan.khan.6595@mail.com,Vietnam,2023-02-22
6596,Daniel,Martinez,daniel.martinez.6596@example.com,Norway,2022-04-23
6597,Anaya,Nguyen,anaya.nguyen.6597@webmail.net,Italy,2024-05-10
6598,Pari,Kumar,pari.kumar.6598@webmail.net,Spain,2023-07-11
6599,Daniel,Nguyen,daniel.nguyen.6599@example.com,USA,2024-01-07
6600,Ethan,Lopez,ethan.lopez.6600@inbox.com,Canada,2022-08-21
6601,Aisha,Menon,aisha.menon.6601@example.com,Singapore,2023-03-03
6602,Mira,Sharma,mira.sharma.6602@mail.com,Poland,2022-11-25
6603,Anika,Chen,anika.chen.6603@example.com,UAE,2023-12-13
6604,Aisha,Zhang,aisha.zhang.6604@inbox.com,Singapore,2023-11-06
6605,Aisha,Khan,aisha.khan.6605@example.com,Singapore,2022-06-20
6606,Henry,Johnson,henry.johnson.6606@webmail.net,Brazil,2025-03-13
6607,Ishaan,Johnson,ishaan.johnson.6607@example.com,Australia,2024-05-31
6608,James,Wang,james.wang.6608@webmail.net,UAE,2024-08-09
6609,Noah,Smith,noah.smith.6609@mail.com,Denmark,2024-09-20
6610,Diya,Garcia,diya.garcia.6610@webmail.net,Vietnam,2023-08-07
6611,Sara,Wang,sara.wang.6611@inbox.com,Canada,2024-08-02
6612,Aditya,Sharma,aditya.sharma.6612@company.org,Australia,2023-05-18
6613,Aarav,Singh,aarav.singh.6613@inbox.com,Philippines,2023-06-18
6614,Arjun,Nguyen,arjun.nguyen.6614@mail.com,Philippines,2025-07-16
6615,Zara,Chen,zara.chen.6615@inbox.com,South Korea,2025-09-21
6616,Henry,Johnson,henry.johnson.6616@mail.com,Netherlands,2022-10-08
6617,Charlotte,Bose,charlotte.bose.6617@mail.com,Norway,2024-06-08
6618,Aarav,Das,aarav.das.6618@mail.com,Netherlands,2022-12-29
6619,Arjun,Menon,arjun.menon.6619@inbox.com,UAE,2023-08-11
6620,Sai,Smith,sai.smith.6620@webmail.net,Vietnam,2023-03-31
6621,James,Liu,james.liu.6621@mail.com,Australia,2023-07-10
6622,Sai,Gupta,sai.gupta.6622@company.org,Japan,2023-12-13
6623,Evelyn,Miller,evelyn.miller.6623@company.org,Italy,2025-07-03
6624,Liam,Mehta,liam.mehta.6624@mail.com,Canada,2025-09-21
6625,Aarav,Das,aarav.das.6625@company.org,USA,2023-05-16
6626,Mira,Iyer,mira.iyer.6626@webmail.net,Italy,2024-10-07
6627,Isabella,Williams,isabella.williams.6627@company.org,United Kingdom,2022-10-29
6628,Vihaan,Lee,vihaan.lee.6628@inbox.com,Sweden,2024-02-19
6629,Vihaan,Patel,vihaan.patel.6629@company.org,United Kingdom,2024-01-17
6630,Anika,Reddy,anika.reddy.6630@mail.com,South Korea,2024-06-23
6631,Sai,Brown,sai.brown.6631@example.com,Canada,2023-01-24
6632,Pari,Williams,pari.williams.6632@company.org,Netherlands,2023-10-03
6633,Aanya,Kim,aanya.kim.6633@example.com,United Kingdom,2024-01-25
6634,Henry,Reddy,henry.reddy.6634@webmail.net,Norway,2022-06-01
6635,Aditya,Lopez,aditya.lopez.6635@webmail.net,Vietnam,2024-09-07
6636,Evelyn,Brown,evelyn.brown.6636@inbox.com,Spain,2022-07-20
6637,Noah,Chen,noah.chen.6637@example.com,Italy,2023-09-24
6638,Henry,Kim,henry.kim.6638@mail.com,USA,2025-09-03
6639,Isabella,Liu,isabella.liu.6639@mail.com,Denmark,2023-01-15
6640,Arjun,Smith,arjun.smith.6640@mail.com,Japan,2025-01-02
6641,Kiara,Sharma,kiara.sharma.6641@example.com,Singapore,2022-03-24
6642,Diya,Mehta,diya.mehta.6642@mail.com,India,2024-02-20
6643,Isabella,Zhang,isabella.zhang.6643@inbox.com,Mexico,2024-12-16
6644,Vivaan,Park,vivaan.park.6644@mail.com,Mexico,2022-09-19
6645,Mira,Nguyen,mira.nguyen.6645@example.com,United Kingdom,2023-03-26
6646,Shaurya,Sharma,shaurya.sharma.6646@webmail.net,Singapore,2024-01-17
6647,Aditya,Gupta,aditya.gupta.6647@example.com,Mexico,2023-02-02
6648,Liam,Nguyen,liam.nguyen.6648@company.org,Denmark,2022-08-09
6649,Vivaan,Gupta,vivaan.gupta.6649@webmail.net,Singapore,2023-01-24
6650,Anaya,Zhang,anaya.zhang.6650@company.org,Philippines,2022-08-07
6651,Ishaan,Khan,ishaan.khan.6651@inbox.com,Germany,2022-02-28
6652,Aditya,Brown,aditya.brown.6652@company.org,Brazil,2022-07-22
6653,Diya,Park,diya.park.6653@example.com,France,2023-08-02
6654,Ava,Khan,ava.khan.6654@example.com,South Africa,2022-05-29
6655,Daniel,Chen,daniel.chen.6655@example.com,India,2022-06-26
6656,Anaya,Menon,anaya.menon.6656@inbox.com,Norway,2022-11-21
6657,Pari,Martinez,pari.martinez.6657@mail.com,United Kingdom,2022-12-20
6658,Diya,Smith,diya.smith.6658@company.org,France,2023-08-12
6659,Muhammad,Wang,muhammad.wang.6659@mail.com,Australia,2023-01-13
6660,Benjamin,Menon,benjamin.menon.6660@webmail.net,Mexico,2024-11-21
6661,Mira,Brown,mira.brown.6661@mail.com,Germany,2023-04-18
6662,Diya,Miller,diya.miller.6662@inbox.com,Singapore,2025-04-15
6663,Aisha,Lopez,aisha.lopez.6663@webmail.net,Italy,2025-05-16
6664,Aarav,Singh,aarav.singh.6664@company.org,Japan,2024-03-06
6665,Isabella,Williams,isabella.williams.6665@inbox.com,Australia,2022-09-28
6666,Vihaan,Nguyen,vihaan.nguyen.6666@inbox.com,Denmark,2023-01-20
6667,Isabella,Chen,isabella.chen.6667@webmail.net,Italy,2024-08-29
6668,Anika,Menon,anika.menon.6668@company.org,Vietnam,2024-05-04
6669,Emma,Singh,emma.singh.6669@webmail.net,Poland,2025-07-13
6670,Pari,Smith,pari.smith.6670@example.com,Singapore,2023-06-04
6671,Diya,Johnson,diya.johnson.6671@inbox.com,Singapore,2025-06-18
6672,Noah,Martinez,noah.martinez.6672@inbox.com,Canada,2024-01-28
6673,Ava,Singh,ava.singh.6673@mail.com,UAE,2025-09-17
6674,Harper,Patel,harper.patel.6674@webmail.net,Poland,2023-10-09
6675,Aisha,Gupta,aisha.gupta.6675@webmail.net,Japan,2025-04-30
6676,Emma,Iyer,emma.iyer.6676@webmail.net,Brazil,2025-08-11
6677,James,Lee,james.lee.6677@mail.com,UAE,2023-03-25
6678,Ethan,Chen,ethan.chen.6678@webmail.net,Japan,2023-11-06
6679,Liam,Park,liam.park.6679@inbox.com,Brazil,2022-11-20
6680,Henry,Martinez,henry.martinez.6680@webmail.net,Indonesia,2022-07-17
6681,Elijah,Davis,elijah.davis.6681@mail.com,Mexico,2022-08-28
6682,Mira,Mehta,mira.mehta.6682@webmail.net,Indonesia,2024-02-07
6683,James,Khan,james.khan.6683@example.com,South Korea,2023-06-11
6684,Lucas,Reddy,lucas.reddy.6684@webmail.net,France,2025-09-03
6685,Mason,Mehta,mason.mehta.6685@company.org,Philippines,2022-12-15
6686,Liam,Menon,liam.menon.6686@inbox.com,Australia,2023-10-01
6687,Henry,Brown,henry.brown.6687@webmail.net,Sweden,2023-01-18
6688,Elijah,Sharma,elijah.sharma.6688@example.com,Spain,2023-09-03
6689,Charlotte,Khan,charlotte.khan.6689@company.org,South Korea,2024-01-01
6690,James,Kim,james.kim.6690@company.org,Brazil,2024-08-03
6691,Charlotte,Wang,charlotte.wang.6691@example.com,Vietnam,2023-10-08
6692,Reyansh,Smith,reyansh.smith.6692@company.org,Brazil,2022-05-10
6693,Reyansh,Johnson,reyansh.johnson.6693@mail.com,Sweden,2024-12-15
6694,Mia,Reddy,mia.reddy.6694@mail.com,USA,2022-02-05
6695,Amelia,Wang,amelia.wang.6695@webmail.net,Australia,2022-07-23
6696,Ava,Patel,ava.patel.6696@mail.com,Netherlands,2025-04-18
6697,Aarav,Gupta,aarav.gupta.6697@company.org,Japan,2024-08-11
6698,Isabella,Liu,isabella.liu.6698@company.org,Netherlands,2025-01-10
6699,Vivaan,Davis,vivaan.davis.6699@webmail.net,Germany,2025-02-10
6700,Zara,Martinez,zara.martinez.6700@example.com,Australia,2022-07-24
6701,Muhammad,Das,muhammad.das.6701@mail.com,Singapore,2024-07-08
6702,Aisha,Wang,aisha.wang.6702@webmail.net,Italy,2022-10-13
6703,Liam,Kim,liam.kim.6703@mail.com,Japan,2025-03-09
6704,James,Liu,james.liu.6704@mail.com,South Africa,2023-08-27
6705,Mira,Smith,mira.smith.6705@mail.com,Singapore,2025-06-21
6706,Kiara,Lopez,kiara.lopez.6706@webmail.net,United Kingdom,2022-08-04
6707,James,Zhang,james.zhang.6707@inbox.com,Denmark,2022-01-18
6708,Anaya,Johnson,anaya.johnson.6708@inbox.com,Denmark,2024-02-25
6709,Sai,Park,sai.park.6709@mail.com,United Kingdom,2024-09-24
6710,Mason,Lee,mason.lee.6710@inbox.com,Singapore,2024-05-31
6711,Mia,Reddy,mia.reddy.6711@webmail.net,Poland,2023-12-03
6712,Vivaan,Williams,vivaan.williams.6712@company.org,Vietnam,2022-12-15
6713,Anaya,Brown,anaya.brown.6713@company.org,Brazil,2022-06-22
6714,Aditya,Gupta,aditya.gupta.6714@example.com,Singapore,2022-09-21
6715,Olivia,Wang,olivia.wang.6715@example.com,Denmark,2022-06-26
6716,Sophia,Chen,sophia.chen.6716@mail.com,Indonesia,2024-05-31
6717,Benjamin,Menon,benjamin.menon.6717@company.org,Philippines,2022-02-22
6718,Sai,Mehta,sai.mehta.6718@mail.com,Brazil,2023-02-27
6719,Zara,Mehta,zara.mehta.6719@webmail.net,Netherlands,2025-07-18
6720,Lucas,Park,lucas.park.6720@inbox.com,Australia,2024-04-08
6721,Reyansh,Das,reyansh.das.6721@company.org,India,2024-04-27
6722,Sara,Reddy,sara.reddy.6722@example.com,Philippines,2022-04-21
6723,Isabella,Garcia,isabella.garcia.6723@mail.com,Poland,2022-02-28
6724,Arjun,Menon,arjun.menon.6724@example.com,Norway,2022-06-11
6725,Sophia,Sharma,sophia.sharma.6725@company.org,South Korea,2024-10-13
6726,James,Park,james.park.6726@example.com,Vietnam,2025-04-13
6727,Vivaan,Patel,vivaan.patel.6727@mail.com,South Korea,2022-03-02
6728,Shaurya,Miller,shaurya.miller.6728@webmail.net,Norway,2025-08-18
6729,Mason,Bose,mason.bose.6729@webmail.net,United Kingdom,2024-04-25
6730,Aditya,Nguyen,aditya.nguyen.6730@company.org,Canada,2024-07-24
6731,Aditya,Iyer,aditya.iyer.6731@mail.com,South Korea,2022-07-09
6732,Kiara,Menon,kiara.menon.6732@inbox.com,Sweden,2023-04-15
6733,Henry,Menon,henry.menon.6733@example.com,Germany,2022-11-22
6734,Liam,Mehta,liam.mehta.6734@webmail.net,Canada,2022-04-06
6735,Lucas,Martinez,lucas.martinez.6735@example.com,Vietnam,2024-01-25
6736,James,Gupta,james.gupta.6736@company.org,Australia,2023-08-17
6737,Vihaan,Reddy,vihaan.reddy.6737@webmail.net,Mexico,2022-06-03
6738,Sai,Wang,sai.wang.6738@example.com,Netherlands,2022-11-12
6739,Ishaan,Wang,ishaan.wang.6739@example.com,Indonesia,2024-06-24
6740,Aisha,Bose,aisha.bose.6740@mail.com,USA,2023-04-17
6741,Mia,Park,mia.park.6741@mail.com,USA,2024-03-19
6742,Henry,Wang,henry.wang.6742@example.com,South Africa,2023-03-26
6743,Sai,Gupta,sai.gupta.6743@company.org,Germany,2023-12-15
6744,Aisha,Brown,aisha.brown.6744@webmail.net,Germany,2024-12-19
6745,Arjun,Chen,arjun.chen.6745@mail.com,Poland,2023-11-09
6746,Lucas,Zhang,lucas.zhang.6746@inbox.com,Sweden,2024-02-02
6747,Ava,Das,ava.das.6747@mail.com,Spain,2024-07-29
6748,Arjun,Iyer,arjun.iyer.6748@example.com,Norway,2022-02-28
6749,Amelia,Das,amelia.das.6749@example.com,Poland,2024-10-18
6750,Ava,Gupta,ava.gupta.6750@inbox.com,Denmark,2022-09-21
6751,Anika,Kim,anika.kim.6751@example.com,Germany,2023-06-26
6752,Mira,Kumar,mira.kumar.6752@example.com,India,2025-01-07
6753,Anika,Reddy,anika.reddy.6753@mail.com,Mexico,2023-05-30
6754,Vihaan,Williams,vihaan.williams.6754@webmail.net,Poland,2024-10-25
6755,Diya,Johnson,diya.johnson.6755@webmail.net,Canada,2024-05-01
6756,Sara,Liu,sara.liu.6756@inbox.com,UAE,2022-09-17
6757,Liam,Singh,liam.singh.6757@webmail.net,South Africa,2025-02-22
6758,Aisha,Kumar,aisha.kumar.6758@example.com,Canada,2022-08-04
6759,Emma,Das,emma.das.6759@example.com,Netherlands,2025-01-04
6760,Mia,Martinez,mia.martinez.6760@company.org,Norway,2024-12-30
6761,Daniel,Menon,daniel.menon.6761@company.org,Sweden,2023-07-12
6762,Isabella,Johnson,isabella.johnson.6762@inbox.com,Poland,2024-02-27
6763,Elijah,Lopez,elijah.lopez.6763@example.com,Brazil,2022-02-17
6764,Emma,Gupta,emma.gupta.6764@inbox.com,Denmark,2023-11-04
6765,Ethan,Smith,ethan.smith.6765@webmail.net,Vietnam,2022-11-20
6766,Emma,Smith,emma.smith.6766@inbox.com,Sweden,2022-08-15
6767,Diya,Jones,diya.jones.6767@example.com,South Africa,2023-12-09
6768,Shaurya,Johnson,shaurya.johnson.6768@mail.com,Singapore,2025-03-27
6769,Emma,Johnson,emma.johnson.6769@example.com,UAE,2023-02-07
6770,Ava,Zhang,ava.zhang.6770@webmail.net,USA,2022-02-05
6771,Aditya,Reddy,aditya.reddy.6771@inbox.com,South Korea,2022-06-22
6772,Pari,Sharma,pari.sharma.6772@company.org,Singapore,2024-10-04
6773,Mason,Zhang,mason.zhang.6773@inbox.com,France,2022-03-04
6774,Harper,Jones,harper.jones.6774@example.com,United Kingdom,2022-01-06
6775,Mason,Williams,mason.williams.6775@company.org,Norway,2022-04-02
6776,Zara,Wang,zara.wang.6776@webmail.net,United Kingdom,2022-07-30
6777,Charlotte,Khan,charlotte.khan.6777@webmail.net,USA,2023-09-26
6778,Aanya,Mehta,aanya.mehta.6778@example.com,Sweden,2022-07-09
6779,Olivia,Zhang,olivia.zhang.6779@mail.com,Vietnam,2022-08-06
6780,Pari,Khan,pari.khan.6780@mail.com,Norway,2022-10-09
6781,Diya,Davis,diya.davis.6781@inbox.com,Germany,2022-01-21
6782,Charlotte,Menon,charlotte.menon.6782@inbox.com,Netherlands,2025-09-07
6783,Shaurya,Miller,shaurya.miller.6783@inbox.com,Australia,2024-07-30
6784,James,Lopez,james.lopez.6784@example.com,South Korea,2022-01-03
6785,Zara,Reddy,zara.reddy.6785@company.org,India,2023-02-21
6786,Ethan,Lopez,ethan.lopez.6786@mail.com,United Kingdom,2023-08-03
6787,Reyansh,Lee,reyansh.lee.6787@mail.com,United Kingdom,2023-06-24
6788,Vivaan,Liu,vivaan.liu.6788@mail.com,Mexico,2023-05-11
6789,Ethan,Bose,ethan.bose.6789@mail.com,Germany,2025-04-05
6790,Evelyn,Martinez,evelyn.martinez.6790@example.com,Germany,2025-05-14
6791,Isabella,Das,isabella.das.6791@inbox.com,United Kingdom,2024-01-31
6792,Henry,Patel,henry.patel.6792@webmail.net,Poland,2024-03-25
6793,Anika,Sharma,anika.sharma.6793@company.org,Germany,2022-01-27
6794,Arjun,Sharma,arjun.sharma.6794@example.com,South Korea,2024-08-24
6795,Mira,Bose,mira.bose.6795@inbox.com,Indonesia,2023-01-12
6796,Aisha,Reddy,aisha.reddy.6796@inbox.com,Poland,2025-09-15
6797,Ishaan,Wang,ishaan.wang.6797@example.com,Sweden,2024-10-15
6798,Sara,Das,sara.das.6798@company.org,Netherlands,2023-09-29
6799,Mia,Das,mia.das.6799@mail.com,Philippines,2024-05-05
6800,Aditya,Singh,aditya.singh.6800@company.org,Canada,2024-11-13
6801,Henry,Bose,henry.bose.6801@mail.com,Poland,2022-02-05
6802,Ava,Iyer,ava.iyer.6802@webmail.net,UAE,2024-05-18
6803,Vivaan,Park,vivaan.park.6803@webmail.net,Brazil,2024-05-17
6804,James,Chen,james.chen.6804@mail.com,United Kingdom,2022-06-01
6805,Pari,Liu,pari.liu.6805@company.org,Vietnam,2025-01-31
6806,Ethan,Menon,ethan.menon.6806@webmail.net,Brazil,2024-07-15
6807,Elijah,Sharma,elijah.sharma.6807@inbox.com,Mexico,2024-05-08
6808,Liam,Smith,liam.smith.6808@inbox.com,Netherlands,2024-07-09
6809,Elijah,Das,elijah.das.6809@example.com,Indonesia,2024-04-26
6810,Zara,Singh,zara.singh.6810@example.com,Denmark,2025-07-19
6811,Mason,Lopez,mason.lopez.6811@company.org,Spain,2024-09-17
6812,Vihaan,Lee,vihaan.lee.6812@inbox.com,South Korea,2022-08-27
6813,Evelyn,Lopez,evelyn.lopez.6813@webmail.net,Norway,2022-01-23
6814,Ava,Reddy,ava.reddy.6814@example.com,Philippines,2023-08-27
6815,Noah,Williams,noah.williams.6815@mail.com,Italy,2022-12-29
6816,Ethan,Chen,ethan.chen.6816@inbox.com,Japan,2023-11-21
6817,Aditya,Reddy,aditya.reddy.6817@inbox.com,Singapore,2022-08-12
6818,Ethan,Williams,ethan.williams.6818@mail.com,Canada,2023-10-12
6819,Henry,Reddy,henry.reddy.6819@company.org,South Korea,2024-05-07
6820,Vihaan,Khan,vihaan.khan.6820@mail.com,UAE,2024-09-13
6821,Vivaan,Miller,vivaan.miller.6821@mail.com,Japan,2024-01-14
6822,Sophia,Lopez,sophia.lopez.6822@mail.com,Poland,2024-09-21
6823,Daniel,Zhang,daniel.zhang.6823@inbox.com,Singapore,2023-02-23
6824,Aisha,Jones,aisha.jones.6824@mail.com,Netherlands,2023-05-17
6825,Aarav,Davis,aarav.davis.6825@mail.com,South Korea,2023-01-09
6826,Shaurya,Kumar,shaurya.kumar.6826@mail.com,Japan,2022-11-27
6827,Aisha,Miller,aisha.miller.6827@example.com,USA,2023-03-02
6828,Sai,Jones,sai.jones.6828@mail.com,Indonesia,2023-04-24
6829,Muhammad,Nguyen,muhammad.nguyen.6829@inbox.com,Mexico,2023-01-19
6830,Sophia,Lopez,sophia.lopez.6830@inbox.com,United Kingdom,2024-04-10
6831,Noah,Brown,noah.brown.6831@inbox.com,Italy,2025-08-06
6832,James,Bose,james.bose.6832@webmail.net,USA,2022-09-28
6833,Amelia,Martinez,amelia.martinez.6833@example.com,Singapore,2022-09-09
6834,Zara,Singh,zara.singh.6834@webmail.net,UAE,2022-04-06
6835,Anika,Chen,anika.chen.6835@mail.com,Australia,2024-10-17
6836,Shaurya,Lopez,shaurya.lopez.6836@company.org,Mexico,2023-03-29
6837,Olivia,Singh,olivia.singh.6837@example.com,Brazil,2023-05-16
6838,Charlotte,Bose,charlotte.bose.6838@company.org,Germany,2023-08-24
6839,Pari,Patel,pari.patel.6839@example.com,Japan,2025-07-10
6840,Ishaan,Lopez,ishaan.lopez.6840@webmail.net,Spain,2022-10-13
6841,Daniel,Lopez,daniel.lopez.6841@webmail.net,Canada,2022-09-03
6842,Reyansh,Garcia,reyansh.garcia.6842@mail.com,South Korea,2024-07-21
6843,Ishaan,Liu,ishaan.liu.6843@example.com,Germany,2023-04-15
6844,Sai,Williams,sai.williams.6844@company.org,Italy,2025-04-09
6845,Diya,Kumar,diya.kumar.6845@inbox.com,United Kingdom,2024-11-29
6846,Anika,Martinez,anika.martinez.6846@webmail.net,France,2023-08-18
6847,Benjamin,Mehta,benjamin.mehta.6847@example.com,Netherlands,2023-09-08
6848,Pari,Khan,pari.khan.6848@example.com,UAE,2022-12-01
6849,Muhammad,Liu,muhammad.liu.6849@company.org,Brazil,2022-09-01
6850,Harper,Patel,harper.patel.6850@company.org,South Korea,2025-04-27
6851,Olivia,Sharma,olivia.sharma.6851@mail.com,France,2022-03-12
6852,Mason,Gupta,mason.gupta.6852@company.org,Vietnam,2022-03-17
6853,Reyansh,Martinez,reyansh.martinez.6853@mail.com,Brazil,2022-11-25
6854,Emma,Lopez,emma.lopez.6854@webmail.net,Brazil,2024-07-27
6855,Amelia,Reddy,amelia.reddy.6855@example.com,Poland,2022-01-04
6856,Vihaan,Kim,vihaan.kim.6856@mail.com,USA,2025-01-05
6857,James,Kim,james.kim.6857@webmail.net,Mexico,2022-06-04
6858,Ava,Khan,ava.khan.6858@inbox.com,France,2023-08-08
6859,Zara,Lee,zara.lee.6859@example.com,Netherlands,2024-03-09
6860,Emma,Smith,emma.smith.6860@inbox.com,Poland,2022-01-04
6861,Ethan,Martinez,ethan.martinez.6861@mail.com,Poland,2022-12-19
6862,Aarav,Das,aarav.das.6862@mail.com,UAE,2022-08-01
6863,Pari,Reddy,pari.reddy.6863@webmail.net,Singapore,2023-12-25
6864,Charlotte,Chen,charlotte.chen.6864@inbox.com,Canada,2023-05-30
6865,Ava,Das,ava.das.6865@inbox.com,Italy,2025-07-25
6866,Anika,Jones,anika.jones.6866@example.com,USA,2024-08-13
6867,Mira,Chen,mira.chen.6867@mail.com,UAE,2024-11-18
6868,Daniel,Lee,daniel.lee.6868@example.com,United Kingdom,2024-11-06
6869,Ethan,Garcia,ethan.garcia.6869@webmail.net,Spain,2025-01-10
6870,Isabella,Brown,isabella.brown.6870@inbox.com,India,2022-10-02
6871,Lucas,Kim,lucas.kim.6871@example.com,Spain,2022-07-14
6872,Vivaan,Wang,vivaan.wang.6872@mail.com,Denmark,2024-05-10
6873,Sai,Liu,sai.liu.6873@inbox.com,Indonesia,2024-01-11
6874,Henry,Patel,henry.patel.6874@example.com,Spain,2025-05-23
6875,Daniel,Patel,daniel.patel.6875@mail.com,Germany,2023-01-18
6876,Arjun,Park,arjun.park.6876@webmail.net,United Kingdom,2024-01-14
6877,Henry,Park,henry.park.6877@example.com,Italy,2023-08-24
6878,Lucas,Kim,lucas.kim.6878@mail.com,Spain,2023-06-05
6879,Anika,Khan,anika.khan.6879@mail.com,Germany,2024-11-28
6880,Amelia,Gupta,amelia.gupta.6880@inbox.com,Norway,2024-06-28
6881,Shaurya,Reddy,shaurya.reddy.6881@webmail.net,Germany,2025-06-25
6882,Evelyn,Nguyen,evelyn.nguyen.6882@company.org,South Korea,2023-07-26
6883,Mason,Iyer,mason.iyer.6883@example.com,Netherlands,2022-05-10
6884,Mira,Zhang,mira.zhang.6884@company.org,Germany,2023-04-30
6885,Kiara,Sharma,kiara.sharma.6885@example.com,India,2025-03-05
6886,Anika,Jones,anika.jones.6886@mail.com,Mexico,2024-06-04
6887,Charlotte,Martinez,charlotte.martinez.6887@mail.com,Indonesia,2025-09-19
6888,Anika,Lee,anika.lee.6888@example.com,Indonesia,2022-11-18
6889,Shaurya,Menon,shaurya.menon.6889@inbox.com,Spain,2024-07-20
6890,Harper,Zhang,harper.zhang.6890@webmail.net,Singapore,2024-08-09
6891,Anaya,Khan,anaya.khan.6891@company.org,Netherlands,2025-01-13
6892,Sara,Gupta,sara.gupta.6892@company.org,Netherlands,2022-11-10
6893,Amelia,Williams,amelia.williams.6893@company.org,Mexico,2022-04-22
6894,Noah,Kumar,noah.kumar.6894@company.org,Australia,2022-08-05
6895,Aditya,Gupta,aditya.gupta.6895@inbox.com,United Kingdom,2024-11-02
6896,Vivaan,Liu,vivaan.liu.6896@inbox.com,Singapore,2022-09-12
6897,Isabella,Johnson,isabella.johnson.6897@mail.com,South Korea,2023-11-01
6898,Ethan,Zhang,ethan.zhang.6898@inbox.com,Brazil,2022-04-09
6899,Shaurya,Garcia,shaurya.garcia.6899@inbox.com,France,2023-05-06
6900,Olivia,Iyer,olivia.iyer.6900@webmail.net,Brazil,2025-07-20
6901,Emma,Park,emma.park.6901@inbox.com,Singapore,2025-03-13
6902,Ava,Lopez,ava.lopez.6902@webmail.net,Netherlands,2023-02-09
6903,Evelyn,Jones,evelyn.jones.6903@inbox.com,Sweden,2024-07-03
6904,Isabella,Singh,isabella.singh.6904@inbox.com,France,2025-06-18
6905,Elijah,Das,elijah.das.6905@inbox.com,Indonesia,2025-07-14
6906,Muhammad,Sharma,muhammad.sharma.6906@webmail.net,South Korea,2024-08-29
6907,Ishaan,Brown,ishaan.brown.6907@webmail.net,USA,2024-06-17
6908,Ishaan,Martinez,ishaan.martinez.6908@inbox.com,Spain,2023-08-19
6909,Charlotte,Bose,charlotte.bose.6909@example.com,Mexico,2022-08-11
6910,Vihaan,Zhang,vihaan.zhang.6910@mail.com,Spain,2025-03-12
6911,Ethan,Kumar,ethan.kumar.6911@webmail.net,Spain,2022-10-06
6912,Benjamin,Iyer,benjamin.iyer.6912@inbox.com,Philippines,2024-12-26
6913,Vivaan,Lopez,vivaan.lopez.6913@company.org,Italy,2025-04-23
6914,Anaya,Menon,anaya.menon.6914@inbox.com,Vietnam,2025-09-08
6915,Ishaan,Reddy,ishaan.reddy.6915@company.org,Germany,2022-06-21
6916,Aisha,Williams,aisha.williams.6916@inbox.com,Vietnam,2022-01-07
6917,Diya,Khan,diya.khan.6917@inbox.com,Australia,2024-02-06
6918,Mia,Davis,mia.davis.6918@example.com,Indonesia,2023-03-22
6919,Olivia,Garcia,olivia.garcia.6919@company.org,Philippines,2023-12-22
6920,Ishaan,Smith,ishaan.smith.6920@company.org,United Kingdom,2023-03-29
6921,Vihaan,Jones,vihaan.jones.6921@mail.com,USA,2022-12-24
6922,Daniel,Miller,daniel.miller.6922@example.com,Germany,2023-03-31
6923,Ethan,Davis,ethan.davis.6923@mail.com,Vietnam,2025-04-17
6924,Anika,Mehta,anika.mehta.6924@mail.com,Italy,2024-12-13
6925,Vihaan,Bose,vihaan.bose.6925@inbox.com,Denmark,2023-05-07
6926,Arjun,Lee,arjun.lee.6926@webmail.net,Singapore,2023-09-14
6927,Ethan,Sharma,ethan.sharma.6927@mail.com,Singapore,2023-09-25
6928,Pari,Park,pari.park.6928@company.org,Germany,2023-10-25
6929,Kiara,Sharma,kiara.sharma.6929@example.com,United Kingdom,2022-08-03
6930,Shaurya,Sharma,shaurya.sharma.6930@company.org,India,2023-03-30
6931,Harper,Bose,harper.bose.6931@mail.com,Japan,2023-08-26
6932,Sara,Chen,sara.chen.6932@mail.com,Norway,2022-11-14
6933,Anaya,Williams,anaya.williams.6933@company.org,Italy,2023-08-15
6934,Vivaan,Wang,vivaan.wang.6934@mail.com,Sweden,2024-12-09
6935,Charlotte,Lopez,charlotte.lopez.6935@webmail.net,Singapore,2025-01-29
6936,Sai,Lee,sai.lee.6936@webmail.net,Australia,2022-01-14
6937,Noah,Kim,noah.kim.6937@inbox.com,Vietnam,2024-07-31
6938,Mira,Kumar,mira.kumar.6938@company.org,Spain,2022-07-26
6939,Vivaan,Davis,vivaan.davis.6939@webmail.net,UAE,2023-03-11
6940,Elijah,Lee,elijah.lee.6940@example.com,India,2025-09-08
6941,Kiara,Khan,kiara.khan.6941@company.org,Japan,2023-07-29
6942,Sai,Bose,sai.bose.6942@mail.com,Denmark,2023-08-05
6943,Vihaan,Liu,vihaan.liu.6943@example.com,South Africa,2022-05-01
6944,Reyansh,Kumar,reyansh.kumar.6944@inbox.com,Mexico,2023-09-01
6945,Muhammad,Garcia,muhammad.garcia.6945@company.org,UAE,2025-01-16
6946,Vihaan,Davis,vihaan.davis.6946@mail.com,India,2024-03-24
6947,Harper,Martinez,harper.martinez.6947@example.com,South Africa,2023-03-21
6948,Sara,Kim,sara.kim.6948@example.com,Canada,2023-03-14
6949,Vihaan,Menon,vihaan.menon.6949@example.com,Brazil,2023-06-26
6950,Sophia,Johnson,sophia.johnson.6950@inbox.com,Sweden,2022-04-28
6951,Anaya,Liu,anaya.liu.6951@mail.com,Mexico,2024-03-22
6952,Reyansh,Menon,reyansh.menon.6952@mail.com,Sweden,2024-01-12
6953,Aisha,Jones,aisha.jones.6953@inbox.com,Mexico,2024-02-25
6954,Vihaan,Mehta,vihaan.mehta.6954@company.org,India,2024-09-19
6955,Aarav,Gupta,aarav.gupta.6955@company.org,Singapore,2023-05-09
6956,Ava,Das,ava.das.6956@example.com,Italy,2024-01-27
6957,Ethan,Davis,ethan.davis.6957@example.com,Japan,2022-05-22
6958,Benjamin,Patel,benjamin.patel.6958@webmail.net,Germany,2025-05-12
6959,Reyansh,Johnson,reyansh.johnson.6959@company.org,Poland,2024-12-13
6960,Henry,Kim,henry.kim.6960@mail.com,Indonesia,2024-01-22
6961,Reyansh,Williams,reyansh.williams.6961@example.com,Canada,2023-07-23
6962,Evelyn,Bose,evelyn.bose.6962@webmail.net,Singapore,2025-05-25
6963,Evelyn,Williams,evelyn.williams.6963@example.com,United Kingdom,2024-06-02
6964,Elijah,Garcia,elijah.garcia.6964@webmail.net,Singapore,2023-07-08
6965,James,Nguyen,james.nguyen.6965@company.org,Indonesia,2022-11-10
6966,Kiara,Singh,kiara.singh.6966@example.com,Spain,2024-01-11
6967,Aditya,Nguyen,aditya.nguyen.6967@example.com,Mexico,2023-06-02
6968,Charlotte,Mehta,charlotte.mehta.6968@mail.com,UAE,2023-02-02
6969,Olivia,Kim,olivia.kim.6969@example.com,Norway,2024-07-02
6970,Olivia,Williams,olivia.williams.6970@webmail.net,Mexico,2025-01-01
6971,Shaurya,Davis,shaurya.davis.6971@mail.com,UAE,2023-07-21
6972,Anika,Iyer,anika.iyer.6972@company.org,Denmark,2025-04-11
6973,Harper,Singh,harper.singh.6973@mail.com,South Korea,2023-08-26
6974,Sophia,Park,sophia.park.6974@example.com,Germany,2023-12-29
6975,Lucas,Brown,lucas.brown.6975@example.com,Norway,2022-04-14
6976,Noah,Davis,noah.davis.6976@webmail.net,Japan,2023-10-27
6977,Henry,Garcia,henry.garcia.6977@mail.com,Poland,2022-01-07
6978,Kiara,Sharma,kiara.sharma.6978@company.org,Germany,2023-06-14
6979,Anaya,Singh,anaya.singh.6979@mail.com,Italy,2024-01-15
6980,Ava,Williams,ava.williams.6980@company.org,Denmark,2025-06-14
6981,Pari,Menon,pari.menon.6981@example.com,Mexico,2024-09-18
6982,Emma,Wang,emma.wang.6982@example.com,Philippines,2022-09-13
6983,Liam,Khan,liam.khan.6983@inbox.com,Sweden,2023-04-11
6984,Isabella,Gupta,isabella.gupta.6984@example.com,Brazil,2025-06-02
6985,Charlotte,Jones,charlotte.jones.6985@example.com,Australia,2024-04-11
6986,Elijah,Bose,elijah.bose.6986@mail.com,Netherlands,2025-01-26
6987,Aarav,Kim,aarav.kim.6987@mail.com,Italy,2024-05-13
6988,Aanya,Garcia,aanya.garcia.6988@webmail.net,Netherlands,2023-12-10
6989,Muhammad,Gupta,muhammad.gupta.6989@inbox.com,Sweden,2022-08-06
6990,Liam,Khan,liam.khan.6990@webmail.net,Indonesia,2024-10-10
6991,Harper,Bose,harper.bose.6991@mail.com,Singapore,2022-01-02
6992,Benjamin,Patel,benjamin.patel.6992@webmail.net,USA,2022-05-09
6993,Shaurya,Reddy,shaurya.reddy.6993@mail.com,India,2025-01-17
6994,Zara,Khan,zara.khan.6994@inbox.com,Australia,2024-11-14
6995,Mira,Garcia,mira.garcia.6995@example.com,Australia,2023-06-26
6996,Lucas,Zhang,lucas.zhang.6996@webmail.net,Indonesia,2023-12-31
6997,Reyansh,Chen,reyansh.chen.6997@webmail.net,Poland,2022-07-06
6998,James,Martinez,james.martinez.6998@webmail.net,South Africa,2022-06-18
6999,Ava,Smith,ava.smith.6999@company.org,Indonesia,2023-11-06
7000,Olivia,Chen,olivia.chen.7000@webmail.net,Singapore,2025-04-10
7001,Mia,Williams,mia.williams.7001@example.com,South Korea,2024-08-01
7002,Daniel,Nguyen,daniel.nguyen.7002@webmail.net,Vietnam,2024-03-25
7003,Anika,Mehta,anika.mehta.7003@inbox.com,South Korea,2022-01-25
7004,Vivaan,Lopez,vivaan.lopez.7004@inbox.com,Indonesia,2022-08-25
7005,Aanya,Bose,aanya.bose.7005@mail.com,South Korea,2024-11-13
7006,Ava,Park,ava.park.7006@inbox.com,Indonesia,2022-11-01
7007,Mia,Lopez,mia.lopez.7007@mail.com,Australia,2022-07-17
7008,Sai,Martinez,sai.martinez.7008@inbox.com,Canada,2023-01-14
7009,Daniel,Lee,daniel.lee.7009@webmail.net,USA,2022-02-03
7010,Emma,Lee,emma.lee.7010@webmail.net,South Korea,2024-11-09
7011,Anika,Williams,anika.williams.7011@example.com,India,2023-06-04
7012,Amelia,Wang,amelia.wang.7012@company.org,South Africa,2022-06-27
7013,Sai,Bose,sai.bose.7013@example.com,Mexico,2025-03-03
7014,Reyansh,Patel,reyansh.patel.7014@webmail.net,Canada,2025-01-06
7015,Shaurya,Williams,shaurya.williams.7015@example.com,USA,2024-02-22
7016,Aditya,Khan,aditya.khan.7016@inbox.com,Singapore,2024-05-20
7017,Elijah,Lee,elijah.lee.7017@inbox.com,Australia,2025-08-05
7018,Mia,Bose,mia.bose.7018@company.org,Mexico,2023-12-09
7019,Henry,Bose,henry.bose.7019@mail.com,Australia,2023-05-10
7020,Mira,Miller,mira.miller.7020@mail.com,Sweden,2023-07-11
7021,Amelia,Kumar,amelia.kumar.7021@company.org,Canada,2022-10-18
7022,Reyansh,Das,reyansh.das.7022@webmail.net,Denmark,2024-01-04
7023,Elijah,Reddy,elijah.reddy.7023@webmail.net,Japan,2023-01-12
7024,Harper,Bose,harper.bose.7024@webmail.net,Spain,2025-08-18
7025,Mira,Park,mira.park.7025@mail.com,Brazil,2022-02-05
7026,Anaya,Reddy,anaya.reddy.7026@mail.com,Netherlands,2025-06-23
7027,Mason,Williams,mason.williams.7027@mail.com,UAE,2025-04-24
7028,Evelyn,Khan,evelyn.khan.7028@webmail.net,South Korea,2024-04-16
7029,Noah,Menon,noah.menon.7029@mail.com,Denmark,2025-01-24
7030,Amelia,Park,amelia.park.7030@inbox.com,Germany,2022-01-05
7031,Aditya,Wang,aditya.wang.7031@mail.com,India,2022-02-02
7032,Charlotte,Johnson,charlotte.johnson.7032@example.com,Vietnam,2022-05-15
7033,Aisha,Park,aisha.park.7033@webmail.net,Philippines,2025-05-12
7034,Vivaan,Brown,vivaan.brown.7034@company.org,Canada,2022-02-07
7035,Henry,Chen,henry.chen.7035@inbox.com,Mexico,2022-11-20
7036,Shaurya,Garcia,shaurya.garcia.7036@webmail.net,United Kingdom,2024-10-09
7037,Kiara,Nguyen,kiara.nguyen.7037@mail.com,India,2022-12-31
7038,Liam,Kumar,liam.kumar.7038@mail.com,Spain,2023-08-16
7039,Benjamin,Lee,benjamin.lee.7039@example.com,Australia,2022-05-19
7040,Vihaan,Patel,vihaan.patel.7040@example.com,Philippines,2024-07-04
7041,Vihaan,Miller,vihaan.miller.7041@company.org,Poland,2022-12-31
7042,Arjun,Davis,arjun.davis.7042@company.org,Italy,2022-06-27
7043,Aarav,Wang,aarav.wang.7043@company.org,South Korea,2022-03-11
7044,Diya,Miller,diya.miller.7044@mail.com,South Africa,2023-06-06
7045,Zara,Reddy,zara.reddy.7045@company.org,Mexico,2024-07-21
7046,Diya,Lopez,diya.lopez.7046@example.com,Vietnam,2024-08-23
7047,Pari,Patel,pari.patel.7047@mail.com,Japan,2024-09-10
7048,Ethan,Williams,ethan.williams.7048@example.com,Spain,2023-01-12
7049,Mason,Johnson,mason.johnson.7049@company.org,France,2024-09-25
7050,Vivaan,Miller,vivaan.miller.7050@mail.com,Canada,2022-08-01
7051,Isabella,Miller,isabella.miller.7051@inbox.com,Canada,2025-08-18
7052,Elijah,Das,elijah.das.7052@inbox.com,Italy,2025-04-09
7053,Mia,Zhang,mia.zhang.7053@inbox.com,USA,2025-01-20
7054,Pari,Reddy,pari.reddy.7054@example.com,Canada,2023-06-26
7055,Henry,Mehta,henry.mehta.7055@mail.com,Vietnam,2022-01-13
7056,Daniel,Williams,daniel.williams.7056@mail.com,Netherlands,2024-07-28
7057,Ethan,Lopez,ethan.lopez.7057@inbox.com,Sweden,2022-08-05
7058,Reyansh,Davis,reyansh.davis.7058@example.com,Denmark,2025-03-06
7059,Aisha,Khan,aisha.khan.7059@webmail.net,Vietnam,2024-07-31
7060,Pari,Garcia,pari.garcia.7060@inbox.com,Spain,2024-10-03
7061,Vivaan,Chen,vivaan.chen.7061@example.com,Philippines,2023-09-22
7062,Amelia,Williams,amelia.williams.7062@example.com,Netherlands,2024-03-01
7063,Amelia,Garcia,amelia.garcia.7063@mail.com,Singapore,2024-10-19
7064,Evelyn,Davis,evelyn.davis.7064@webmail.net,Australia,2023-01-02
7065,Isabella,Davis,isabella.davis.7065@inbox.com,Sweden,2022-02-08
7066,Sai,Nguyen,sai.nguyen.7066@webmail.net,South Africa,2025-09-27
7067,Aanya,Jones,aanya.jones.7067@mail.com,Singapore,2024-07-08
7068,Aanya,Singh,aanya.singh.7068@webmail.net,Spain,2023-11-07
7069,Ethan,Miller,ethan.miller.7069@company.org,Indonesia,2022-01-18
7070,Elijah,Lee,elijah.lee.7070@mail.com,Indonesia,2023-11-27
7071,Sophia,Reddy,sophia.reddy.7071@inbox.com,Singapore,2022-09-20
7072,Diya,Davis,diya.davis.7072@company.org,South Africa,2024-11-16
7073,Charlotte,Lopez,charlotte.lopez.7073@webmail.net,USA,2023-03-29
7074,James,Martinez,james.martinez.7074@inbox.com,Brazil,2024-05-28
7075,Charlotte,Gupta,charlotte.gupta.7075@inbox.com,Germany,2023-06-15
7076,Daniel,Garcia,daniel.garcia.7076@webmail.net,Netherlands,2022-08-25
7077,Isabella,Brown,isabella.brown.7077@webmail.net,Poland,2023-08-14
7078,Mira,Sharma,mira.sharma.7078@mail.com,Norway,2024-05-15
7079,Emma,Nguyen,emma.nguyen.7079@example.com,Norway,2023-05-08
7080,Vivaan,Bose,vivaan.bose.7080@inbox.com,Canada,2022-07-13
7081,Ethan,Gupta,ethan.gupta.7081@inbox.com,Singapore,2024-01-21
7082,Henry,Martinez,henry.martinez.7082@company.org,Australia,2022-04-19
7083,Ishaan,Martinez,ishaan.martinez.7083@webmail.net,UAE,2023-06-30
7084,Sai,Davis,sai.davis.7084@webmail.net,Norway,2022-05-05
7085,Muhammad,Liu,muhammad.liu.7085@company.org,South Korea,2023-10-28
7086,Aditya,Patel,aditya.patel.7086@inbox.com,South Africa,2025-04-17
7087,Aditya,Sharma,aditya.sharma.7087@company.org,Indonesia,2022-10-13
7088,Sara,Menon,sara.menon.7088@mail.com,Poland,2024-03-23
7089,Ethan,Davis,ethan.davis.7089@inbox.com,Netherlands,2024-09-20
7090,Mia,Patel,mia.patel.7090@mail.com,South Africa,2024-09-25
7091,Vivaan,Chen,vivaan.chen.7091@company.org,Germany,2022-11-01
7092,Vivaan,Gupta,vivaan.gupta.7092@mail.com,United Kingdom,2023-06-13
7093,Aarav,Reddy,aarav.reddy.7093@company.org,South Africa,2023-09-01
7094,Aditya,Garcia,aditya.garcia.7094@mail.com,Japan,2024-06-06
7095,Vivaan,Johnson,vivaan.johnson.7095@company.org,Vietnam,2023-06-20
7096,Shaurya,Singh,shaurya.singh.7096@mail.com,France,2025-08-14
7097,Kiara,Williams,kiara.williams.7097@mail.com,Poland,2025-06-29
7098,Muhammad,Kim,muhammad.kim.7098@example.com,Norway,2023-08-21
7099,Aanya,Kumar,aanya.kumar.7099@example.com,India,2025-04-30
7100,Amelia,Kim,amelia.kim.7100@example.com,Australia,2022-07-31
7101,Sara,Wang,sara.wang.7101@webmail.net,France,2024-10-08
7102,Isabella,Khan,isabella.khan.7102@company.org,Japan,2023-12-02
7103,Emma,Iyer,emma.iyer.7103@inbox.com,Netherlands,2022-02-08
7104,Liam,Garcia,liam.garcia.7104@example.com,Indonesia,2025-06-07
7105,Zara,Das,zara.das.7105@company.org,Singapore,2023-07-25
7106,Mason,Park,mason.park.7106@inbox.com,Netherlands,2022-03-19
7107,Ava,Davis,ava.davis.7107@mail.com,Netherlands,2023-07-17
7108,Aisha,Menon,aisha.menon.7108@mail.com,UAE,2023-01-31
7109,Noah,Nguyen,noah.nguyen.7109@inbox.com,Canada,2023-08-15
7110,Isabella,Kumar,isabella.kumar.7110@company.org,Norway,2024-10-26
7111,Mason,Smith,mason.smith.7111@mail.com,Sweden,2024-10-31
7112,Zara,Miller,zara.miller.7112@inbox.com,Australia,2024-05-22
7113,Pari,Park,pari.park.7113@company.org,UAE,2023-10-29
7114,Aanya,Zhang,aanya.zhang.7114@webmail.net,Spain,2022-12-02
7115,Isabella,Johnson,isabella.johnson.7115@company.org,South Korea,2023-05-02
7116,Anika,Khan,anika.khan.7116@webmail.net,USA,2024-01-05
7117,Emma,Miller,emma.miller.7117@example.com,Netherlands,2024-02-28
7118,Benjamin,Das,benjamin.das.7118@mail.com,Brazil,2025-04-16
7119,Mason,Chen,mason.chen.7119@company.org,Poland,2022-12-06
7120,Sara,Das,sara.das.7120@webmail.net,Brazil,2024-07-16
7121,Noah,Zhang,noah.zhang.7121@example.com,Norway,2023-07-08
7122,Vivaan,Chen,vivaan.chen.7122@inbox.com,Philippines,2023-05-11
7123,Vihaan,Smith,vihaan.smith.7123@example.com,Philippines,2024-07-14
7124,Diya,Davis,diya.davis.7124@webmail.net,Japan,2023-12-21
7125,Aanya,Nguyen,aanya.nguyen.7125@example.com,USA,2023-12-13
7126,Kiara,Menon,kiara.menon.7126@company.org,France,2025-03-24
7127,Kiara,Martinez,kiara.martinez.7127@webmail.net,India,2023-11-26
7128,Pari,Bose,pari.bose.7128@webmail.net,Philippines,2022-08-09
7129,James,Brown,james.brown.7129@inbox.com,Japan,2024-11-02
7130,Aarav,Iyer,aarav.iyer.7130@example.com,Norway,2022-04-09
7131,Mason,Khan,mason.khan.7131@company.org,Mexico,2023-06-30
7132,Muhammad,Smith,muhammad.smith.7132@mail.com,India,2024-12-06
7133,Aarav,Das,aarav.das.7133@example.com,Mexico,2024-10-19
7134,Diya,Davis,diya.davis.7134@inbox.com,United Kingdom,2022-11-22
7135,Noah,Iyer,noah.iyer.7135@mail.com,Canada,2023-12-22
7136,Benjamin,Menon,benjamin.menon.7136@mail.com,Vietnam,2025-07-04
7137,Pari,Chen,pari.chen.7137@company.org,Netherlands,2025-08-26
7138,Noah,Mehta,noah.mehta.7138@example.com,Canada,2022-06-23
7139,Shaurya,Iyer,shaurya.iyer.7139@inbox.com,Vietnam,2024-06-13
7140,Vivaan,Menon,vivaan.menon.7140@webmail.net,France,2023-07-11
7141,Diya,Kumar,diya.kumar.7141@inbox.com,Italy,2022-08-20
7142,Henry,Williams,henry.williams.7142@webmail.net,Vietnam,2022-10-12
7143,Olivia,Gupta,olivia.gupta.7143@example.com,Indonesia,2024-03-24
7144,Emma,Garcia,emma.garcia.7144@company.org,Brazil,2022-10-26
7145,Henry,Lee,henry.lee.7145@inbox.com,Vietnam,2023-06-26
7146,Mira,Brown,mira.brown.7146@inbox.com,Canada,2024-09-08
7147,Isabella,Patel,isabella.patel.7147@example.com,Poland,2024-06-27
7148,Pari,Brown,pari.brown.7148@example.com,United Kingdom,2024-01-11
7149,Aisha,Smith,aisha.smith.7149@inbox.com,UAE,2025-03-20
7150,Pari,Lee,pari.lee.7150@example.com,Italy,2025-04-03
7151,Mason,Khan,mason.khan.7151@mail.com,Netherlands,2024-04-24
7152,Reyansh,Williams,reyansh.williams.7152@mail.com,Italy,2023-01-20
7153,Ethan,Menon,ethan.menon.7153@example.com,Singapore,2025-08-03
7154,Ishaan,Zhang,ishaan.zhang.7154@inbox.com,Canada,2025-07-14
7155,Lucas,Smith,lucas.smith.7155@mail.com,Spain,2025-03-28
7156,Isabella,Menon,isabella.menon.7156@mail.com,United Kingdom,2025-03-16
7157,Isabella,Sharma,isabella.sharma.7157@inbox.com,Sweden,2024-03-27
7158,Muhammad,Miller,muhammad.miller.7158@webmail.net,South Africa,2023-09-02
7159,Aanya,Sharma,aanya.sharma.7159@company.org,Denmark,2022-04-02
7160,Isabella,Martinez,isabella.martinez.7160@example.com,Brazil,2024-07-26
7161,Isabella,Iyer,isabella.iyer.7161@mail.com,USA,2024-08-18
7162,Benjamin,Brown,benjamin.brown.7162@webmail.net,Canada,2025-03-02
7163,Amelia,Patel,amelia.patel.7163@inbox.com,South Korea,2022-02-20
7164,Noah,Nguyen,noah.nguyen.7164@company.org,Poland,2024-04-18
7165,Shaurya,Bose,shaurya.bose.7165@webmail.net,Germany,2023-11-16
7166,Pari,Park,pari.park.7166@mail.com,United Kingdom,2025-03-27
7167,Anaya,Menon,anaya.menon.7167@company.org,Brazil,2024-05-13
7168,Evelyn,Patel,evelyn.patel.7168@company.org,South Korea,2023-06-19
7169,Sai,Park,sai.park.7169@mail.com,South Korea,2022-03-30
7170,Shaurya,Smith,shaurya.smith.7170@mail.com,Poland,2023-09-15
7171,Aisha,Smith,aisha.smith.7171@mail.com,India,2024-05-09
7172,Diya,Wang,diya.wang.7172@mail.com,Philippines,2022-06-16
7173,Anika,Menon,anika.menon.7173@webmail.net,Germany,2023-07-17
7174,Emma,Jones,emma.jones.7174@webmail.net,Singapore,2022-10-15
7175,Benjamin,Lopez,benjamin.lopez.7175@example.com,Canada,2025-01-20
7176,Noah,Das,noah.das.7176@example.com,Denmark,2025-03-08
7177,Mira,Kim,mira.kim.7177@mail.com,Japan,2022-05-13
7178,Evelyn,Zhang,evelyn.zhang.7178@mail.com,Indonesia,2024-10-01
7179,Aisha,Iyer,aisha.iyer.7179@company.org,Spain,2023-08-02
7180,Pari,Bose,pari.bose.7180@example.com,Canada,2024-12-01
7181,Aanya,Park,aanya.park.7181@webmail.net,Denmark,2024-01-22
7182,Muhammad,Park,muhammad.park.7182@example.com,South Africa,2023-05-14
7183,Vivaan,Williams,vivaan.williams.7183@company.org,Germany,2022-06-28
7184,Mia,Lopez,mia.lopez.7184@webmail.net,Germany,2025-04-30
7185,Noah,Wang,noah.wang.7185@webmail.net,Canada,2022-11-28
7186,Aanya,Miller,aanya.miller.7186@webmail.net,United Kingdom,2022-08-08
7187,Daniel,Reddy,daniel.reddy.7187@example.com,Philippines,2025-02-09
7188,Harper,Garcia,harper.garcia.7188@company.org,Brazil,2022-08-30
7189,Aanya,Gupta,aanya.gupta.7189@company.org,Denmark,2023-01-18
7190,Sophia,Martinez,sophia.martinez.7190@inbox.com,Canada,2023-11-19
7191,Anaya,Park,anaya.park.7191@webmail.net,Italy,2025-04-23
7192,Lucas,Gupta,lucas.gupta.7192@inbox.com,USA,2022-08-01
7193,Elijah,Miller,elijah.miller.7193@webmail.net,Vietnam,2024-01-28
7194,Aarav,Jones,aarav.jones.7194@inbox.com,South Africa,2023-06-22
7195,Benjamin,Nguyen,benjamin.nguyen.7195@example.com,Poland,2023-08-03
7196,Kiara,Patel,kiara.patel.7196@inbox.com,Japan,2023-05-09
7197,Vihaan,Sharma,vihaan.sharma.7197@example.com,France,2022-07-23
7198,Ava,Nguyen,ava.nguyen.7198@mail.com,Sweden,2024-05-20
7199,Amelia,Davis,amelia.davis.7199@example.com,Poland,2022-11-27
7200,Aisha,Kim,aisha.kim.7200@example.com,UAE,2022-09-22
7201,Benjamin,Brown,benjamin.brown.7201@webmail.net,Sweden,2023-12-05
7202,Sophia,Patel,sophia.patel.7202@example.com,Brazil,2023-02-27
7203,Aarav,Lopez,aarav.lopez.7203@mail.com,Philippines,2023-03-01
7204,Mason,Park,mason.park.7204@webmail.net,Indonesia,2024-11-21
7205,Olivia,Das,olivia.das.7205@example.com,South Africa,2024-04-13
7206,Shaurya,Iyer,shaurya.iyer.7206@company.org,Spain,2024-02-24
7207,Reyansh,Patel,reyansh.patel.7207@mail.com,Canada,2025-07-13
7208,Henry,Park,henry.park.7208@webmail.net,Germany,2022-09-26
7209,Arjun,Patel,arjun.patel.7209@example.com,Mexico,2023-01-14
7210,Anika,Menon,anika.menon.7210@example.com,Singapore,2022-06-06
7211,Charlotte,Das,charlotte.das.7211@mail.com,France,2022-01-05
7212,Reyansh,Iyer,reyansh.iyer.7212@company.org,Norway,2022-09-20
7213,Emma,Wang,emma.wang.7213@mail.com,Brazil,2022-02-18
7214,Henry,Nguyen,henry.nguyen.7214@example.com,Australia,2025-03-14
7215,Ava,Miller,ava.miller.7215@webmail.net,United Kingdom,2022-12-12
7216,Mason,Liu,mason.liu.7216@mail.com,USA,2024-04-14
7217,Elijah,Park,elijah.park.7217@example.com,Vietnam,2024-10-04
7218,Lucas,Iyer,lucas.iyer.7218@webmail.net,Philippines,2024-07-21
7219,Aarav,Jones,aarav.jones.7219@company.org,Philippines,2024-07-09
7220,Aisha,Kim,aisha.kim.7220@webmail.net,Netherlands,2024-01-19
7221,Diya,Patel,diya.patel.7221@example.com,India,2023-07-04
7222,Ishaan,Reddy,ishaan.reddy.7222@example.com,Japan,2025-04-27
7223,Vihaan,Garcia,vihaan.garcia.7223@webmail.net,USA,2022-06-27
7224,Isabella,Iyer,isabella.iyer.7224@company.org,Japan,2023-07-22
7225,Vivaan,Wang,vivaan.wang.7225@company.org,South Africa,2025-07-25
7226,Benjamin,Brown,benjamin.brown.7226@mail.com,United Kingdom,2022-12-03
7227,Mia,Sharma,mia.sharma.7227@inbox.com,Sweden,2022-05-06
7228,Muhammad,Kumar,muhammad.kumar.7228@example.com,Denmark,2024-08-24
7229,Sara,Wang,sara.wang.7229@inbox.com,South Africa,2023-07-17
7230,Sara,Bose,sara.bose.7230@webmail.net,UAE,2024-07-29
7231,Lucas,Khan,lucas.khan.7231@webmail.net,Poland,2023-06-19
7232,Noah,Johnson,noah.johnson.7232@company.org,United Kingdom,2022-10-17
7233,Mia,Williams,mia.williams.7233@example.com,Netherlands,2023-01-03
7234,Ethan,Jones,ethan.jones.7234@example.com,Philippines,2024-12-04
7235,Harper,Miller,harper.miller.7235@mail.com,Spain,2025-08-07
7236,Isabella,Iyer,isabella.iyer.7236@inbox.com,Denmark,2023-09-15
7237,Reyansh,Khan,reyansh.khan.7237@webmail.net,Philippines,2025-04-03
7238,Ava,Bose,ava.bose.7238@company.org,Italy,2022-12-06
7239,Vivaan,Smith,vivaan.smith.7239@webmail.net,UAE,2022-11-19
7240,Mia,Gupta,mia.gupta.7240@company.org,Australia,2025-08-07
7241,Evelyn,Garcia,evelyn.garcia.7241@inbox.com,Philippines,2025-07-02
7242,Aditya,Singh,aditya.singh.7242@mail.com,Philippines,2022-12-04
7243,Mira,Park,mira.park.7243@example.com,Singapore,2023-04-15
7244,Aisha,Wang,aisha.wang.7244@webmail.net,Singapore,2022-10-01
7245,Amelia,Williams,amelia.williams.7245@mail.com,Australia,2022-01-02
7246,Mira,Park,mira.park.7246@example.com,United Kingdom,2025-06-05
7247,Mia,Williams,mia.williams.7247@inbox.com,United Kingdom,2022-09-28
7248,Reyansh,Smith,reyansh.smith.7248@inbox.com,France,2024-03-05
7249,Pari,Gupta,pari.gupta.7249@webmail.net,Poland,2024-04-06
7250,Mason,Mehta,mason.mehta.7250@inbox.com,Spain,2024-01-15
7251,Vivaan,Liu,vivaan.liu.7251@webmail.net,Japan,2023-05-02
7252,Ava,Davis,ava.davis.7252@webmail.net,Denmark,2024-07-10
7253,Harper,Kumar,harper.kumar.7253@example.com,Netherlands,2022-12-03
7254,Ava,Davis,ava.davis.7254@mail.com,Norway,2022-01-05
7255,Vivaan,Menon,vivaan.menon.7255@mail.com,Norway,2024-01-26
7256,Benjamin,Bose,benjamin.bose.7256@mail.com,South Africa,2023-09-16
7257,Pari,Lee,pari.lee.7257@inbox.com,Canada,2024-06-14
7258,Diya,Nguyen,diya.nguyen.7258@company.org,Germany,2022-06-26
7259,Aanya,Garcia,aanya.garcia.7259@webmail.net,India,2023-05-28
7260,Benjamin,Iyer,benjamin.iyer.7260@example.com,Japan,2022-03-09
7261,Sara,Patel,sara.patel.7261@mail.com,Singapore,2024-06-18
7262,Reyansh,Reddy,reyansh.reddy.7262@webmail.net,Norway,2022-09-22
7263,Ishaan,Miller,ishaan.miller.7263@inbox.com,France,2024-01-16
7264,Muhammad,Miller,muhammad.miller.7264@example.com,Australia,2022-05-16
7265,Charlotte,Gupta,charlotte.gupta.7265@company.org,Italy,2025-04-15
7266,Sophia,Kim,sophia.kim.7266@webmail.net,India,2023-06-04
7267,Ethan,Miller,ethan.miller.7267@company.org,Poland,2024-10-16
7268,Sara,Liu,sara.liu.7268@webmail.net,Denmark,2023-03-19
7269,James,Lopez,james.lopez.7269@company.org,Italy,2024-07-21
7270,Vihaan,Brown,vihaan.brown.7270@mail.com,France,2022-06-15
7271,Amelia,Gupta,amelia.gupta.7271@inbox.com,United Kingdom,2024-04-28
7272,Mason,Wang,mason.wang.7272@webmail.net,Mexico,2023-07-07
7273,Evelyn,Nguyen,evelyn.nguyen.7273@company.org,United Kingdom,2024-08-20
7274,Charlotte,Park,charlotte.park.7274@example.com,United Kingdom,2023-11-04
7275,Arjun,Garcia,arjun.garcia.7275@inbox.com,Australia,2023-09-24
7276,Anika,Gupta,anika.gupta.7276@mail.com,Spain,2025-07-11
7277,Reyansh,Singh,reyansh.singh.7277@webmail.net,Poland,2023-07-24
7278,Olivia,Jones,olivia.jones.7278@webmail.net,France,2022-06-10
7279,Mason,Lopez,mason.lopez.7279@company.org,South Korea,2023-09-30
7280,Anaya,Garcia,anaya.garcia.7280@company.org,Norway,2022-04-21
7281,Sai,Martinez,sai.martinez.7281@company.org,Australia,2025-08-18
7282,James,Kim,james.kim.7282@company.org,Denmark,2022-03-25
7283,Sophia,Miller,sophia.miller.7283@example.com,France,2022-06-26
7284,Anaya,Kim,anaya.kim.7284@webmail.net,USA,2022-04-30
7285,Isabella,Garcia,isabella.garcia.7285@mail.com,UAE,2025-05-20
7286,Aanya,Gupta,aanya.gupta.7286@mail.com,Singapore,2025-05-31
7287,Kiara,Williams,kiara.williams.7287@mail.com,United Kingdom,2022-04-30
7288,Lucas,Lopez,lucas.lopez.7288@inbox.com,Sweden,2023-02-20
7289,James,Patel,james.patel.7289@inbox.com,India,2024-12-06
7290,Benjamin,Liu,benjamin.liu.7290@mail.com,India,2024-01-10
7291,Aanya,Lopez,aanya.lopez.7291@inbox.com,UAE,2023-08-01
7292,Evelyn,Chen,evelyn.chen.7292@company.org,Mexico,2022-12-16
7293,Noah,Lee,noah.lee.7293@mail.com,Spain,2024-11-22
7294,Benjamin,Bose,benjamin.bose.7294@company.org,Denmark,2025-03-24
7295,Muhammad,Khan,muhammad.khan.7295@inbox.com,Netherlands,2025-02-11
7296,Anaya,Lopez,anaya.lopez.7296@mail.com,South Africa,2022-08-15
7297,Liam,Chen,liam.chen.7297@example.com,Mexico,2023-11-12
7298,Zara,Reddy,zara.reddy.7298@mail.com,Poland,2023-05-17
7299,Henry,Kumar,henry.kumar.7299@inbox.com,Canada,2025-07-16
7300,Amelia,Zhang,amelia.zhang.7300@mail.com,Spain,2022-06-15
7301,Diya,Lee,diya.lee.7301@webmail.net,Australia,2025-06-13
7302,Aditya,Gupta,aditya.gupta.7302@company.org,Indonesia,2023-09-06
7303,Pari,Martinez,pari.martinez.7303@inbox.com,Poland,2023-07-11
7304,Sara,Gupta,sara.gupta.7304@company.org,Australia,2023-01-26
7305,Liam,Iyer,liam.iyer.7305@inbox.com,United Kingdom,2023-08-29
7306,Anaya,Chen,anaya.chen.7306@company.org,India,2023-01-12
7307,Aarav,Kumar,aarav.kumar.7307@company.org,Netherlands,2023-09-14
7308,Evelyn,Park,evelyn.park.7308@inbox.com,Philippines,2025-04-19
7309,Daniel,Patel,daniel.patel.7309@company.org,South Africa,2023-10-28
7310,Aisha,Smith,aisha.smith.7310@company.org,Denmark,2023-12-24
7311,Ishaan,Kim,ishaan.kim.7311@example.com,Japan,2024-05-23
7312,Daniel,Lopez,daniel.lopez.7312@example.com,France,2023-12-17
7313,Lucas,Kim,lucas.kim.7313@inbox.com,Australia,2024-10-08
7314,Sai,Williams,sai.williams.7314@company.org,Singapore,2022-04-10
7315,Arjun,Kumar,arjun.kumar.7315@mail.com,Australia,2024-08-23
7316,Lucas,Mehta,lucas.mehta.7316@webmail.net,Spain,2022-02-14
7317,Lucas,Lee,lucas.lee.7317@example.com,Germany,2024-01-14
7318,Pari,Lee,pari.lee.7318@example.com,South Korea,2025-01-02
7319,Diya,Das,diya.das.7319@mail.com,Germany,2024-10-01
7320,Aanya,Nguyen,aanya.nguyen.7320@example.com,Japan,2024-12-05
7321,Daniel,Miller,daniel.miller.7321@mail.com,Philippines,2025-06-13
7322,Vihaan,Williams,vihaan.williams.7322@mail.com,Vietnam,2022-10-15
7323,Anika,Williams,anika.williams.7323@inbox.com,Mexico,2022-01-23
7324,Reyansh,Kumar,reyansh.kumar.7324@example.com,Norway,2024-10-04
7325,Aisha,Das,aisha.das.7325@mail.com,Japan,2023-04-06
7326,Henry,Zhang,henry.zhang.7326@mail.com,Japan,2024-11-05
7327,Vivaan,Singh,vivaan.singh.7327@inbox.com,Indonesia,2023-01-16
7328,Emma,Sharma,emma.sharma.7328@company.org,Indonesia,2023-04-23
7329,Ethan,Williams,ethan.williams.7329@example.com,UAE,2022-07-03
7330,Harper,Williams,harper.williams.7330@example.com,Vietnam,2023-06-07
7331,Mason,Menon,mason.menon.7331@company.org,USA,2025-05-31
7332,Elijah,Das,elijah.das.7332@inbox.com,United Kingdom,2024-02-08
7333,Olivia,Mehta,olivia.mehta.7333@company.org,Poland,2024-08-21
7334,Arjun,Kumar,arjun.kumar.7334@webmail.net,Australia,2022-03-02
7335,Liam,Das,liam.das.7335@mail.com,South Africa,2023-04-12
7336,Liam,Reddy,liam.reddy.7336@company.org,Vietnam,2022-03-28
7337,Harper,Bose,harper.bose.7337@webmail.net,France,2025-08-29
7338,Arjun,Park,arjun.park.7338@example.com,Canada,2024-09-25
7339,Kiara,Brown,kiara.brown.7339@inbox.com,Singapore,2024-08-15
7340,Zara,Singh,zara.singh.7340@company.org,Philippines,2024-07-11
7341,Diya,Patel,diya.patel.7341@mail.com,South Africa,2023-01-11
7342,Lucas,Johnson,lucas.johnson.7342@webmail.net,Indonesia,2023-11-04
7343,James,Park,james.park.7343@company.org,Spain,2022-09-27
7344,Aanya,Martinez,aanya.martinez.7344@mail.com,UAE,2022-12-26
7345,Charlotte,Johnson,charlotte.johnson.7345@company.org,Canada,2023-01-24
7346,Sai,Liu,sai.liu.7346@company.org,Canada,2025-04-30
7347,Kiara,Lopez,kiara.lopez.7347@example.com,Vietnam,2025-07-22
7348,Daniel,Wang,daniel.wang.7348@inbox.com,Brazil,2022-07-17
7349,Zara,Kim,zara.kim.7349@mail.com,South Africa,2023-04-02
7350,Aarav,Johnson,aarav.johnson.7350@mail.com,Spain,2024-03-06
7351,Kiara,Menon,kiara.menon.7351@mail.com,Spain,2022-11-10
7352,Aisha,Park,aisha.park.7352@company.org,Sweden,2024-07-28
7353,Pari,Iyer,pari.iyer.7353@mail.com,Japan,2024-01-05
7354,Emma,Gupta,emma.gupta.7354@company.org,Philippines,2023-08-16
7355,Isabella,Kumar,isabella.kumar.7355@inbox.com,Poland,2025-02-10
7356,Aditya,Miller,aditya.miller.7356@inbox.com,Spain,2025-06-15
7357,Mira,Singh,mira.singh.7357@mail.com,South Korea,2025-02-04
7358,Henry,Singh,henry.singh.7358@company.org,Singapore,2022-07-27
7359,Henry,Brown,henry.brown.7359@example.com,Mexico,2023-11-30
7360,Zara,Mehta,zara.mehta.7360@example.com,Mexico,2024-06-16
7361,Olivia,Singh,olivia.singh.7361@company.org,Norway,2025-06-07
7362,Daniel,Smith,daniel.smith.7362@inbox.com,Poland,2025-09-27
7363,Lucas,Liu,lucas.liu.7363@example.com,South Africa,2023-01-22
7364,Elijah,Williams,elijah.williams.7364@webmail.net,Poland,2023-03-17
7365,Liam,Mehta,liam.mehta.7365@company.org,Mexico,2022-05-30
7366,Lucas,Johnson,lucas.johnson.7366@example.com,Mexico,2023-02-06
7367,Mia,Gupta,mia.gupta.7367@company.org,Norway,2022-11-09
7368,Aarav,Patel,aarav.patel.7368@company.org,Denmark,2023-06-13
7369,Zara,Khan,zara.khan.7369@company.org,Norway,2023-12-09
7370,Anaya,Bose,anaya.bose.7370@inbox.com,Japan,2025-02-22
7371,Daniel,Kim,daniel.kim.7371@webmail.net,Singapore,2024-03-13
7372,Isabella,Williams,isabella.williams.7372@company.org,Italy,2024-04-17
7373,Daniel,Martinez,daniel.martinez.7373@webmail.net,Japan,2022-01-26
7374,Mason,Lee,mason.lee.7374@webmail.net,United Kingdom,2024-12-23
7375,Vivaan,Zhang,vivaan.zhang.7375@company.org,Spain,2022-03-21
7376,Sai,Zhang,sai.zhang.7376@company.org,Japan,2023-11-16
7377,Sai,Reddy,sai.reddy.7377@mail.com,USA,2025-05-25
7378,Evelyn,Menon,evelyn.menon.7378@webmail.net,Indonesia,2022-06-09
7379,Noah,Johnson,noah.johnson.7379@inbox.com,Netherlands,2023-10-13
7380,Isabella,Nguyen,isabella.nguyen.7380@example.com,Mexico,2024-10-10
7381,Noah,Reddy,noah.reddy.7381@company.org,Norway,2023-10-19
7382,Vivaan,Park,vivaan.park.7382@webmail.net,United Kingdom,2024-02-03
7383,Mira,Menon,mira.menon.7383@mail.com,Denmark,2022-11-14
7384,Mira,Lee,mira.lee.7384@inbox.com,Australia,2024-08-06
7385,Isabella,Martinez,isabella.martinez.7385@inbox.com,Sweden,2022-01-29
7386,Zara,Brown,zara.brown.7386@inbox.com,USA,2025-04-29
7387,Mason,Williams,mason.williams.7387@company.org,Indonesia,2025-05-13
7388,Pari,Garcia,pari.garcia.7388@inbox.com,Mexico,2022-03-12
7389,Ishaan,Liu,ishaan.liu.7389@inbox.com,Indonesia,2022-10-04
7390,Henry,Williams,henry.williams.7390@webmail.net,Canada,2025-07-15
7391,Charlotte,Martinez,charlotte.martinez.7391@inbox.com,France,2025-05-30
7392,Ethan,Gupta,ethan.gupta.7392@example.com,South Korea,2025-08-04
7393,Ishaan,Brown,ishaan.brown.7393@mail.com,India,2024-04-17
7394,Liam,Zhang,liam.zhang.7394@webmail.net,Indonesia,2023-10-27
7395,Diya,Chen,diya.chen.7395@inbox.com,Singapore,2024-03-09
7396,Arjun,Kim,arjun.kim.7396@mail.com,Spain,2024-03-14
7397,Mira,Martinez,mira.martinez.7397@webmail.net,Brazil,2025-08-28
7398,Henry,Zhang,henry.zhang.7398@webmail.net,India,2022-11-01
7399,Liam,Miller,liam.miller.7399@mail.com,UAE,2022-01-30
7400,Sai,Sharma,sai.sharma.7400@mail.com,Canada,2023-11-14
7401,Henry,Martinez,henry.martinez.7401@company.org,Singapore,2023-06-03
7402,Sai,Wang,sai.wang.7402@mail.com,Poland,2022-01-03
7403,Mira,Kim,mira.kim.7403@inbox.com,Sweden,2022-08-18
7404,Amelia,Jones,amelia.jones.7404@company.org,UAE,2023-08-08
7405,Lucas,Patel,lucas.patel.7405@webmail.net,Australia,2023-05-24
7406,Mason,Khan,mason.khan.7406@mail.com,India,2025-03-06
7407,Isabella,Mehta,isabella.mehta.7407@inbox.com,Japan,2024-11-22
7408,Mira,Mehta,mira.mehta.7408@company.org,South Africa,2023-02-06
7409,Sophia,Miller,sophia.miller.7409@webmail.net,Poland,2025-03-06
7410,Anika,Iyer,anika.iyer.7410@company.org,United Kingdom,2022-04-22
7411,Shaurya,Mehta,shaurya.mehta.7411@inbox.com,Brazil,2023-11-15
7412,Mason,Reddy,mason.reddy.7412@example.com,Netherlands,2023-11-28
7413,Pari,Liu,pari.liu.7413@webmail.net,United Kingdom,2023-04-14
7414,Zara,Zhang,zara.zhang.7414@webmail.net,UAE,2023-12-18
7415,Isabella,Singh,isabella.singh.7415@webmail.net,Vietnam,2022-07-31
7416,Ava,Iyer,ava.iyer.7416@webmail.net,Singapore,2024-04-16
7417,Liam,Lee,liam.lee.7417@company.org,India,2024-08-12
7418,Henry,Bose,henry.bose.7418@webmail.net,Poland,2025-06-18
7419,Amelia,Menon,amelia.menon.7419@inbox.com,Netherlands,2024-08-10
7420,Zara,Park,zara.park.7420@mail.com,South Korea,2023-03-20
7421,Harper,Lee,harper.lee.7421@mail.com,Mexico,2024-07-01
7422,Olivia,Zhang,olivia.zhang.7422@webmail.net,Australia,2025-03-10
7423,Mia,Wang,mia.wang.7423@example.com,Japan,2025-03-16
7424,Anika,Garcia,anika.garcia.7424@webmail.net,Singapore,2023-10-15
7425,Henry,Garcia,henry.garcia.7425@example.com,South Korea,2023-02-16
7426,Shaurya,Sharma,shaurya.sharma.7426@webmail.net,Netherlands,2023-12-27
7427,Olivia,Reddy,olivia.reddy.7427@company.org,South Korea,2023-11-23
7428,Olivia,Mehta,olivia.mehta.7428@example.com,South Korea,2022-04-29
7429,Liam,Chen,liam.chen.7429@mail.com,Netherlands,2024-10-09
7430,Anaya,Patel,anaya.patel.7430@company.org,Poland,2022-04-01
7431,Aditya,Kim,aditya.kim.7431@example.com,Indonesia,2024-06-05
7432,Zara,Nguyen,zara.nguyen.7432@webmail.net,India,2023-08-02
7433,Sophia,Smith,sophia.smith.7433@company.org,Philippines,2022-08-22
7434,Anika,Nguyen,anika.nguyen.7434@inbox.com,South Korea,2023-06-18
7435,Anika,Miller,anika.miller.7435@webmail.net,Mexico,2023-07-22
7436,Anika,Brown,anika.brown.7436@mail.com,France,2025-09-05
7437,Ishaan,Williams,ishaan.williams.7437@example.com,Spain,2024-09-07
7438,Aarav,Zhang,aarav.zhang.7438@inbox.com,India,2023-12-26
7439,Vivaan,Zhang,vivaan.zhang.7439@example.com,Denmark,2022-04-19
7440,Vihaan,Nguyen,vihaan.nguyen.7440@inbox.com,Brazil,2024-06-27
7441,Emma,Liu,emma.liu.7441@example.com,Spain,2022-05-03
7442,Benjamin,Lee,benjamin.lee.7442@company.org,Poland,2024-05-31
7443,James,Nguyen,james.nguyen.7443@inbox.com,Singapore,2022-05-05
7444,Sai,Davis,sai.davis.7444@inbox.com,United Kingdom,2024-02-20
7445,Anaya,Nguyen,anaya.nguyen.7445@inbox.com,Italy,2023-09-17
7446,Isabella,Reddy,isabella.reddy.7446@inbox.com,South Korea,2024-01-01
7447,Ethan,Williams,ethan.williams.7447@company.org,Canada,2024-09-25
7448,Mason,Miller,mason.miller.7448@example.com,Netherlands,2023-03-12
7449,Mia,Nguyen,mia.nguyen.7449@webmail.net,Denmark,2023-09-14
7450,Ava,Davis,ava.davis.7450@company.org,Germany,2022-01-25
7451,Emma,Lee,emma.lee.7451@inbox.com,Germany,2023-09-20
7452,Noah,Lopez,noah.lopez.7452@inbox.com,Denmark,2022-01-27
7453,Evelyn,Kim,evelyn.kim.7453@example.com,Poland,2023-03-06
7454,Aanya,Lee,aanya.lee.7454@mail.com,Brazil,2022-01-06
7455,Diya,Martinez,diya.martinez.7455@mail.com,Indonesia,2024-02-11
7456,Isabella,Bose,isabella.bose.7456@example.com,South Korea,2023-05-06
7457,Zara,Liu,zara.liu.7457@mail.com,Netherlands,2024-08-26
7458,Charlotte,Williams,charlotte.williams.7458@mail.com,France,2022-04-15
7459,Sara,Patel,sara.patel.7459@example.com,UAE,2022-12-02
7460,Sai,Davis,sai.davis.7460@webmail.net,Singapore,2022-02-20
7461,Aisha,Garcia,aisha.garcia.7461@webmail.net,South Korea,2025-09-09
7462,Anika,Mehta,anika.mehta.7462@company.org,Norway,2025-07-25
7463,Sai,Menon,sai.menon.7463@company.org,Italy,2023-06-12
7464,Aanya,Menon,aanya.menon.7464@inbox.com,Italy,2025-09-05
7465,Aisha,Liu,aisha.liu.7465@example.com,Germany,2022-10-20
7466,Liam,Lopez,liam.lopez.7466@inbox.com,Japan,2022-06-10
7467,Vivaan,Bose,vivaan.bose.7467@mail.com,Philippines,2025-01-26
7468,Pari,Wang,pari.wang.7468@webmail.net,Sweden,2024-09-29
7469,Pari,Liu,pari.liu.7469@example.com,UAE,2024-04-14
7470,Mason,Williams,mason.williams.7470@webmail.net,South Korea,2024-01-15
7471,Aisha,Gupta,aisha.gupta.7471@example.com,Australia,2022-11-13
7472,Emma,Reddy,emma.reddy.7472@mail.com,Sweden,2022-01-14
7473,Shaurya,Smith,shaurya.smith.7473@inbox.com,Sweden,2022-10-31
7474,Zara,Kumar,zara.kumar.7474@inbox.com,Spain,2024-04-10
7475,Sai,Smith,sai.smith.7475@company.org,Australia,2024-03-30
7476,Charlotte,Smith,charlotte.smith.7476@mail.com,South Africa,2024-12-13
7477,Muhammad,Garcia,muhammad.garcia.7477@company.org,Norway,2023-05-25
7478,Noah,Kumar,noah.kumar.7478@company.org,Poland,2022-03-31
7479,Elijah,Miller,elijah.miller.7479@example.com,South Korea,2022-09-23
7480,Henry,Johnson,henry.johnson.7480@inbox.com,Mexico,2025-06-08
7481,Evelyn,Liu,evelyn.liu.7481@webmail.net,United Kingdom,2023-12-17
7482,Olivia,Chen,olivia.chen.7482@mail.com,Poland,2022-12-01
7483,Charlotte,Mehta,charlotte.mehta.7483@company.org,United Kingdom,2022-12-09
7484,Aisha,Davis,aisha.davis.7484@example.com,Denmark,2024-04-30
7485,Aditya,Nguyen,aditya.nguyen.7485@mail.com,India,2024-04-07
7486,Arjun,Liu,arjun.liu.7486@webmail.net,Japan,2022-10-21
7487,Sara,Khan,sara.khan.7487@company.org,Indonesia,2025-06-22
7488,Diya,Das,diya.das.7488@example.com,France,2024-12-06
7489,Benjamin,Kumar,benjamin.kumar.7489@company.org,UAE,2023-12-21
7490,Anika,Chen,anika.chen.7490@company.org,India,2025-02-16
7491,Reyansh,Singh,reyansh.singh.7491@company.org,Canada,2023-05-04
7492,Shaurya,Garcia,shaurya.garcia.7492@inbox.com,Australia,2022-05-21
7493,Sai,Das,sai.das.7493@webmail.net,Philippines,2022-05-17
7494,Kiara,Iyer,kiara.iyer.7494@inbox.com,Canada,2024-09-22
7495,Olivia,Smith,olivia.smith.7495@example.com,Australia,2022-04-08
7496,Liam,Iyer,liam.iyer.7496@mail.com,India,2022-04-02
7497,Aisha,Das,aisha.das.7497@webmail.net,USA,2023-11-16
7498,Charlotte,Reddy,charlotte.reddy.7498@example.com,Vietnam,2022-03-15
7499,Daniel,Kumar,daniel.kumar.7499@webmail.net,Philippines,2023-07-15
7500,Daniel,Davis,daniel.davis.7500@inbox.com,South Korea,2023-05-12
7501,Mia,Williams,mia.williams.7501@webmail.net,Philippines,2023-01-04
7502,Aisha,Brown,aisha.brown.7502@example.com,South Korea,2025-05-01
7503,Henry,Nguyen,henry.nguyen.7503@company.org,France,2024-07-07
7504,Reyansh,Khan,reyansh.khan.7504@company.org,Spain,2025-08-25
7505,Benjamin,Menon,benjamin.menon.7505@mail.com,Mexico,2022-03-27
7506,Mason,Das,mason.das.7506@example.com,Vietnam,2024-08-18
7507,Reyansh,Sharma,reyansh.sharma.7507@example.com,Spain,2024-12-15
7508,Ava,Kim,ava.kim.7508@company.org,Singapore,2022-05-25
7509,Vivaan,Patel,vivaan.patel.7509@company.org,Indonesia,2024-09-15
7510,Ishaan,Singh,ishaan.singh.7510@inbox.com,Vietnam,2022-07-28
7511,Muhammad,Johnson,muhammad.johnson.7511@mail.com,Norway,2023-10-11
7512,Harper,Bose,harper.bose.7512@mail.com,Germany,2024-12-03
7513,Sai,Kim,sai.kim.7513@inbox.com,Netherlands,2024-09-18
7514,Sophia,Singh,sophia.singh.7514@webmail.net,South Africa,2025-07-22
7515,Daniel,Martinez,daniel.martinez.7515@mail.com,Singapore,2022-02-17
7516,Evelyn,Mehta,evelyn.mehta.7516@inbox.com,South Africa,2024-02-11
7517,Elijah,Wang,elijah.wang.7517@example.com,Indonesia,2025-03-04
7518,Aarav,Sharma,aarav.sharma.7518@company.org,UAE,2022-12-24
7519,Ishaan,Park,ishaan.park.7519@inbox.com,South Africa,2024-02-04
7520,Ishaan,Chen,ishaan.chen.7520@company.org,Germany,2024-09-01
7521,Mia,Patel,mia.patel.7521@mail.com,Indonesia,2022-09-03
7522,Shaurya,Sharma,shaurya.sharma.7522@webmail.net,India,2025-08-06
7523,Zara,Davis,zara.davis.7523@company.org,Mexico,2024-02-06
7524,Ishaan,Menon,ishaan.menon.7524@company.org,Australia,2023-12-21
7525,Muhammad,Khan,muhammad.khan.7525@inbox.com,Poland,2022-05-18
7526,Mira,Brown,mira.brown.7526@example.com,France,2023-05-30
7527,Harper,Kumar,harper.kumar.7527@example.com,South Africa,2025-01-02
7528,Shaurya,Bose,shaurya.bose.7528@company.org,South Africa,2023-09-13
7529,Vivaan,Wang,vivaan.wang.7529@example.com,Singapore,2023-03-24
7530,Henry,Sharma,henry.sharma.7530@mail.com,France,2023-02-12
7531,Aarav,Williams,aarav.williams.7531@inbox.com,UAE,2024-01-12
7532,Sara,Jones,sara.jones.7532@company.org,Singapore,2023-06-14
7533,Aditya,Lee,aditya.lee.7533@example.com,Denmark,2023-02-04
7534,Sai,Kim,sai.kim.7534@company.org,Sweden,2024-02-24
7535,Noah,Williams,noah.williams.7535@inbox.com,Singapore,2022-11-14
7536,Aditya,Gupta,aditya.gupta.7536@inbox.com,Singapore,2024-09-01
7537,Olivia,Williams,olivia.williams.7537@mail.com,Germany,2024-03-10
7538,Henry,Garcia,henry.garcia.7538@company.org,Sweden,2024-03-03
7539,Ethan,Nguyen,ethan.nguyen.7539@inbox.com,Singapore,2023-10-24
7540,Daniel,Lopez,daniel.lopez.7540@example.com,Brazil,2022-11-17
7541,Ava,Park,ava.park.7541@webmail.net,India,2024-10-02
7542,Ishaan,Kumar,ishaan.kumar.7542@company.org,Germany,2022-02-05
7543,Sai,Gupta,sai.gupta.7543@mail.com,Philippines,2024-05-13
7544,Ava,Sharma,ava.sharma.7544@webmail.net,Japan,2025-07-14
7545,James,Menon,james.menon.7545@webmail.net,Vietnam,2022-05-04
7546,Elijah,Lopez,elijah.lopez.7546@mail.com,USA,2024-03-01
7547,Vivaan,Mehta,vivaan.mehta.7547@example.com,Mexico,2025-03-26
7548,Sara,Zhang,sara.zhang.7548@company.org,Sweden,2025-05-24
7549,Liam,Nguyen,liam.nguyen.7549@company.org,Brazil,2022-09-19
7550,Elijah,Das,elijah.das.7550@example.com,South Korea,2024-07-04
7551,Muhammad,Menon,muhammad.menon.7551@company.org,Italy,2025-02-09
7552,Vihaan,Smith,vihaan.smith.7552@inbox.com,Brazil,2023-11-16
7553,Ishaan,Davis,ishaan.davis.7553@company.org,Brazil,2023-07-11
7554,Sai,Nguyen,sai.nguyen.7554@webmail.net,Spain,2022-12-01
7555,Vihaan,Liu,vihaan.liu.7555@inbox.com,Denmark,2025-02-06
7556,Pari,Khan,pari.khan.7556@webmail.net,Vietnam,2024-02-06
7557,Aarav,Wang,aarav.wang.7557@inbox.com,Norway,2025-09-05
7558,Harper,Chen,harper.chen.7558@webmail.net,Sweden,2025-06-19
7559,Evelyn,Nguyen,evelyn.nguyen.7559@inbox.com,Spain,2023-08-14
7560,Shaurya,Martinez,shaurya.martinez.7560@inbox.com,France,2025-04-17
7561,Charlotte,Park,charlotte.park.7561@mail.com,France,2024-03-27
7562,Aanya,Lee,aanya.lee.7562@example.com,Norway,2025-03-26
7563,Muhammad,Miller,muhammad.miller.7563@mail.com,Australia,2023-01-17
7564,Emma,Mehta,emma.mehta.7564@webmail.net,India,2024-03-03
7565,Harper,Brown,harper.brown.7565@company.org,Spain,2025-02-04
7566,Aisha,Park,aisha.park.7566@webmail.net,Spain,2023-09-29
7567,Amelia,Miller,amelia.miller.7567@company.org,USA,2023-09-13
7568,Zara,Brown,zara.brown.7568@mail.com,Norway,2024-01-16
7569,Zara,Nguyen,zara.nguyen.7569@company.org,Japan,2023-05-21
7570,Elijah,Garcia,elijah.garcia.7570@mail.com,Mexico,2022-05-04
7571,Pari,Smith,pari.smith.7571@mail.com,South Africa,2022-05-07
7572,Lucas,Brown,lucas.brown.7572@inbox.com,UAE,2024-07-20
7573,Aanya,Bose,aanya.bose.7573@company.org,Sweden,2024-01-29
7574,Zara,Davis,zara.davis.7574@webmail.net,Indonesia,2023-03-06
7575,Sai,Park,sai.park.7575@inbox.com,Canada,2024-03-28
7576,Ava,Park,ava.park.7576@webmail.net,France,2023-11-21
7577,Liam,Chen,liam.chen.7577@example.com,United Kingdom,2025-05-12
7578,Daniel,Lopez,daniel.lopez.7578@webmail.net,Netherlands,2023-02-04
7579,Noah,Iyer,noah.iyer.7579@company.org,Japan,2023-09-24
7580,Olivia,Wang,olivia.wang.7580@example.com,Mexico,2025-04-07
7581,Olivia,Chen,olivia.chen.7581@webmail.net,South Africa,2023-04-28
7582,Muhammad,Lopez,muhammad.lopez.7582@webmail.net,Singapore,2024-04-02
7583,Benjamin,Williams,benjamin.williams.7583@example.com,Brazil,2025-06-10
7584,Vihaan,Martinez,vihaan.martinez.7584@inbox.com,Australia,2025-02-17
7585,Harper,Liu,harper.liu.7585@example.com,France,2025-07-21
7586,Muhammad,Johnson,muhammad.johnson.7586@example.com,Australia,2022-05-14
7587,Liam,Martinez,liam.martinez.7587@mail.com,Netherlands,2022-09-26
7588,Zara,Khan,zara.khan.7588@company.org,Germany,2023-03-13
7589,Charlotte,Wang,charlotte.wang.7589@mail.com,Philippines,2023-04-20
7590,Benjamin,Singh,benjamin.singh.7590@webmail.net,Netherlands,2023-09-30
7591,Henry,Patel,henry.patel.7591@company.org,Denmark,2025-04-05
7592,Sara,Williams,sara.williams.7592@example.com,South Africa,2022-05-09
7593,Harper,Patel,harper.patel.7593@example.com,Japan,2025-05-17
7594,Anaya,Mehta,anaya.mehta.7594@company.org,South Korea,2022-01-08
7595,Arjun,Liu,arjun.liu.7595@mail.com,Mexico,2023-11-13
7596,Anika,Smith,anika.smith.7596@webmail.net,Sweden,2023-09-14
7597,Amelia,Gupta,amelia.gupta.7597@inbox.com,UAE,2023-02-10
7598,Zara,Williams,zara.williams.7598@inbox.com,USA,2023-01-16
7599,James,Khan,james.khan.7599@example.com,Singapore,2024-08-13
7600,Isabella,Garcia,isabella.garcia.7600@webmail.net,Japan,2024-09-10
7601,Ishaan,Garcia,ishaan.garcia.7601@example.com,Germany,2024-09-04
7602,Noah,Nguyen,noah.nguyen.7602@webmail.net,Australia,2024-12-18
7603,Aisha,Lopez,aisha.lopez.7603@example.com,Denmark,2022-06-16
7604,Benjamin,Lee,benjamin.lee.7604@company.org,Germany,2025-06-29
7605,Olivia,Williams,olivia.williams.7605@mail.com,Italy,2025-06-01
7606,Harper,Smith,harper.smith.7606@example.com,Philippines,2022-09-23
7607,Sai,Kumar,sai.kumar.7607@inbox.com,UAE,2025-01-27
7608,Anaya,Davis,anaya.davis.7608@example.com,Brazil,2024-11-12
7609,Amelia,Jones,amelia.jones.7609@inbox.com,Mexico,2024-05-02
7610,Ishaan,Reddy,ishaan.reddy.7610@webmail.net,France,2022-10-11
7611,Mason,Menon,mason.menon.7611@company.org,Australia,2023-07-30
7612,Sophia,Garcia,sophia.garcia.7612@company.org,South Africa,2023-02-19
7613,Mira,Nguyen,mira.nguyen.7613@example.com,Singapore,2023-11-24
7614,Henry,Lopez,henry.lopez.7614@webmail.net,USA,2025-07-13
7615,Noah,Reddy,noah.reddy.7615@company.org,Vietnam,2024-12-18
7616,Elijah,Gupta,elijah.gupta.7616@company.org,Poland,2022-04-11
7617,Mia,Garcia,mia.garcia.7617@inbox.com,UAE,2022-04-17
7618,Shaurya,Martinez,shaurya.martinez.7618@inbox.com,Vietnam,2023-04-10
7619,Reyansh,Wang,reyansh.wang.7619@company.org,South Korea,2025-04-27
7620,Aanya,Brown,aanya.brown.7620@example.com,Australia,2023-10-30
7621,Zara,Lopez,zara.lopez.7621@mail.com,Norway,2024-03-18
7622,Anika,Miller,anika.miller.7622@inbox.com,South Africa,2024-10-26
7623,Elijah,Garcia,elijah.garcia.7623@webmail.net,Japan,2023-11-23
7624,Isabella,Smith,isabella.smith.7624@inbox.com,Singapore,2024-06-23
7625,Aditya,Garcia,aditya.garcia.7625@inbox.com,USA,2023-05-22
7626,Aisha,Nguyen,aisha.nguyen.7626@inbox.com,Poland,2024-10-04
7627,Anaya,Kim,anaya.kim.7627@mail.com,South Korea,2025-04-04
7628,Isabella,Davis,isabella.davis.7628@webmail.net,Netherlands,2022-06-08
7629,Noah,Zhang,noah.zhang.7629@company.org,Spain,2022-09-29
7630,Shaurya,Nguyen,shaurya.nguyen.7630@company.org,USA,2023-02-17
7631,Daniel,Zhang,daniel.zhang.7631@webmail.net,India,2023-09-22
7632,Anika,Das,anika.das.7632@inbox.com,United Kingdom,2022-11-24
7633,Emma,Martinez,emma.martinez.7633@webmail.net,Italy,2022-07-14
7634,Vihaan,Park,vihaan.park.7634@example.com,India,2022-07-11
7635,Noah,Kim,noah.kim.7635@webmail.net,Japan,2023-12-08
7636,Pari,Chen,pari.chen.7636@company.org,South Korea,2023-02-13
7637,Anika,Park,anika.park.7637@inbox.com,Canada,2024-12-14
7638,Charlotte,Garcia,charlotte.garcia.7638@mail.com,Germany,2023-07-02
7639,Emma,Jones,emma.jones.7639@inbox.com,Sweden,2023-09-16
7640,Sara,Gupta,sara.gupta.7640@inbox.com,Brazil,2023-02-24
7641,Amelia,Das,amelia.das.7641@webmail.net,United Kingdom,2024-04-09
7642,Noah,Kumar,noah.kumar.7642@inbox.com,South Africa,2023-12-28
7643,Anaya,Lopez,anaya.lopez.7643@inbox.com,Vietnam,2022-08-24
7644,Anika,Zhang,anika.zhang.7644@company.org,Germany,2023-07-24
7645,Emma,Smith,emma.smith.7645@example.com,Norway,2025-07-19
7646,James,Wang,james.wang.7646@webmail.net,UAE,2025-03-06
7647,Benjamin,Das,benjamin.das.7647@inbox.com,Netherlands,2024-02-19
7648,Reyansh,Kim,reyansh.kim.7648@webmail.net,Spain,2022-03-10
7649,Shaurya,Wang,shaurya.wang.7649@inbox.com,Sweden,2024-09-02
7650,Muhammad,Chen,muhammad.chen.7650@webmail.net,Australia,2022-09-18
7651,Anika,Mehta,anika.mehta.7651@inbox.com,Philippines,2023-11-21
7652,Aarav,Das,aarav.das.7652@webmail.net,USA,2022-06-08
7653,Sara,Johnson,sara.johnson.7653@webmail.net,Denmark,2024-09-11
7654,Reyansh,Menon,reyansh.menon.7654@webmail.net,Philippines,2024-11-05
7655,James,Garcia,james.garcia.7655@mail.com,Philippines,2023-03-28
7656,Muhammad,Davis,muhammad.davis.7656@inbox.com,UAE,2024-06-07
7657,Noah,Patel,noah.patel.7657@mail.com,Sweden,2024-02-15
7658,Mira,Smith,mira.smith.7658@webmail.net,Indonesia,2022-02-27
7659,Muhammad,Jones,muhammad.jones.7659@mail.com,USA,2024-08-03
7660,Ava,Gupta,ava.gupta.7660@example.com,USA,2023-12-16
7661,Olivia,Lopez,olivia.lopez.7661@example.com,Vietnam,2024-10-20
7662,Aditya,Chen,aditya.chen.7662@webmail.net,United Kingdom,2025-03-10
7663,Aditya,Johnson,aditya.johnson.7663@company.org,Italy,2025-05-13
7664,Zara,Martinez,zara.martinez.7664@webmail.net,India,2024-04-23
7665,Isabella,Lee,isabella.lee.7665@mail.com,Poland,2024-04-01
7666,Liam,Brown,liam.brown.7666@example.com,Vietnam,2023-09-11
7667,Shaurya,Gupta,shaurya.gupta.7667@inbox.com,Philippines,2024-06-17
7668,Anika,Park,anika.park.7668@company.org,Norway,2023-10-22
7669,Ethan,Johnson,ethan.johnson.7669@mail.com,Vietnam,2023-07-03
7670,Kiara,Wang,kiara.wang.7670@webmail.net,Spain,2023-01-09
7671,Emma,Kumar,emma.kumar.7671@inbox.com,Vietnam,2024-12-28
7672,Evelyn,Lopez,evelyn.lopez.7672@example.com,Spain,2024-01-30
7673,Vihaan,Jones,vihaan.jones.7673@mail.com,Germany,2024-04-09
7674,Charlotte,Mehta,charlotte.mehta.7674@example.com,Japan,2022-11-28
7675,Pari,Wang,pari.wang.7675@example.com,UAE,2025-03-16
7676,Kiara,Lopez,kiara.lopez.7676@example.com,USA,2023-02-27
7677,Kiara,Patel,kiara.patel.7677@webmail.net,Poland,2025-08-24
7678,Aisha,Singh,aisha.singh.7678@inbox.com,Netherlands,2024-08-12
7679,Pari,Williams,pari.williams.7679@mail.com,Singapore,2023-05-03
7680,Lucas,Lee,lucas.lee.7680@company.org,Philippines,2023-10-06
7681,Ethan,Chen,ethan.chen.7681@inbox.com,Canada,2024-03-19
7682,Vivaan,Mehta,vivaan.mehta.7682@example.com,Indonesia,2024-10-28
7683,Vihaan,Bose,vihaan.bose.7683@mail.com,Italy,2025-06-03
7684,Emma,Chen,emma.chen.7684@webmail.net,South Africa,2025-08-03
7685,Emma,Davis,emma.davis.7685@webmail.net,Germany,2025-07-04
7686,Vivaan,Miller,vivaan.miller.7686@inbox.com,France,2022-10-09
7687,Mason,Iyer,mason.iyer.7687@webmail.net,Philippines,2025-06-11
7688,James,Menon,james.menon.7688@example.com,Indonesia,2022-08-08
7689,Harper,Zhang,harper.zhang.7689@webmail.net,Sweden,2023-10-29
7690,James,Gupta,james.gupta.7690@mail.com,Canada,2024-11-10
7691,Ishaan,Mehta,ishaan.mehta.7691@example.com,France,2023-02-14
7692,Aanya,Brown,aanya.brown.7692@webmail.net,France,2022-05-09
7693,Reyansh,Martinez,reyansh.martinez.7693@company.org,Netherlands,2024-05-31
7694,Shaurya,Liu,shaurya.liu.7694@company.org,Mexico,2025-09-05
7695,Aisha,Johnson,aisha.johnson.7695@webmail.net,Mexico,2023-02-15
7696,Zara,Johnson,zara.johnson.7696@mail.com,UAE,2022-10-08
7697,Emma,Park,emma.park.7697@inbox.com,Mexico,2023-03-21
7698,Arjun,Gupta,arjun.gupta.7698@example.com,Sweden,2025-05-23
7699,Charlotte,Park,charlotte.park.7699@inbox.com,Indonesia,2022-05-13
7700,Anaya,Johnson,anaya.johnson.7700@mail.com,Italy,2024-03-05
7701,Vivaan,Park,vivaan.park.7701@mail.com,Mexico,2022-04-01
7702,Anaya,Davis,anaya.davis.7702@company.org,South Africa,2022-06-05
7703,James,Mehta,james.mehta.7703@webmail.net,Italy,2024-03-07
7704,Aisha,Chen,aisha.chen.7704@company.org,United Kingdom,2025-04-24
7705,Zara,Zhang,zara.zhang.7705@example.com,Netherlands,2023-02-09
7706,Ava,Park,ava.park.7706@mail.com,Germany,2022-02-13
7707,Arjun,Menon,arjun.menon.7707@company.org,Vietnam,2023-01-14
7708,Kiara,Iyer,kiara.iyer.7708@inbox.com,Mexico,2022-04-03
7709,Reyansh,Gupta,reyansh.gupta.7709@webmail.net,France,2022-09-20
7710,Charlotte,Mehta,charlotte.mehta.7710@example.com,Singapore,2022-10-31
7711,Aarav,Miller,aarav.miller.7711@webmail.net,Netherlands,2023-03-29
7712,Mia,Bose,mia.bose.7712@example.com,Netherlands,2025-02-11
7713,Elijah,Sharma,elijah.sharma.7713@webmail.net,Spain,2023-11-08
7714,Reyansh,Davis,reyansh.davis.7714@webmail.net,Brazil,2023-08-09
7715,Shaurya,Nguyen,shaurya.nguyen.7715@inbox.com,Poland,2022-01-05
7716,Lucas,Williams,lucas.williams.7716@webmail.net,South Africa,2024-12-06
7717,Arjun,Kim,arjun.kim.7717@mail.com,Spain,2022-05-26
7718,Amelia,Khan,amelia.khan.7718@inbox.com,India,2024-04-27
7719,Evelyn,Zhang,evelyn.zhang.7719@webmail.net,Sweden,2024-05-21
7720,Vihaan,Park,vihaan.park.7720@example.com,South Korea,2024-02-18
7721,Ava,Liu,ava.liu.7721@mail.com,Denmark,2022-03-11
7722,Pari,Kumar,pari.kumar.7722@mail.com,Vietnam,2023-08-25
7723,Aisha,Kim,aisha.kim.7723@webmail.net,Mexico,2023-02-03
7724,Daniel,Williams,daniel.williams.7724@inbox.com,Italy,2022-06-19
7725,James,Lopez,james.lopez.7725@webmail.net,Canada,2022-02-27
7726,Liam,Lee,liam.lee.7726@mail.com,Vietnam,2024-08-04
7727,Vivaan,Johnson,vivaan.johnson.7727@company.org,Japan,2022-02-21
7728,Elijah,Nguyen,elijah.nguyen.7728@webmail.net,Indonesia,2024-09-29
7729,Aarav,Iyer,aarav.iyer.7729@mail.com,South Korea,2023-06-07
7730,Muhammad,Lee,muhammad.lee.7730@webmail.net,Poland,2024-11-26
7731,Vihaan,Gupta,vihaan.gupta.7731@example.com,Norway,2025-02-19
7732,Emma,Davis,emma.davis.7732@example.com,Denmark,2022-10-19
7733,Sophia,Davis,sophia.davis.7733@company.org,Germany,2023-08-31
7734,Mia,Sharma,mia.sharma.7734@inbox.com,Italy,2022-09-30
7735,Muhammad,Brown,muhammad.brown.7735@example.com,Brazil,2024-07-18
7736,Anika,Kim,anika.kim.7736@mail.com,Singapore,2025-04-28
7737,Noah,Singh,noah.singh.7737@example.com,Singapore,2022-08-07
7738,Diya,Gupta,diya.gupta.7738@company.org,Spain,2025-02-15
7739,Vivaan,Davis,vivaan.davis.7739@company.org,Indonesia,2023-12-09
7740,Emma,Wang,emma.wang.7740@company.org,Japan,2022-01-17
7741,Shaurya,Zhang,shaurya.zhang.7741@mail.com,Poland,2022-11-06
7742,Emma,Davis,emma.davis.7742@company.org,Brazil,2025-07-09
7743,Aisha,Mehta,aisha.mehta.7743@company.org,Vietnam,2024-09-19
7744,Sai,Sharma,sai.sharma.7744@inbox.com,Spain,2023-11-28
7745,Anika,Kumar,anika.kumar.7745@example.com,Mexico,2024-01-16
7746,Aisha,Brown,aisha.brown.7746@webmail.net,Japan,2024-06-10
7747,Anaya,Chen,anaya.chen.7747@inbox.com,Indonesia,2022-07-09
7748,Vivaan,Kumar,vivaan.kumar.7748@example.com,France,2023-04-18
7749,Vihaan,Bose,vihaan.bose.7749@mail.com,Canada,2024-04-23
7750,Anika,Mehta,anika.mehta.7750@company.org,Canada,2023-05-29
7751,Emma,Miller,emma.miller.7751@company.org,South Africa,2025-01-02
7752,Lucas,Martinez,lucas.martinez.7752@example.com,Denmark,2022-12-09
7753,Noah,Wang,noah.wang.7753@webmail.net,Poland,2022-06-05
7754,Amelia,Bose,amelia.bose.7754@example.com,Netherlands,2025-08-24
7755,Amelia,Lee,amelia.lee.7755@mail.com,USA,2022-02-20
7756,Olivia,Williams,olivia.williams.7756@webmail.net,Sweden,2022-03-30
7757,Elijah,Das,elijah.das.7757@mail.com,Canada,2023-01-30
7758,Ava,Sharma,ava.sharma.7758@example.com,Mexico,2023-09-02
7759,Sara,Davis,sara.davis.7759@company.org,Brazil,2024-07-06
7760,Liam,Mehta,liam.mehta.7760@webmail.net,Brazil,2023-08-22
7761,Henry,Menon,henry.menon.7761@company.org,United Kingdom,2023-12-06
7762,Sophia,Jones,sophia.jones.7762@webmail.net,Italy,2025-08-25
7763,Vihaan,Sharma,vihaan.sharma.7763@inbox.com,Singapore,2022-12-15
7764,Aisha,Brown,aisha.brown.7764@company.org,South Africa,2025-05-26
7765,Mia,Park,mia.park.7765@mail.com,South Africa,2025-08-02
7766,Sai,Kim,sai.kim.7766@mail.com,Netherlands,2022-03-11
7767,Pari,Iyer,pari.iyer.7767@inbox.com,France,2024-06-20
7768,Mason,Nguyen,mason.nguyen.7768@webmail.net,Philippines,2023-06-02
7769,Amelia,Kumar,amelia.kumar.7769@inbox.com,Japan,2022-06-30
7770,Aarav,Das,aarav.das.7770@inbox.com,Norway,2024-04-08
7771,Aditya,Martinez,aditya.martinez.7771@webmail.net,South Korea,2025-01-31
7772,Anaya,Liu,anaya.liu.7772@company.org,United Kingdom,2022-05-25
7773,Olivia,Johnson,olivia.johnson.7773@inbox.com,USA,2025-08-05
7774,Mira,Singh,mira.singh.7774@example.com,Netherlands,2023-12-08
7775,Benjamin,Chen,benjamin.chen.7775@inbox.com,Denmark,2025-06-24
7776,James,Lee,james.lee.7776@webmail.net,South Korea,2023-10-05
7777,Muhammad,Gupta,muhammad.gupta.7777@example.com,United Kingdom,2024-01-23
7778,Elijah,Garcia,elijah.garcia.7778@inbox.com,Singapore,2023-11-30
7779,Emma,Das,emma.das.7779@inbox.com,Vietnam,2023-10-12
7780,Noah,Jones,noah.jones.7780@company.org,Germany,2024-05-28
7781,Mia,Khan,mia.khan.7781@webmail.net,France,2024-11-27
7782,Elijah,Mehta,elijah.mehta.7782@company.org,South Korea,2023-06-09
7783,Zara,Park,zara.park.7783@mail.com,USA,2024-06-19
7784,Aarav,Lopez,aarav.lopez.7784@inbox.com,Sweden,2024-11-30
7785,Ava,Miller,ava.miller.7785@webmail.net,UAE,2022-01-18
7786,Isabella,Johnson,isabella.johnson.7786@company.org,Philippines,2025-02-06
7787,Benjamin,Singh,benjamin.singh.7787@webmail.net,South Africa,2022-04-16
7788,Anaya,Miller,anaya.miller.7788@webmail.net,Germany,2025-04-29
7789,Henry,Garcia,henry.garcia.7789@company.org,India,2025-04-07
7790,Ethan,Kumar,ethan.kumar.7790@webmail.net,Italy,2023-11-14
7791,Benjamin,Smith,benjamin.smith.7791@example.com,Italy,2025-03-21
7792,Anaya,Martinez,anaya.martinez.7792@webmail.net,Denmark,2022-08-13
7793,Ava,Iyer,ava.iyer.7793@webmail.net,Netherlands,2024-07-04
7794,Diya,Kumar,diya.kumar.7794@webmail.net,Philippines,2022-04-19
7795,Sai,Patel,sai.patel.7795@mail.com,Italy,2023-07-10
7796,Muhammad,Khan,muhammad.khan.7796@company.org,Norway,2023-10-14
7797,Diya,Singh,diya.singh.7797@example.com,Vietnam,2023-09-25
7798,Charlotte,Kumar,charlotte.kumar.7798@mail.com,South Africa,2023-03-23
7799,Kiara,Singh,kiara.singh.7799@mail.com,Brazil,2024-11-29
7800,Anika,Patel,anika.patel.7800@mail.com,Germany,2024-08-16
7801,James,Bose,james.bose.7801@inbox.com,Brazil,2023-03-11
7802,Ava,Sharma,ava.sharma.7802@example.com,Singapore,2025-07-20
7803,Ava,Martinez,ava.martinez.7803@mail.com,Japan,2024-11-22
7804,Aarav,Johnson,aarav.johnson.7804@inbox.com,Poland,2024-10-13
7805,Ishaan,Mehta,ishaan.mehta.7805@webmail.net,Mexico,2024-04-15
7806,Sophia,Brown,sophia.brown.7806@company.org,Germany,2023-04-20
7807,Sai,Khan,sai.khan.7807@inbox.com,Sweden,2023-01-12
7808,Lucas,Lee,lucas.lee.7808@example.com,India,2025-05-05
7809,Ava,Zhang,ava.zhang.7809@inbox.com,Japan,2024-04-04
7810,Henry,Brown,henry.brown.7810@company.org,South Korea,2024-01-14
7811,Noah,Iyer,noah.iyer.7811@example.com,United Kingdom,2024-06-17
7812,Evelyn,Wang,evelyn.wang.7812@inbox.com,USA,2022-09-16
7813,Emma,Smith,emma.smith.7813@mail.com,South Korea,2024-04-02
7814,Aarav,Brown,aarav.brown.7814@webmail.net,Brazil,2023-09-30
7815,Aisha,Khan,aisha.khan.7815@inbox.com,UAE,2025-05-28
7816,Vivaan,Garcia,vivaan.garcia.7816@webmail.net,Norway,2024-05-05
7817,Evelyn,Kim,evelyn.kim.7817@company.org,Italy,2023-09-09
7818,Vivaan,Park,vivaan.park.7818@example.com,France,2022-12-22
7819,James,Khan,james.khan.7819@example.com,France,2023-01-22
7820,Arjun,Bose,arjun.bose.7820@example.com,Netherlands,2022-05-25
7821,Daniel,Lee,daniel.lee.7821@company.org,Mexico,2023-09-16
7822,Mason,Bose,mason.bose.7822@company.org,Australia,2025-04-19
7823,Elijah,Park,elijah.park.7823@company.org,Germany,2025-06-14
7824,Lucas,Martinez,lucas.martinez.7824@webmail.net,Sweden,2022-09-05
7825,Evelyn,Garcia,evelyn.garcia.7825@example.com,Australia,2023-01-26
7826,Aanya,Wang,aanya.wang.7826@company.org,South Korea,2023-07-17
7827,Mason,Singh,mason.singh.7827@example.com,Denmark,2024-01-07
7828,Elijah,Johnson,elijah.johnson.7828@inbox.com,South Korea,2022-06-28
7829,Isabella,Sharma,isabella.sharma.7829@mail.com,Brazil,2025-03-26
7830,Diya,Davis,diya.davis.7830@company.org,Norway,2022-01-11
7831,Lucas,Sharma,lucas.sharma.7831@inbox.com,USA,2022-05-03
7832,Aditya,Singh,aditya.singh.7832@webmail.net,Sweden,2023-05-01
7833,Noah,Park,noah.park.7833@mail.com,Canada,2022-02-02
7834,Shaurya,Park,shaurya.park.7834@example.com,France,2022-05-08
7835,Amelia,Smith,amelia.smith.7835@inbox.com,South Korea,2023-02-26
7836,Arjun,Johnson,arjun.johnson.7836@company.org,Japan,2024-02-14
7837,Daniel,Khan,daniel.khan.7837@example.com,Vietnam,2022-03-28
7838,Zara,Johnson,zara.johnson.7838@mail.com,Spain,2025-09-20
7839,Mia,Brown,mia.brown.7839@example.com,South Africa,2025-04-26
7840,Reyansh,Smith,reyansh.smith.7840@webmail.net,France,2024-11-23
7841,Elijah,Jones,elijah.jones.7841@inbox.com,Japan,2022-09-23
7842,Vihaan,Iyer,vihaan.iyer.7842@webmail.net,Philippines,2022-03-28
7843,Lucas,Davis,lucas.davis.7843@inbox.com,Mexico,2025-02-15
7844,Charlotte,Bose,charlotte.bose.7844@mail.com,Australia,2022-01-21
7845,Elijah,Smith,elijah.smith.7845@webmail.net,Sweden,2022-08-09
7846,Anika,Lee,anika.lee.7846@mail.com,Norway,2023-09-11
7847,Charlotte,Lee,charlotte.lee.7847@example.com,South Africa,2023-10-25
7848,Vihaan,Wang,vihaan.wang.7848@inbox.com,Canada,2023-06-06
7849,Ethan,Lopez,ethan.lopez.7849@mail.com,Germany,2022-07-29
7850,Sophia,Garcia,sophia.garcia.7850@inbox.com,Canada,2025-02-25
7851,Charlotte,Brown,charlotte.brown.7851@example.com,Sweden,2024-08-22
7852,Mia,Sharma,mia.sharma.7852@inbox.com,United Kingdom,2022-03-10
7853,Reyansh,Martinez,reyansh.martinez.7853@webmail.net,Spain,2024-08-04
7854,Lucas,Park,lucas.park.7854@example.com,Germany,2024-08-17
7855,Ishaan,Smith,ishaan.smith.7855@company.org,Canada,2022-07-23
7856,Aditya,Gupta,aditya.gupta.7856@mail.com,Norway,2024-05-03
7857,Olivia,Khan,olivia.khan.7857@mail.com,Brazil,2024-12-31
7858,Shaurya,Martinez,shaurya.martinez.7858@example.com,Italy,2025-07-15
7859,Zara,Martinez,zara.martinez.7859@mail.com,South Africa,2025-03-17
7860,Lucas,Martinez,lucas.martinez.7860@company.org,Mexico,2022-09-08
7861,James,Bose,james.bose.7861@inbox.com,United Kingdom,2024-04-11
7862,Emma,Bose,emma.bose.7862@example.com,Mexico,2022-05-01
7863,Isabella,Liu,isabella.liu.7863@company.org,Australia,2024-09-30
7864,Ethan,Reddy,ethan.reddy.7864@company.org,South Korea,2022-09-14
7865,Vivaan,Kumar,vivaan.kumar.7865@inbox.com,Italy,2025-07-14
7866,Mia,Das,mia.das.7866@example.com,Indonesia,2025-05-14
7867,Aisha,Bose,aisha.bose.7867@inbox.com,France,2024-05-21
7868,Mia,Liu,mia.liu.7868@company.org,Brazil,2023-10-03
7869,Aanya,Johnson,aanya.johnson.7869@inbox.com,Germany,2024-07-23
7870,Sai,Miller,sai.miller.7870@mail.com,Norway,2024-12-12
7871,Arjun,Singh,arjun.singh.7871@company.org,South Korea,2025-05-14
7872,Lucas,Nguyen,lucas.nguyen.7872@mail.com,Italy,2025-03-26
7873,Isabella,Lee,isabella.lee.7873@webmail.net,Italy,2022-09-24
7874,Sara,Das,sara.das.7874@inbox.com,Australia,2022-11-03
7875,Noah,Zhang,noah.zhang.7875@company.org,South Korea,2023-12-20
7876,Evelyn,Garcia,evelyn.garcia.7876@company.org,France,2025-09-08
7877,Ava,Smith,ava.smith.7877@example.com,Netherlands,2023-06-09
7878,Sophia,Chen,sophia.chen.7878@inbox.com,Indonesia,2022-12-13
7879,Evelyn,Zhang,evelyn.zhang.7879@example.com,Vietnam,2025-07-20
7880,Aanya,Lopez,aanya.lopez.7880@example.com,Denmark,2025-03-31
7881,Pari,Menon,pari.menon.7881@example.com,Norway,2024-09-22
7882,Mira,Khan,mira.khan.7882@webmail.net,South Korea,2024-06-21
7883,Mason,Patel,mason.patel.7883@example.com,South Africa,2025-01-25
7884,Vihaan,Martinez,vihaan.martinez.7884@example.com,South Korea,2024-07-23
7885,Arjun,Williams,arjun.williams.7885@inbox.com,Indonesia,2024-01-21
7886,Pari,Garcia,pari.garcia.7886@mail.com,Spain,2023-03-24
7887,Aanya,Johnson,aanya.johnson.7887@mail.com,Singapore,2022-07-15
7888,Emma,Menon,emma.menon.7888@mail.com,Poland,2022-02-21
7889,Pari,Williams,pari.williams.7889@mail.com,Poland,2022-03-24
7890,Benjamin,Chen,benjamin.chen.7890@inbox.com,Canada,2025-07-13
7891,Vihaan,Bose,vihaan.bose.7891@inbox.com,United Kingdom,2022-08-19
7892,Mia,Iyer,mia.iyer.7892@example.com,United Kingdom,2025-03-14
7893,Mia,Singh,mia.singh.7893@webmail.net,France,2023-04-28
7894,Arjun,Menon,arjun.menon.7894@inbox.com,Netherlands,2023-10-17
7895,Elijah,Wang,elijah.wang.7895@example.com,USA,2024-09-12
7896,Arjun,Miller,arjun.miller.7896@mail.com,Japan,2024-08-06
7897,Pari,Mehta,pari.mehta.7897@company.org,Mexico,2024-03-30
7898,Zara,Jones,zara.jones.7898@mail.com,South Korea,2022-09-03
7899,Elijah,Davis,elijah.davis.7899@mail.com,South Africa,2025-07-19
7900,Liam,Lopez,liam.lopez.7900@webmail.net,Spain,2024-12-13
7901,Lucas,Wang,lucas.wang.7901@example.com,Netherlands,2023-07-03
7902,Anika,Zhang,anika.zhang.7902@example.com,Poland,2025-05-11
7903,Aanya,Singh,aanya.singh.7903@mail.com,Spain,2025-02-26
7904,Aisha,Jones,aisha.jones.7904@mail.com,Philippines,2023-09-18
7905,Liam,Sharma,liam.sharma.7905@mail.com,India,2022-08-11
7906,Benjamin,Martinez,benjamin.martinez.7906@company.org,USA,2022-02-28
7907,Vihaan,Williams,vihaan.williams.7907@webmail.net,South Korea,2023-09-24
7908,Arjun,Zhang,arjun.zhang.7908@inbox.com,South Africa,2023-04-13
7909,Shaurya,Jones,shaurya.jones.7909@webmail.net,Sweden,2023-01-23
7910,Liam,Brown,liam.brown.7910@example.com,Japan,2025-01-14
7911,Mira,Singh,mira.singh.7911@mail.com,South Africa,2022-07-14
7912,Sophia,Lopez,sophia.lopez.7912@company.org,Netherlands,2022-08-12
7913,Vihaan,Nguyen,vihaan.nguyen.7913@webmail.net,Spain,2023-07-19
7914,Zara,Martinez,zara.martinez.7914@company.org,Brazil,2022-11-02
7915,Aisha,Iyer,aisha.iyer.7915@company.org,Vietnam,2023-09-14
7916,James,Sharma,james.sharma.7916@inbox.com,Japan,2025-08-19
7917,Anaya,Nguyen,anaya.nguyen.7917@company.org,Vietnam,2025-09-05
7918,Diya,Wang,diya.wang.7918@inbox.com,Indonesia,2022-09-29
7919,Harper,Garcia,harper.garcia.7919@mail.com,Norway,2023-06-04
7920,Mia,Mehta,mia.mehta.7920@company.org,Brazil,2022-06-03
7921,Pari,Iyer,pari.iyer.7921@webmail.net,USA,2022-12-28
7922,Zara,Brown,zara.brown.7922@mail.com,Brazil,2022-03-20
7923,Diya,Iyer,diya.iyer.7923@inbox.com,Spain,2022-06-07
7924,Diya,Khan,diya.khan.7924@webmail.net,South Korea,2023-01-29
7925,Vivaan,Kim,vivaan.kim.7925@company.org,Denmark,2023-08-05
7926,Kiara,Lee,kiara.lee.7926@mail.com,Italy,2022-03-27
7927,Anika,Iyer,anika.iyer.7927@example.com,UAE,2023-05-19
7928,Arjun,Johnson,arjun.johnson.7928@mail.com,India,2023-01-22
7929,Ishaan,Brown,ishaan.brown.7929@example.com,United Kingdom,2024-01-28
7930,Sai,Smith,sai.smith.7930@inbox.com,UAE,2024-04-10
7931,Amelia,Patel,amelia.patel.7931@inbox.com,Denmark,2024-09-11
7932,Vihaan,Menon,vihaan.menon.7932@mail.com,Germany,2024-10-03
7933,Aisha,Brown,aisha.brown.7933@inbox.com,Singapore,2022-04-21
7934,Sai,Martinez,sai.martinez.7934@mail.com,Poland,2023-07-31
7935,Emma,Zhang,emma.zhang.7935@mail.com,Canada,2023-05-14
7936,Pari,Miller,pari.miller.7936@webmail.net,India,2025-04-12
7937,Evelyn,Reddy,evelyn.reddy.7937@example.com,Denmark,2025-08-04
7938,Anika,Liu,anika.liu.7938@inbox.com,Philippines,2022-02-03
7939,Olivia,Lee,olivia.lee.7939@mail.com,Philippines,2025-02-06
7940,Aisha,Lopez,aisha.lopez.7940@example.com,Japan,2024-08-15
7941,Lucas,Gupta,lucas.gupta.7941@webmail.net,Mexico,2025-08-26
7942,Liam,Smith,liam.smith.7942@example.com,Netherlands,2023-09-02
7943,Isabella,Wang,isabella.wang.7943@mail.com,Brazil,2024-03-10
7944,Ishaan,Menon,ishaan.menon.7944@mail.com,Spain,2022-01-28
7945,Isabella,Gupta,isabella.gupta.7945@webmail.net,Philippines,2022-07-28
7946,Arjun,Park,arjun.park.7946@company.org,Vietnam,2024-10-17
7947,Emma,Kumar,emma.kumar.7947@webmail.net,Indonesia,2023-01-04
7948,Liam,Khan,liam.khan.7948@example.com,USA,2023-12-13
7949,Isabella,Reddy,isabella.reddy.7949@example.com,Mexico,2023-03-26
7950,Shaurya,Patel,shaurya.patel.7950@company.org,Mexico,2024-05-23
7951,Ava,Miller,ava.miller.7951@webmail.net,UAE,2024-07-14
7952,Ethan,Jones,ethan.jones.7952@inbox.com,Canada,2022-10-22
7953,Anaya,Lee,anaya.lee.7953@example.com,Spain,2024-02-24
7954,Aditya,Nguyen,aditya.nguyen.7954@example.com,Denmark,2022-06-19
7955,Aditya,Reddy,aditya.reddy.7955@webmail.net,South Korea,2025-02-12
7956,Reyansh,Zhang,reyansh.zhang.7956@mail.com,India,2024-07-20
7957,Shaurya,Garcia,shaurya.garcia.7957@company.org,Sweden,2024-02-18
7958,Henry,Gupta,henry.gupta.7958@company.org,Norway,2022-11-18
7959,Aditya,Menon,aditya.menon.7959@example.com,Singapore,2023-08-23
7960,Anika,Davis,anika.davis.7960@example.com,Sweden,2023-09-26
7961,Harper,Garcia,harper.garcia.7961@company.org,Indonesia,2025-02-14
7962,Olivia,Reddy,olivia.reddy.7962@inbox.com,Sweden,2023-10-16
7963,Benjamin,Patel,benjamin.patel.7963@example.com,UAE,2024-10-23
7964,James,Johnson,james.johnson.7964@webmail.net,Mexico,2025-03-24
7965,Henry,Davis,henry.davis.7965@webmail.net,France,2024-01-14
7966,Diya,Miller,diya.miller.7966@example.com,India,2024-01-15
7967,Shaurya,Lee,shaurya.lee.7967@mail.com,Netherlands,2025-07-04
7968,Aarav,Nguyen,aarav.nguyen.7968@company.org,South Africa,2022-06-24
7969,Mira,Jones,mira.jones.7969@mail.com,Germany,2023-12-13
7970,Anaya,Smith,anaya.smith.7970@inbox.com,Spain,2022-01-28
7971,Mia,Miller,mia.miller.7971@example.com,Brazil,2024-04-08
7972,Pari,Patel,pari.patel.7972@company.org,Singapore,2023-11-20
7973,Evelyn,Chen,evelyn.chen.7973@company.org,Poland,2024-09-03
7974,Elijah,Smith,elijah.smith.7974@inbox.com,United Kingdom,2023-06-23
7975,Mira,Lopez,mira.lopez.7975@mail.com,Norway,2023-10-02
7976,Mia,Kumar,mia.kumar.7976@inbox.com,Canada,2023-08-26
7977,Lucas,Menon,lucas.menon.7977@example.com,Denmark,2023-11-07
7978,Ava,Miller,ava.miller.7978@webmail.net,Sweden,2023-11-30
7979,Emma,Reddy,emma.reddy.7979@inbox.com,Norway,2025-03-31
7980,Amelia,Kumar,amelia.kumar.7980@example.com,United Kingdom,2023-10-23
7981,Aisha,Smith,aisha.smith.7981@example.com,Spain,2023-06-30
7982,Benjamin,Wang,benjamin.wang.7982@webmail.net,UAE,2022-11-18
7983,Aisha,Iyer,aisha.iyer.7983@company.org,Canada,2022-03-17
7984,Ethan,Mehta,ethan.mehta.7984@mail.com,Denmark,2022-01-26
7985,Aditya,Khan,aditya.khan.7985@company.org,UAE,2025-07-20
7986,Olivia,Williams,olivia.williams.7986@mail.com,Mexico,2023-01-09
7987,Lucas,Lee,lucas.lee.7987@webmail.net,Netherlands,2025-05-19
7988,Anika,Sharma,anika.sharma.7988@mail.com,Vietnam,2022-06-04
7989,Ava,Garcia,ava.garcia.7989@company.org,Indonesia,2024-01-18
7990,Reyansh,Martinez,reyansh.martinez.7990@webmail.net,France,2022-06-17
7991,Emma,Das,emma.das.7991@webmail.net,Norway,2024-11-11
7992,Shaurya,Sharma,shaurya.sharma.7992@mail.com,United Kingdom,2023-02-12
7993,Vihaan,Khan,vihaan.khan.7993@inbox.com,UAE,2023-06-08
7994,Liam,Sharma,liam.sharma.7994@example.com,Vietnam,2023-06-16
7995,Mira,Martinez,mira.martinez.7995@company.org,India,2025-03-02
7996,Aditya,Park,aditya.park.7996@company.org,Denmark,2024-05-05
7997,Anaya,Martinez,anaya.martinez.7997@webmail.net,Netherlands,2024-09-07
7998,Mia,Iyer,mia.iyer.7998@company.org,Sweden,2024-01-14
7999,Ishaan,Das,ishaan.das.7999@example.com,Singapore,2023-09-01
8000,Anaya,Sharma,anaya.sharma.8000@inbox.com,Australia,2023-01-22
8001,Evelyn,Iyer,evelyn.iyer.8001@example.com,Vietnam,2022-02-12
8002,Vivaan,Martinez,vivaan.martinez.8002@inbox.com,Canada,2022-12-14
8003,Liam,Singh,liam.singh.8003@inbox.com,Poland,2024-08-18
8004,Pari,Sharma,pari.sharma.8004@inbox.com,Netherlands,2022-06-15
8005,Ethan,Martinez,ethan.martinez.8005@webmail.net,Denmark,2023-05-03
8006,Zara,Williams,zara.williams.8006@mail.com,Singapore,2024-03-06
8007,Daniel,Garcia,daniel.garcia.8007@mail.com,Indonesia,2023-07-13
8008,Reyansh,Miller,reyansh.miller.8008@webmail.net,Poland,2022-09-01
8009,Shaurya,Brown,shaurya.brown.8009@webmail.net,Germany,2025-04-23
8010,Liam,Kim,liam.kim.8010@example.com,Singapore,2022-01-07
8011,Aanya,Khan,aanya.khan.8011@example.com,Brazil,2022-07-21
8012,Pari,Kumar,pari.kumar.8012@example.com,South Korea,2023-08-02
8013,Ava,Nguyen,ava.nguyen.8013@webmail.net,Italy,2025-08-18
8014,Reyansh,Singh,reyansh.singh.8014@example.com,UAE,2024-10-21
8015,Emma,Miller,emma.miller.8015@example.com,Denmark,2025-07-07
8016,Sara,Gupta,sara.gupta.8016@mail.com,Sweden,2025-04-14
8017,Harper,Kumar,harper.kumar.8017@inbox.com,USA,2022-04-18
8018,Mason,Johnson,mason.johnson.8018@example.com,Spain,2025-01-07
8019,Charlotte,Wang,charlotte.wang.8019@mail.com,United Kingdom,2022-12-04
8020,James,Khan,james.khan.8020@company.org,Netherlands,2024-05-09
8021,Mira,Chen,mira.chen.8021@webmail.net,Japan,2024-09-13
8022,Daniel,Patel,daniel.patel.8022@company.org,Denmark,2023-08-16
8023,Kiara,Williams,kiara.williams.8023@inbox.com,Canada,2022-08-07
8024,Lucas,Johnson,lucas.johnson.8024@inbox.com,Poland,2025-07-12
8025,Henry,Wang,henry.wang.8025@inbox.com,South Korea,2023-04-16
8026,Shaurya,Sharma,shaurya.sharma.8026@mail.com,Germany,2025-05-26
8027,Sara,Lee,sara.lee.8027@mail.com,Norway,2023-01-26
8028,Charlotte,Davis,charlotte.davis.8028@mail.com,Singapore,2025-01-29
8029,Arjun,Iyer,arjun.iyer.8029@mail.com,Italy,2023-12-19
8030,Arjun,Das,arjun.das.8030@example.com,UAE,2022-12-18
8031,Arjun,Liu,arjun.liu.8031@company.org,United Kingdom,2022-02-19
8032,Shaurya,Johnson,shaurya.johnson.8032@webmail.net,Vietnam,2024-09-07
8033,James,Wang,james.wang.8033@inbox.com,United Kingdom,2025-05-09
8034,Muhammad,Lopez,muhammad.lopez.8034@company.org,Brazil,2023-09-27
8035,Aarav,Johnson,aarav.johnson.8035@example.com,Canada,2023-02-14
8036,Mia,Bose,mia.bose.8036@company.org,Canada,2024-06-01
8037,Muhammad,Liu,muhammad.liu.8037@company.org,United Kingdom,2025-06-03
8038,Daniel,Khan,daniel.khan.8038@inbox.com,Philippines,2025-08-08
8039,Ava,Park,ava.park.8039@company.org,Vietnam,2022-08-11
8040,Aisha,Nguyen,aisha.nguyen.8040@webmail.net,Netherlands,2024-05-20
8041,Henry,Park,henry.park.8041@inbox.com,Australia,2022-04-09
8042,Aditya,Iyer,aditya.iyer.8042@example.com,Japan,2023-03-13
8043,Sai,Mehta,sai.mehta.8043@company.org,Canada,2022-06-11
8044,Muhammad,Zhang,muhammad.zhang.8044@example.com,Norway,2023-04-30
8045,Aarav,Brown,aarav.brown.8045@mail.com,Canada,2022-09-01
8046,Liam,Kim,liam.kim.8046@webmail.net,United Kingdom,2025-09-19
8047,James,Park,james.park.8047@inbox.com,USA,2023-04-30
8048,Ethan,Patel,ethan.patel.8048@inbox.com,Sweden,2023-10-06
8049,Aarav,Martinez,aarav.martinez.8049@inbox.com,Philippines,2025-05-15
8050,Vihaan,Wang,vihaan.wang.8050@webmail.net,Singapore,2022-06-05
8051,Mira,Park,mira.park.8051@webmail.net,Sweden,2024-03-28
8052,Anaya,Reddy,anaya.reddy.8052@mail.com,USA,2022-06-12
8053,Sara,Wang,sara.wang.8053@webmail.net,UAE,2023-02-27
8054,Liam,Garcia,liam.garcia.8054@mail.com,Germany,2023-12-13
8055,Liam,Park,liam.park.8055@company.org,Netherlands,2023-02-22
8056,Vihaan,Jones,vihaan.jones.8056@inbox.com,Philippines,2022-02-12
8057,Pari,Mehta,pari.mehta.8057@inbox.com,Italy,2023-02-06
8058,Daniel,Kim,daniel.kim.8058@company.org,Denmark,2024-03-26
8059,Ethan,Sharma,ethan.sharma.8059@mail.com,Poland,2023-01-19
8060,Benjamin,Gupta,benjamin.gupta.8060@mail.com,Indonesia,2023-09-03
8061,Daniel,Das,daniel.das.8061@mail.com,Canada,2025-06-21
8062,Sophia,Das,sophia.das.8062@example.com,Canada,2025-07-18
8063,Ava,Sharma,ava.sharma.8063@mail.com,Brazil,2023-10-25
8064,Ethan,Smith,ethan.smith.8064@example.com,Brazil,2024-12-27
8065,Henry,Patel,henry.patel.8065@webmail.net,UAE,2023-09-09
8066,Anika,Reddy,anika.reddy.8066@example.com,Vietnam,2022-05-07
8067,Vivaan,Davis,vivaan.davis.8067@webmail.net,Poland,2024-09-27
8068,Noah,Das,noah.das.8068@example.com,Spain,2022-09-15
8069,Liam,Iyer,liam.iyer.8069@example.com,Singapore,2023-08-27
8070,Mira,Sharma,mira.sharma.8070@inbox.com,India,2023-11-16
8071,Mira,Miller,mira.miller.8071@webmail.net,Singapore,2024-07-20
8072,Aisha,Kumar,aisha.kumar.8072@webmail.net,Norway,2025-04-18
8073,James,Liu,james.liu.8073@company.org,Sweden,2023-02-26
8074,Harper,Menon,harper.menon.8074@example.com,Sweden,2023-12-27
8075,Aarav,Kumar,aarav.kumar.8075@mail.com,South Africa,2023-09-22
8076,Reyansh,Sharma,reyansh.sharma.8076@webmail.net,India,2025-05-24
8077,Mia,Sharma,mia.sharma.8077@webmail.net,Canada,2024-01-26
8078,Pari,Kim,pari.kim.8078@inbox.com,Netherlands,2024-06-10
8079,Aisha,Lopez,aisha.lopez.8079@mail.com,Australia,2025-06-21
8080,Aditya,Jones,aditya.jones.8080@example.com,Sweden,2022-06-21
8081,Arjun,Jones,arjun.jones.8081@company.org,United Kingdom,2024-12-28
8082,Isabella,Liu,isabella.liu.8082@example.com,India,2023-03-08
8083,Daniel,Sharma,daniel.sharma.8083@example.com,France,2023-02-21
8084,Mira,Das,mira.das.8084@inbox.com,Canada,2023-06-04
8085,James,Williams,james.williams.8085@inbox.com,Italy,2022-12-20
8086,Pari,Iyer,pari.iyer.8086@company.org,Vietnam,2023-04-16
8087,Elijah,Nguyen,elijah.nguyen.8087@inbox.com,Spain,2023-08-05
8088,Aanya,Iyer,aanya.iyer.8088@example.com,Denmark,2024-01-16
8089,Vivaan,Liu,vivaan.liu.8089@mail.com,Australia,2023-07-14
8090,Anika,Bose,anika.bose.8090@example.com,USA,2023-04-29
8091,Daniel,Lee,daniel.lee.8091@company.org,Denmark,2022-10-07
8092,Ava,Kim,ava.kim.8092@inbox.com,Singapore,2022-11-30
8093,Ava,Lee,ava.lee.8093@company.org,United Kingdom,2024-01-12
8094,Mia,Iyer,mia.iyer.8094@webmail.net,United Kingdom,2022-12-03
8095,Elijah,Zhang,elijah.zhang.8095@webmail.net,South Korea,2024-12-14
8096,Shaurya,Menon,shaurya.menon.8096@webmail.net,Sweden,2025-01-19
8097,Shaurya,Bose,shaurya.bose.8097@company.org,Australia,2025-07-01
8098,Olivia,Zhang,olivia.zhang.8098@webmail.net,Sweden,2025-08-25
8099,Noah,Park,noah.park.8099@company.org,Brazil,2022-08-27
8100,Lucas,Park,lucas.park.8100@company.org,Singapore,2023-12-06
8101,Sai,Menon,sai.menon.8101@example.com,Indonesia,2023-01-11
8102,Zara,Martinez,zara.martinez.8102@example.com,Australia,2025-04-03
8103,Lucas,Bose,lucas.bose.8103@webmail.net,Poland,2023-11-16
8104,Aditya,Williams,aditya.williams.8104@inbox.com,USA,2023-07-20
8105,Henry,Kim,henry.kim.8105@webmail.net,United Kingdom,2025-09-17
8106,Pari,Liu,pari.liu.8106@webmail.net,Mexico,2024-08-01
8107,Ishaan,Gupta,ishaan.gupta.8107@example.com,Indonesia,2023-08-27
8108,Ishaan,Brown,ishaan.brown.8108@webmail.net,USA,2024-12-19
8109,James,Davis,james.davis.8109@mail.com,Poland,2025-09-24
8110,Emma,Chen,emma.chen.8110@webmail.net,Japan,2023-04-15
8111,Sophia,Mehta,sophia.mehta.8111@company.org,Denmark,2024-12-14
8112,Benjamin,Jones,benjamin.jones.8112@example.com,USA,2023-04-05
8113,Liam,Smith,liam.smith.8113@example.com,Netherlands,2025-08-08
8114,Pari,Lopez,pari.lopez.8114@mail.com,Indonesia,2023-01-25
8115,Ishaan,Garcia,ishaan.garcia.8115@example.com,Indonesia,2025-01-30
8116,Charlotte,Johnson,charlotte.johnson.8116@company.org,Singapore,2022-08-23
8117,Emma,Brown,emma.brown.8117@company.org,Germany,2025-07-19
8118,Vihaan,Brown,vihaan.brown.8118@company.org,USA,2022-09-27
8119,Ava,Patel,ava.patel.8119@example.com,USA,2024-11-01
8120,Sai,Wang,sai.wang.8120@example.com,United Kingdom,2022-05-10
8121,Liam,Williams,liam.williams.8121@webmail.net,Canada,2022-04-20
8122,James,Jones,james.jones.8122@company.org,Australia,2023-02-05
8123,Sara,Chen,sara.chen.8123@company.org,Philippines,2024-08-31
8124,Harper,Reddy,harper.reddy.8124@example.com,Germany,2025-08-21
8125,Pari,Sharma,pari.sharma.8125@company.org,India,2024-03-06
8126,Ishaan,Kim,ishaan.kim.8126@company.org,Australia,2025-08-19
8127,Aisha,Park,aisha.park.8127@company.org,Singapore,2024-08-28
8128,Vihaan,Chen,vihaan.chen.8128@company.org,Vietnam,2025-08-17
8129,Sophia,Garcia,sophia.garcia.8129@mail.com,Germany,2024-11-12
8130,Anaya,Reddy,anaya.reddy.8130@inbox.com,India,2024-10-30
8131,Sara,Miller,sara.miller.8131@webmail.net,United Kingdom,2024-11-16
8132,Mia,Kim,mia.kim.8132@webmail.net,Brazil,2025-08-22
8133,Emma,Brown,emma.brown.8133@webmail.net,Philippines,2022-04-20
8134,Benjamin,Khan,benjamin.khan.8134@example.com,Germany,2025-04-14
8135,Evelyn,Davis,evelyn.davis.8135@mail.com,Germany,2022-02-02
8136,Mason,Mehta,mason.mehta.8136@company.org,Canada,2025-02-03
8137,Sophia,Liu,sophia.liu.8137@example.com,South Korea,2024-01-17
8138,Ava,Reddy,ava.reddy.8138@mail.com,South Africa,2025-07-10
8139,Vivaan,Khan,vivaan.khan.8139@webmail.net,Australia,2023-02-11
8140,Muhammad,Lee,muhammad.lee.8140@webmail.net,South Africa,2024-08-01
8141,Anika,Williams,anika.williams.8141@mail.com,Sweden,2023-05-08
8142,Daniel,Martinez,daniel.martinez.8142@webmail.net,Canada,2025-08-09
8143,Mia,Williams,mia.williams.8143@example.com,Japan,2025-07-23
8144,Anika,Khan,anika.khan.8144@company.org,Brazil,2024-11-01
8145,Arjun,Lee,arjun.lee.8145@mail.com,Denmark,2024-10-20
8146,Diya,Brown,diya.brown.8146@company.org,Germany,2022-08-20
8147,Sophia,Wang,sophia.wang.8147@example.com,Italy,2022-09-29
8148,Ava,Kumar,ava.kumar.8148@mail.com,Poland,2023-12-18
8149,James,Menon,james.menon.8149@company.org,Poland,2024-05-31
8150,Liam,Zhang,liam.zhang.8150@mail.com,France,2023-05-02
8151,Diya,Bose,diya.bose.8151@webmail.net,Poland,2025-03-29
8152,Sara,Menon,sara.menon.8152@company.org,South Korea,2023-03-09
8153,Anika,Wang,anika.wang.8153@webmail.net,Philippines,2025-04-06
8154,Charlotte,Williams,charlotte.williams.8154@example.com,Sweden,2025-09-16
8155,Muhammad,Reddy,muhammad.reddy.8155@mail.com,South Korea,2022-12-09
8156,Aditya,Williams,aditya.williams.8156@example.com,Japan,2024-07-28
8157,Evelyn,Sharma,evelyn.sharma.8157@company.org,Mexico,2024-02-16
8158,Lucas,Reddy,lucas.reddy.8158@inbox.com,Mexico,2024-12-27
8159,Olivia,Lopez,olivia.lopez.8159@example.com,Vietnam,2025-04-12
8160,Ava,Lee,ava.lee.8160@webmail.net,France,2024-04-04
8161,Lucas,Bose,lucas.bose.8161@example.com,Poland,2022-09-24
8162,Olivia,Martinez,olivia.martinez.8162@mail.com,United Kingdom,2022-01-25
8163,Zara,Johnson,zara.johnson.8163@webmail.net,Brazil,2022-09-19
8164,Muhammad,Williams,muhammad.williams.8164@webmail.net,France,2023-09-07
8165,Vivaan,Mehta,vivaan.mehta.8165@mail.com,Germany,2023-05-19
8166,Harper,Das,harper.das.8166@company.org,Canada,2025-05-22
8167,Aarav,Singh,aarav.singh.8167@inbox.com,Poland,2023-06-20
8168,Daniel,Martinez,daniel.martinez.8168@webmail.net,Denmark,2023-12-29
8169,Pari,Nguyen,pari.nguyen.8169@company.org,Italy,2022-10-31
8170,Benjamin,Liu,benjamin.liu.8170@webmail.net,UAE,2025-08-17
8171,James,Brown,james.brown.8171@example.com,UAE,2024-05-26
8172,Shaurya,Menon,shaurya.menon.8172@webmail.net,Philippines,2023-02-23
8173,Sai,Reddy,sai.reddy.8173@webmail.net,Canada,2024-11-15
8174,Anaya,Johnson,anaya.johnson.8174@example.com,Italy,2022-12-06
8175,Evelyn,Williams,evelyn.williams.8175@inbox.com,Germany,2023-09-03
8176,Mia,Zhang,mia.zhang.8176@example.com,Spain,2022-06-10
8177,Aanya,Smith,aanya.smith.8177@inbox.com,Norway,2025-02-08
8178,Aanya,Mehta,aanya.mehta.8178@example.com,Australia,2025-05-22
8179,Aarav,Davis,aarav.davis.8179@inbox.com,India,2023-09-11
8180,Anika,Patel,anika.patel.8180@company.org,Philippines,2024-12-22
8181,Shaurya,Martinez,shaurya.martinez.8181@inbox.com,France,2024-09-17
8182,Henry,Khan,henry.khan.8182@webmail.net,Sweden,2022-12-13
8183,Aanya,Wang,aanya.wang.8183@example.com,United Kingdom,2024-01-03
8184,Evelyn,Miller,evelyn.miller.8184@example.com,Australia,2022-09-24
8185,Ethan,Iyer,ethan.iyer.8185@webmail.net,Indonesia,2023-07-03
8186,Mira,Davis,mira.davis.8186@mail.com,UAE,2022-10-13
8187,Aarav,Garcia,aarav.garcia.8187@example.com,Germany,2022-04-10
8188,Daniel,Jones,daniel.jones.8188@company.org,USA,2023-04-04
8189,Ishaan,Davis,ishaan.davis.8189@inbox.com,Netherlands,2025-07-12
8190,Arjun,Williams,arjun.williams.8190@mail.com,Vietnam,2024-02-01
8191,Daniel,Lee,daniel.lee.8191@mail.com,Spain,2024-09-04
8192,Sophia,Brown,sophia.brown.8192@mail.com,Canada,2024-08-28
8193,Liam,Smith,liam.smith.8193@example.com,Mexico,2024-11-29
8194,Vivaan,Sharma,vivaan.sharma.8194@example.com,UAE,2022-02-20
8195,Harper,Gupta,harper.gupta.8195@inbox.com,Poland,2024-12-05
8196,Charlotte,Chen,charlotte.chen.8196@mail.com,Japan,2022-07-20
8197,Isabella,Kumar,isabella.kumar.8197@mail.com,France,2024-12-08
8198,Vihaan,Sharma,vihaan.sharma.8198@webmail.net,Australia,2022-01-17
8199,Ethan,Khan,ethan.khan.8199@mail.com,Germany,2023-05-16
8200,Aditya,Khan,aditya.khan.8200@company.org,Philippines,2022-12-25
8201,Aarav,Lee,aarav.lee.8201@inbox.com,Australia,2024-11-26
8202,Shaurya,Kumar,shaurya.kumar.8202@inbox.com,South Africa,2022-11-03
8203,Mia,Brown,mia.brown.8203@company.org,Australia,2022-06-28
8204,Isabella,Chen,isabella.chen.8204@mail.com,Denmark,2025-08-12
8205,Henry,Sharma,henry.sharma.8205@example.com,Poland,2025-09-15
8206,Mason,Lee,mason.lee.8206@mail.com,Singapore,2022-07-12
8207,Isabella,Liu,isabella.liu.8207@company.org,Spain,2023-08-22
8208,Henry,Garcia,henry.garcia.8208@inbox.com,Philippines,2022-01-15
8209,Anika,Mehta,anika.mehta.8209@inbox.com,USA,2023-08-04
8210,Zara,Bose,zara.bose.8210@example.com,Japan,2022-01-30
8211,Ava,Gupta,ava.gupta.8211@webmail.net,Spain,2023-02-14
8212,James,Jones,james.jones.8212@example.com,USA,2024-12-01
8213,Charlotte,Das,charlotte.das.8213@inbox.com,South Korea,2024-05-07
8214,Vivaan,Gupta,vivaan.gupta.8214@example.com,Mexico,2024-01-31
8215,Mason,Das,mason.das.8215@company.org,Germany,2023-10-04
8216,Aanya,Miller,aanya.miller.8216@company.org,USA,2022-07-21
8217,Mira,Gupta,mira.gupta.8217@inbox.com,United Kingdom,2022-01-10
8218,Liam,Liu,liam.liu.8218@company.org,USA,2025-06-06
8219,Mason,Lopez,mason.lopez.8219@webmail.net,Denmark,2022-06-03
8220,Kiara,Gupta,kiara.gupta.8220@mail.com,Mexico,2025-01-05
8221,Noah,Smith,noah.smith.8221@mail.com,France,2024-12-17
8222,Aanya,Khan,aanya.khan.8222@company.org,Vietnam,2022-03-16
8223,Liam,Miller,liam.miller.8223@mail.com,Norway,2023-12-10
8224,Ethan,Kim,ethan.kim.8224@mail.com,South Korea,2023-06-28
8225,Zara,Nguyen,zara.nguyen.8225@inbox.com,India,2024-02-11
8226,Sophia,Singh,sophia.singh.8226@mail.com,Mexico,2024-07-14
8227,Emma,Patel,emma.patel.8227@example.com,United Kingdom,2022-06-29
8228,Noah,Chen,noah.chen.8228@inbox.com,France,2023-05-12
8229,Harper,Park,harper.park.8229@mail.com,Spain,2023-12-21
8230,Ethan,Lee,ethan.lee.8230@company.org,Norway,2024-04-16
8231,Diya,Johnson,diya.johnson.8231@mail.com,India,2022-05-09
8232,Ethan,Menon,ethan.menon.8232@company.org,Norway,2022-01-30
8233,Anika,Sharma,anika.sharma.8233@inbox.com,Japan,2025-05-31
8234,Charlotte,Kumar,charlotte.kumar.8234@example.com,Sweden,2025-01-02
8235,James,Garcia,james.garcia.8235@company.org,United Kingdom,2023-11-02
8236,Arjun,Wang,arjun.wang.8236@mail.com,South Korea,2022-10-04
8237,Benjamin,Kumar,benjamin.kumar.8237@inbox.com,Brazil,2024-12-27
8238,Noah,Lee,noah.lee.8238@inbox.com,South Korea,2024-07-15
8239,Diya,Patel,diya.patel.8239@inbox.com,Mexico,2024-05-25
8240,Mason,Jones,mason.jones.8240@webmail.net,Mexico,2024-02-10
8241,Benjamin,Lopez,benjamin.lopez.8241@example.com,Canada,2024-11-23
8242,Kiara,Wang,kiara.wang.8242@company.org,Italy,2025-05-23
8243,Henry,Iyer,henry.iyer.8243@inbox.com,USA,2025-03-24
8244,Noah,Jones,noah.jones.8244@mail.com,Spain,2023-11-18
8245,Sara,Brown,sara.brown.8245@example.com,Vietnam,2022-05-17
8246,Ava,Sharma,ava.sharma.8246@company.org,Norway,2025-08-11
8247,Olivia,Miller,olivia.miller.8247@webmail.net,Denmark,2022-03-02
8248,Reyansh,Kumar,reyansh.kumar.8248@mail.com,UAE,2022-10-10
8249,Muhammad,Chen,muhammad.chen.8249@mail.com,Australia,2023-08-12
8250,Evelyn,Lopez,evelyn.lopez.8250@example.com,Singapore,2022-01-13
8251,Harper,Mehta,harper.mehta.8251@webmail.net,Japan,2023-11-04
8252,Arjun,Khan,arjun.khan.8252@company.org,Vietnam,2024-09-14
8253,Elijah,Kumar,elijah.kumar.8253@company.org,Sweden,2024-08-17
8254,Pari,Sharma,pari.sharma.8254@webmail.net,Vietnam,2023-03-13
8255,Ava,Kumar,ava.kumar.8255@example.com,United Kingdom,2025-03-07
8256,Anika,Nguyen,anika.nguyen.8256@company.org,Denmark,2025-03-19
8257,Lucas,Martinez,lucas.martinez.8257@mail.com,Poland,2023-12-26
8258,Reyansh,Kim,reyansh.kim.8258@webmail.net,Mexico,2022-03-17
8259,Pari,Mehta,pari.mehta.8259@webmail.net,Sweden,2025-03-08
8260,Charlotte,Kumar,charlotte.kumar.8260@inbox.com,Sweden,2025-07-11
8261,Shaurya,Miller,shaurya.miller.8261@company.org,UAE,2025-08-30
8262,Daniel,Miller,daniel.miller.8262@company.org,Singapore,2024-10-09
8263,Reyansh,Davis,reyansh.davis.8263@mail.com,Japan,2024-06-12
8264,Mia,Johnson,mia.johnson.8264@mail.com,Indonesia,2022-03-21
8265,Elijah,Sharma,elijah.sharma.8265@example.com,South Africa,2024-01-01
8266,Anika,Garcia,anika.garcia.8266@inbox.com,Denmark,2024-08-14
8267,James,Lopez,james.lopez.8267@inbox.com,Philippines,2025-04-29
8268,Zara,Brown,zara.brown.8268@inbox.com,Italy,2025-09-12
8269,Aisha,Menon,aisha.menon.8269@example.com,United Kingdom,2023-12-04
8270,Sophia,Martinez,sophia.martinez.8270@webmail.net,France,2022-07-30
8271,Ava,Kim,ava.kim.8271@inbox.com,Mexico,2024-10-13
8272,Pari,Das,pari.das.8272@inbox.com,Italy,2024-06-01
8273,Reyansh,Lee,reyansh.lee.8273@example.com,Singapore,2025-05-28
8274,Sara,Iyer,sara.iyer.8274@company.org,Mexico,2024-10-10
8275,Harper,Mehta,harper.mehta.8275@company.org,Poland,2023-05-27
8276,Elijah,Nguyen,elijah.nguyen.8276@webmail.net,India,2025-06-15
8277,Benjamin,Lee,benjamin.lee.8277@webmail.net,Denmark,2023-07-20
8278,Harper,Zhang,harper.zhang.8278@webmail.net,Mexico,2024-02-28
8279,Pari,Bose,pari.bose.8279@webmail.net,Vietnam,2023-05-28
8280,Mason,Park,mason.park.8280@example.com,Norway,2023-08-11
8281,Lucas,Miller,lucas.miller.8281@mail.com,South Korea,2023-04-22
8282,Aditya,Garcia,aditya.garcia.8282@mail.com,Indonesia,2022-03-30
8283,Ethan,Kim,ethan.kim.8283@example.com,Vietnam,2025-06-06
8284,Mia,Jones,mia.jones.8284@example.com,Singapore,2025-09-29
8285,Kiara,Brown,kiara.brown.8285@example.com,Vietnam,2024-09-24
8286,Aarav,Garcia,aarav.garcia.8286@company.org,Sweden,2022-12-05
8287,Ava,Martinez,ava.martinez.8287@mail.com,France,2022-10-24
8288,Kiara,Lee,kiara.lee.8288@company.org,Indonesia,2023-05-15
8289,Mira,Sharma,mira.sharma.8289@mail.com,Brazil,2023-09-28
8290,James,Martinez,james.martinez.8290@inbox.com,Poland,2022-07-21
8291,Henry,Brown,henry.brown.8291@example.com,Vietnam,2025-02-04
8292,Diya,Iyer,diya.iyer.8292@mail.com,Canada,2025-06-29
8293,Sophia,Brown,sophia.brown.8293@mail.com,Australia,2023-12-14
8294,Anika,Brown,anika.brown.8294@inbox.com,Indonesia,2025-06-10
8295,Muhammad,Das,muhammad.das.8295@webmail.net,Poland,2022-08-31
8296,Sara,Lopez,sara.lopez.8296@example.com,Indonesia,2022-10-20
8297,Ishaan,Khan,ishaan.khan.8297@inbox.com,Brazil,2024-01-19
8298,Amelia,Reddy,amelia.reddy.8298@webmail.net,South Korea,2025-05-15
8299,Daniel,Brown,daniel.brown.8299@company.org,India,2023-01-13
8300,Olivia,Brown,olivia.brown.8300@inbox.com,UAE,2024-12-15
8301,Ethan,Patel,ethan.patel.8301@example.com,Germany,2022-03-05
8302,Mason,Gupta,mason.gupta.8302@inbox.com,Netherlands,2022-04-25
8303,Kiara,Williams,kiara.williams.8303@inbox.com,South Korea,2025-05-16
8304,Emma,Martinez,emma.martinez.8304@webmail.net,Japan,2025-05-26
8305,Sophia,Gupta,sophia.gupta.8305@example.com,France,2024-05-05
8306,Elijah,Iyer,elijah.iyer.8306@company.org,Vietnam,2022-05-25
8307,Shaurya,Garcia,shaurya.garcia.8307@example.com,Vietnam,2025-08-02
8308,Mason,Brown,mason.brown.8308@webmail.net,USA,2025-02-15
8309,Sophia,Gupta,sophia.gupta.8309@mail.com,Germany,2025-09-12
8310,Shaurya,Bose,shaurya.bose.8310@mail.com,Norway,2024-10-16
8311,Vivaan,Smith,vivaan.smith.8311@inbox.com,Singapore,2023-03-17
8312,Mason,Davis,mason.davis.8312@inbox.com,Indonesia,2023-01-21
8313,Aarav,Bose,aarav.bose.8313@inbox.com,Japan,2023-07-29
8314,Liam,Wang,liam.wang.8314@company.org,Mexico,2023-06-02
8315,Vihaan,Khan,vihaan.khan.8315@mail.com,Spain,2025-01-01
8316,Noah,Williams,noah.williams.8316@webmail.net,USA,2024-02-14
8317,Amelia,Chen,amelia.chen.8317@company.org,Norway,2025-05-30
8318,Aisha,Bose,aisha.bose.8318@mail.com,Australia,2024-09-30
8319,Ishaan,Garcia,ishaan.garcia.8319@mail.com,Spain,2024-06-14
8320,Benjamin,Patel,benjamin.patel.8320@webmail.net,Japan,2022-02-24
8321,Vivaan,Miller,vivaan.miller.8321@mail.com,France,2023-09-14
8322,Elijah,Johnson,elijah.johnson.8322@mail.com,Philippines,2023-10-21
8323,Elijah,Sharma,elijah.sharma.8323@mail.com,France,2022-08-21
8324,Vihaan,Martinez,vihaan.martinez.8324@inbox.com,Italy,2023-06-08
8325,Vivaan,Johnson,vivaan.johnson.8325@webmail.net,United Kingdom,2025-04-16
8326,Benjamin,Patel,benjamin.patel.8326@webmail.net,Spain,2022-02-06
8327,Arjun,Brown,arjun.brown.8327@example.com,Vietnam,2022-09-26
8328,Aditya,Patel,aditya.patel.8328@company.org,Australia,2025-08-10
8329,Anaya,Menon,anaya.menon.8329@company.org,South Korea,2022-02-21
8330,Mia,Williams,mia.williams.8330@webmail.net,Poland,2022-09-12
8331,Muhammad,Johnson,muhammad.johnson.8331@example.com,France,2024-05-06
8332,Kiara,Park,kiara.park.8332@mail.com,Brazil,2024-07-02
8333,Arjun,Nguyen,arjun.nguyen.8333@mail.com,Poland,2024-06-16
8334,Ava,Wang,ava.wang.8334@company.org,South Africa,2022-08-16
8335,Muhammad,Sharma,muhammad.sharma.8335@mail.com,Mexico,2022-02-08
8336,Lucas,Reddy,lucas.reddy.8336@mail.com,France,2023-10-12
8337,Aditya,Zhang,aditya.zhang.8337@company.org,India,2022-07-15
8338,Shaurya,Miller,shaurya.miller.8338@webmail.net,Brazil,2023-11-22
8339,Zara,Singh,zara.singh.8339@example.com,Italy,2023-05-06
8340,Mira,Lopez,mira.lopez.8340@inbox.com,Norway,2024-02-02
8341,Charlotte,Davis,charlotte.davis.8341@mail.com,Italy,2024-04-30
8342,Shaurya,Patel,shaurya.patel.8342@mail.com,Singapore,2022-08-23
8343,Aanya,Lee,aanya.lee.8343@company.org,Vietnam,2025-07-14
8344,Vivaan,Reddy,vivaan.reddy.8344@webmail.net,France,2024-06-15
8345,Henry,Patel,henry.patel.8345@inbox.com,South Korea,2023-10-09
8346,Mason,Smith,mason.smith.8346@company.org,Sweden,2023-05-19
8347,Ishaan,Nguyen,ishaan.nguyen.8347@webmail.net,Japan,2023-09-27
8348,Aarav,Zhang,aarav.zhang.8348@webmail.net,Denmark,2025-06-25
8349,Vivaan,Kim,vivaan.kim.8349@inbox.com,Spain,2023-11-15
8350,Shaurya,Lee,shaurya.lee.8350@inbox.com,South Africa,2025-06-22
8351,Noah,Singh,noah.singh.8351@webmail.net,UAE,2022-12-04
8352,Ethan,Davis,ethan.davis.8352@inbox.com,Italy,2023-12-30
8353,Amelia,Davis,amelia.davis.8353@inbox.com,Norway,2022-01-22
8354,Ethan,Sharma,ethan.sharma.8354@company.org,Indonesia,2023-02-28
8355,Mason,Brown,mason.brown.8355@webmail.net,Netherlands,2023-12-13
8356,Vihaan,Williams,vihaan.williams.8356@mail.com,Canada,2024-08-13
8357,Harper,Miller,harper.miller.8357@webmail.net,Poland,2022-08-26
8358,Charlotte,Das,charlotte.das.8358@webmail.net,Germany,2024-03-22
8359,Vihaan,Wang,vihaan.wang.8359@mail.com,Poland,2024-03-07
8360,Shaurya,Kumar,shaurya.kumar.8360@example.com,Singapore,2025-01-03
8361,Ava,Menon,ava.menon.8361@webmail.net,United Kingdom,2022-02-11
8362,Aarav,Brown,aarav.brown.8362@webmail.net,Australia,2022-04-26
8363,Evelyn,Williams,evelyn.williams.8363@inbox.com,India,2023-08-25
8364,Sophia,Davis,sophia.davis.8364@example.com,Sweden,2025-05-19
8365,Kiara,Reddy,kiara.reddy.8365@webmail.net,Indonesia,2023-08-11
8366,Aisha,Garcia,aisha.garcia.8366@inbox.com,Denmark,2024-09-14
8367,Arjun,Khan,arjun.khan.8367@company.org,Italy,2024-03-24
8368,Kiara,Kumar,kiara.kumar.8368@mail.com,United Kingdom,2025-03-28
8369,Sara,Khan,sara.khan.8369@inbox.com,Norway,2023-01-06
8370,Emma,Park,emma.park.8370@inbox.com,Vietnam,2022-05-10
8371,Sophia,Wang,sophia.wang.8371@example.com,USA,2024-06-15
8372,Benjamin,Reddy,benjamin.reddy.8372@company.org,Poland,2024-11-23
8373,Sara,Davis,sara.davis.8373@company.org,USA,2023-11-15
8374,Aarav,Bose,aarav.bose.8374@example.com,Indonesia,2024-01-03
8375,Aarav,Lee,aarav.lee.8375@webmail.net,Sweden,2024-01-25
8376,Reyansh,Smith,reyansh.smith.8376@example.com,France,2024-01-15
8377,Mia,Kim,mia.kim.8377@example.com,United Kingdom,2024-01-03
8378,Mira,Patel,mira.patel.8378@mail.com,South Korea,2022-12-16
8379,Isabella,Davis,isabella.davis.8379@inbox.com,Denmark,2025-02-11
8380,Ethan,Lopez,ethan.lopez.8380@webmail.net,Singapore,2024-12-22
8381,Shaurya,Kim,shaurya.kim.8381@webmail.net,South Korea,2022-05-10
8382,Vihaan,Brown,vihaan.brown.8382@example.com,Canada,2022-02-24
8383,Elijah,Bose,elijah.bose.8383@example.com,USA,2024-11-16
8384,Lucas,Patel,lucas.patel.8384@webmail.net,United Kingdom,2024-05-12
8385,Emma,Sharma,emma.sharma.8385@mail.com,Philippines,2022-01-19
8386,Emma,Patel,emma.patel.8386@inbox.com,Germany,2024-10-30
8387,Mira,Martinez,mira.martinez.8387@mail.com,Netherlands,2024-12-01
8388,Pari,Lee,pari.lee.8388@company.org,Vietnam,2022-09-30
8389,Aditya,Reddy,aditya.reddy.8389@mail.com,USA,2024-08-21
8390,Lucas,Smith,lucas.smith.8390@company.org,Poland,2024-01-06
8391,Zara,Kim,zara.kim.8391@inbox.com,Italy,2024-09-21
8392,Pari,Zhang,pari.zhang.8392@webmail.net,Poland,2023-05-15
8393,Benjamin,Zhang,benjamin.zhang.8393@webmail.net,Philippines,2025-03-08
8394,Aisha,Menon,aisha.menon.8394@inbox.com,France,2022-08-24
8395,Ava,Park,ava.park.8395@company.org,Vietnam,2025-04-01
8396,Sara,Park,sara.park.8396@mail.com,South Africa,2022-03-29
8397,Mira,Reddy,mira.reddy.8397@inbox.com,Singapore,2022-06-25
8398,Olivia,Chen,olivia.chen.8398@mail.com,Philippines,2023-11-16
8399,Mira,Patel,mira.patel.8399@inbox.com,Vietnam,2022-05-25
8400,Kiara,Iyer,kiara.iyer.8400@company.org,Italy,2025-04-07
8401,Pari,Zhang,pari.zhang.8401@webmail.net,Italy,2025-05-21
8402,Sophia,Nguyen,sophia.nguyen.8402@company.org,Denmark,2023-11-26
8403,Ava,Davis,ava.davis.8403@webmail.net,United Kingdom,2025-04-06
8404,Aarav,Liu,aarav.liu.8404@inbox.com,Sweden,2023-06-18
8405,Amelia,Chen,amelia.chen.8405@webmail.net,Canada,2023-04-13
8406,Benjamin,Park,benjamin.park.8406@inbox.com,India,2024-03-20
8407,Aisha,Lopez,aisha.lopez.8407@webmail.net,Philippines,2024-03-12
8408,Harper,Reddy,harper.reddy.8408@inbox.com,Japan,2024-07-02
8409,Daniel,Patel,daniel.patel.8409@example.com,Sweden,2022-11-25
8410,Noah,Miller,noah.miller.8410@mail.com,Singapore,2023-03-17
8411,Aditya,Park,aditya.park.8411@webmail.net,UAE,2023-02-01
8412,Sara,Brown,sara.brown.8412@company.org,USA,2024-08-16
8413,Elijah,Davis,elijah.davis.8413@mail.com,Spain,2022-10-11
8414,Sara,Smith,sara.smith.8414@inbox.com,Brazil,2022-08-14
8415,Ethan,Nguyen,ethan.nguyen.8415@example.com,Denmark,2022-05-31
8416,Muhammad,Reddy,muhammad.reddy.8416@example.com,Indonesia,2024-12-25
8417,Evelyn,Smith,evelyn.smith.8417@example.com,Indonesia,2024-04-09
8418,Sara,Williams,sara.williams.8418@webmail.net,Vietnam,2024-03-05
8419,Daniel,Davis,daniel.davis.8419@inbox.com,Vietnam,2024-07-15
8420,Pari,Liu,pari.liu.8420@example.com,France,2023-01-13
8421,Olivia,Liu,olivia.liu.8421@webmail.net,Denmark,2022-07-02
8422,Harper,Park,harper.park.8422@example.com,Australia,2025-06-25
8423,Mia,Nguyen,mia.nguyen.8423@mail.com,Indonesia,2024-10-08
8424,Zara,Lee,zara.lee.8424@example.com,Norway,2025-09-25
8425,Aditya,Kumar,aditya.kumar.8425@mail.com,Germany,2024-10-17
8426,Mason,Menon,mason.menon.8426@inbox.com,Germany,2024-08-15
8427,Amelia,Park,amelia.park.8427@example.com,Germany,2023-06-05
8428,Noah,Das,noah.das.8428@mail.com,Norway,2025-07-01
8429,Elijah,Miller,elijah.miller.8429@company.org,Netherlands,2025-09-04
8430,Reyansh,Lee,reyansh.lee.8430@mail.com,Poland,2022-04-10
8431,Mira,Garcia,mira.garcia.8431@inbox.com,Vietnam,2024-08-03
8432,Charlotte,Menon,charlotte.menon.8432@inbox.com,Italy,2023-08-24
8433,Aarav,Das,aarav.das.8433@company.org,France,2023-01-21
8434,Mia,Gupta,mia.gupta.8434@company.org,Netherlands,2023-01-27
8435,Lucas,Wang,lucas.wang.8435@example.com,France,2023-02-12
8436,Isabella,Reddy,isabella.reddy.8436@mail.com,Italy,2024-02-15
8437,Noah,Davis,noah.davis.8437@inbox.com,India,2023-06-19
8438,Shaurya,Lopez,shaurya.lopez.8438@webmail.net,France,2023-11-24
8439,Isabella,Lopez,isabella.lopez.8439@company.org,Sweden,2024-10-05
8440,Daniel,Jones,daniel.jones.8440@company.org,Denmark,2024-03-26
8441,Mia,Garcia,mia.garcia.8441@inbox.com,Mexico,2023-03-10
8442,Noah,Miller,noah.miller.8442@webmail.net,Japan,2025-03-24
8443,Mira,Reddy,mira.reddy.8443@inbox.com,Brazil,2022-01-07
8444,Muhammad,Bose,muhammad.bose.8444@mail.com,Poland,2025-01-26
8445,James,Lee,james.lee.8445@webmail.net,Australia,2022-01-06
8446,Noah,Lopez,noah.lopez.8446@mail.com,Spain,2024-12-16
8447,Mia,Brown,mia.brown.8447@example.com,Vietnam,2024-12-20
8448,James,Mehta,james.mehta.8448@webmail.net,Japan,2023-01-23
8449,Evelyn,Lopez,evelyn.lopez.8449@example.com,USA,2022-08-26
8450,Zara,Liu,zara.liu.8450@inbox.com,Sweden,2025-05-08
8451,Mira,Garcia,mira.garcia.8451@mail.com,Poland,2023-10-18
8452,Olivia,Williams,olivia.williams.8452@example.com,United Kingdom,2023-07-14
8453,Mason,Davis,mason.davis.8453@mail.com,Singapore,2024-12-31
8454,Ishaan,Lee,ishaan.lee.8454@example.com,Brazil,2025-06-14
8455,Mia,Sharma,mia.sharma.8455@webmail.net,Vietnam,2023-06-05
8456,Daniel,Menon,daniel.menon.8456@example.com,Sweden,2025-09-07
8457,Liam,Iyer,liam.iyer.8457@webmail.net,United Kingdom,2022-02-24
8458,Ishaan,Lee,ishaan.lee.8458@webmail.net,Germany,2024-09-14
8459,Aisha,Iyer,aisha.iyer.8459@example.com,Brazil,2022-11-28
8460,Ethan,Park,ethan.park.8460@webmail.net,France,2022-04-15
8461,Charlotte,Williams,charlotte.williams.8461@mail.com,South Africa,2023-03-18
8462,Aisha,Jones,aisha.jones.8462@webmail.net,UAE,2022-10-20
8463,Arjun,Wang,arjun.wang.8463@mail.com,United Kingdom,2024-08-29
8464,Arjun,Mehta,arjun.mehta.8464@example.com,Norway,2024-02-03
8465,Charlotte,Zhang,charlotte.zhang.8465@company.org,France,2024-01-29
8466,Charlotte,Chen,charlotte.chen.8466@webmail.net,India,2023-10-09
8467,Arjun,Brown,arjun.brown.8467@inbox.com,Indonesia,2023-06-23
8468,Daniel,Zhang,daniel.zhang.8468@inbox.com,Sweden,2024-03-08
8469,Sophia,Johnson,sophia.johnson.8469@inbox.com,Brazil,2023-11-04
8470,Liam,Lee,liam.lee.8470@example.com,South Korea,2024-03-23
8471,Vivaan,Singh,vivaan.singh.8471@company.org,South Africa,2024-11-23
8472,Evelyn,Singh,evelyn.singh.8472@mail.com,Mexico,2022-04-29
8473,Aanya,Bose,aanya.bose.8473@company.org,Vietnam,2024-12-31
8474,Charlotte,Johnson,charlotte.johnson.8474@company.org,Spain,2022-03-06
8475,Liam,Liu,liam.liu.8475@inbox.com,Poland,2023-08-30
8476,James,Bose,james.bose.8476@company.org,Indonesia,2024-03-28
8477,Aisha,Singh,aisha.singh.8477@company.org,Norway,2022-08-31
8478,Charlotte,Das,charlotte.das.8478@example.com,Italy,2023-05-26
8479,Shaurya,Patel,shaurya.patel.8479@example.com,Brazil,2024-11-06
8480,Pari,Liu,pari.liu.8480@mail.com,Vietnam,2025-06-19
8481,Daniel,Davis,daniel.davis.8481@webmail.net,Norway,2022-05-22
8482,Aanya,Mehta,aanya.mehta.8482@mail.com,Philippines,2022-01-27
8483,Anaya,Zhang,anaya.zhang.8483@webmail.net,Spain,2024-03-23
8484,Isabella,Das,isabella.das.8484@webmail.net,Germany,2025-09-17
8485,Lucas,Davis,lucas.davis.8485@mail.com,Singapore,2023-10-27
8486,Charlotte,Lee,charlotte.lee.8486@inbox.com,Vietnam,2022-10-17
8487,Lucas,Khan,lucas.khan.8487@webmail.net,Sweden,2025-02-21
8488,Ava,Sharma,ava.sharma.8488@mail.com,Philippines,2022-08-21
8489,Aarav,Miller,aarav.miller.8489@webmail.net,Netherlands,2024-05-21
8490,Pari,Liu,pari.liu.8490@webmail.net,Japan,2022-05-05
8491,Aarav,Williams,aarav.williams.8491@company.org,France,2022-12-20
8492,Pari,Menon,pari.menon.8492@inbox.com,South Africa,2025-06-17
8493,Emma,Garcia,emma.garcia.8493@inbox.com,Brazil,2023-10-23
8494,Diya,Mehta,diya.mehta.8494@mail.com,South Africa,2025-08-27
8495,Ethan,Garcia,ethan.garcia.8495@example.com,South Africa,2022-03-28
8496,Sara,Brown,sara.brown.8496@inbox.com,Australia,2024-04-04
8497,Olivia,Lee,olivia.lee.8497@webmail.net,Denmark,2022-12-06
8498,Vihaan,Khan,vihaan.khan.8498@mail.com,Italy,2025-03-04
8499,Ishaan,Singh,ishaan.singh.8499@inbox.com,Norway,2025-06-21
8500,Ethan,Bose,ethan.bose.8500@inbox.com,USA,2025-01-06
8501,Aanya,Wang,aanya.wang.8501@example.com,Japan,2025-03-31
8502,Shaurya,Brown,shaurya.brown.8502@inbox.com,Mexico,2023-03-28
8503,Mason,Miller,mason.miller.8503@mail.com,Poland,2024-06-18
8504,Ethan,Kumar,ethan.kumar.8504@example.com,Italy,2023-04-01
8505,Reyansh,Gupta,reyansh.gupta.8505@webmail.net,Spain,2024-05-16
8506,Charlotte,Zhang,charlotte.zhang.8506@inbox.com,Canada,2025-05-10
8507,James,Williams,james.williams.8507@inbox.com,South Africa,2023-09-13
8508,Mia,Iyer,mia.iyer.8508@webmail.net,Sweden,2025-07-31
8509,Noah,Johnson,noah.johnson.8509@example.com,Poland,2023-04-07
8510,Zara,Miller,zara.miller.8510@inbox.com,Vietnam,2025-03-05
8511,Isabella,Garcia,isabella.garcia.8511@mail.com,Philippines,2022-11-18
8512,Diya,Lee,diya.lee.8512@company.org,France,2025-08-10
8513,Arjun,Lee,arjun.lee.8513@inbox.com,France,2024-04-25
8514,Benjamin,Brown,benjamin.brown.8514@company.org,UAE,2023-12-24
8515,Ethan,Sharma,ethan.sharma.8515@webmail.net,USA,2022-09-09
8516,Anika,Park,anika.park.8516@inbox.com,Poland,2023-05-01
8517,James,Liu,james.liu.8517@inbox.com,Denmark,2022-09-06
8518,Mason,Menon,mason.menon.8518@webmail.net,India,2023-10-03
8519,Vivaan,Kim,vivaan.kim.8519@company.org,Norway,2023-05-17
8520,Anaya,Patel,anaya.patel.8520@mail.com,Canada,2025-01-21
8521,Vihaan,Iyer,vihaan.iyer.8521@company.org,Brazil,2024-03-05
8522,Vivaan,Lee,vivaan.lee.8522@mail.com,United Kingdom,2025-01-25
8523,Harper,Garcia,harper.garcia.8523@webmail.net,Canada,2022-08-12
8524,Charlotte,Iyer,charlotte.iyer.8524@inbox.com,Brazil,2023-10-22
8525,Henry,Lopez,henry.lopez.8525@inbox.com,India,2024-05-01
8526,Arjun,Patel,arjun.patel.8526@example.com,Norway,2022-07-01
8527,Emma,Liu,emma.liu.8527@mail.com,Australia,2023-12-11
8528,Zara,Liu,zara.liu.8528@inbox.com,Australia,2023-09-20
8529,Mia,Sharma,mia.sharma.8529@webmail.net,Germany,2024-02-02
8530,Aanya,Miller,aanya.miller.8530@example.com,Italy,2023-05-11
8531,Ava,Smith,ava.smith.8531@webmail.net,Poland,2024-10-22
8532,Daniel,Smith,daniel.smith.8532@company.org,Italy,2024-11-03
8533,Mira,Smith,mira.smith.8533@inbox.com,Netherlands,2024-06-01
8534,Noah,Lopez,noah.lopez.8534@inbox.com,Denmark,2023-07-26
8535,Vivaan,Kumar,vivaan.kumar.8535@inbox.com,Mexico,2024-10-04
8536,Anika,Lee,anika.lee.8536@webmail.net,South Africa,2022-07-28
8537,Elijah,Lee,elijah.lee.8537@example.com,South Africa,2023-11-20
8538,Muhammad,Das,muhammad.das.8538@inbox.com,Sweden,2025-09-21
8539,Mira,Kumar,mira.kumar.8539@company.org,Canada,2022-12-15
8540,Daniel,Smith,daniel.smith.8540@inbox.com,France,2022-07-23
8541,Emma,Khan,emma.khan.8541@webmail.net,India,2024-11-04
8542,Evelyn,Kim,evelyn.kim.8542@mail.com,Sweden,2025-04-18
8543,Arjun,Johnson,arjun.johnson.8543@inbox.com,South Africa,2022-05-30
8544,Arjun,Lopez,arjun.lopez.8544@mail.com,South Africa,2022-05-24
8545,Aisha,Liu,aisha.liu.8545@webmail.net,UAE,2023-04-04
8546,Mira,Brown,mira.brown.8546@example.com,Germany,2025-06-02
8547,Anaya,Patel,anaya.patel.8547@mail.com,Vietnam,2024-01-06
8548,Ava,Chen,ava.chen.8548@inbox.com,Poland,2023-12-21
8549,Kiara,Sharma,kiara.sharma.8549@company.org,Sweden,2022-08-08
8550,Aisha,Patel,aisha.patel.8550@inbox.com,Australia,2024-11-27
8551,Anika,Singh,anika.singh.8551@example.com,Philippines,2025-05-05
8552,Aanya,Nguyen,aanya.nguyen.8552@inbox.com,South Korea,2022-01-15
8553,Diya,Martinez,diya.martinez.8553@webmail.net,Australia,2022-12-29
8554,Mira,Kim,mira.kim.8554@company.org,USA,2023-01-25
8555,Sai,Singh,sai.singh.8555@example.com,Indonesia,2025-07-02
8556,Henry,Kumar,henry.kumar.8556@inbox.com,India,2025-01-21
8557,Aanya,Smith,aanya.smith.8557@company.org,Netherlands,2023-05-08
8558,James,Martinez,james.martinez.8558@example.com,India,2023-03-15
8559,Lucas,Lopez,lucas.lopez.8559@example.com,Japan,2022-07-31
8560,Anika,Kumar,anika.kumar.8560@inbox.com,Germany,2023-04-15
8561,Mason,Sharma,mason.sharma.8561@company.org,Canada,2024-07-12
8562,Sai,Wang,sai.wang.8562@mail.com,United Kingdom,2025-05-27
8563,Aisha,Nguyen,aisha.nguyen.8563@mail.com,Philippines,2023-02-11
8564,Harper,Lee,harper.lee.8564@webmail.net,UAE,2022-04-17
8565,Kiara,Mehta,kiara.mehta.8565@company.org,Poland,2023-11-03
8566,Diya,Kumar,diya.kumar.8566@webmail.net,Italy,2024-04-29
8567,Mason,Reddy,mason.reddy.8567@webmail.net,France,2023-01-07
8568,Mira,Liu,mira.liu.8568@example.com,Germany,2025-04-08
8569,Muhammad,Khan,muhammad.khan.8569@mail.com,USA,2024-08-19
8570,Sai,Kumar,sai.kumar.8570@mail.com,Indonesia,2024-02-20
8571,Sai,Iyer,sai.iyer.8571@example.com,India,2023-03-27
8572,James,Zhang,james.zhang.8572@company.org,South Korea,2022-02-23
8573,Aanya,Lopez,aanya.lopez.8573@company.org,Sweden,2022-03-20
8574,Henry,Davis,henry.davis.8574@company.org,South Africa,2025-01-10
8575,Arjun,Martinez,arjun.martinez.8575@webmail.net,Singapore,2023-04-15
8576,Emma,Singh,emma.singh.8576@example.com,Australia,2025-07-04
8577,Elijah,Gupta,elijah.gupta.8577@company.org,Vietnam,2025-09-11
8578,James,Patel,james.patel.8578@mail.com,Sweden,2022-04-19
8579,Anaya,Mehta,anaya.mehta.8579@webmail.net,Mexico,2024-05-22
8580,Anaya,Gupta,anaya.gupta.8580@mail.com,Italy,2022-12-29
8581,Isabella,Kumar,isabella.kumar.8581@webmail.net,South Africa,2024-01-30
8582,Vihaan,Das,vihaan.das.8582@example.com,Indonesia,2024-01-23
8583,Sai,Sharma,sai.sharma.8583@mail.com,South Africa,2024-12-09
8584,Henry,Kumar,henry.kumar.8584@example.com,Denmark,2024-08-18
8585,Muhammad,Kumar,muhammad.kumar.8585@webmail.net,Sweden,2023-03-28
8586,Aditya,Brown,aditya.brown.8586@example.com,USA,2023-01-07
8587,Anaya,Wang,anaya.wang.8587@example.com,France,2025-03-31
8588,Anika,Menon,anika.menon.8588@company.org,Japan,2023-07-26
8589,Isabella,Sharma,isabella.sharma.8589@example.com,Netherlands,2023-02-02
8590,Evelyn,Garcia,evelyn.garcia.8590@inbox.com,Singapore,2022-04-01
8591,Amelia,Jones,amelia.jones.8591@mail.com,UAE,2023-07-11
8592,Mia,Khan,mia.khan.8592@example.com,Brazil,2025-07-06
8593,Ava,Chen,ava.chen.8593@mail.com,Philippines,2022-07-02
8594,Sophia,Sharma,sophia.sharma.8594@webmail.net,Australia,2024-09-25
8595,Harper,Nguyen,harper.nguyen.8595@example.com,Canada,2024-10-10
8596,Vihaan,Brown,vihaan.brown.8596@webmail.net,Indonesia,2025-08-08
8597,Vivaan,Mehta,vivaan.mehta.8597@company.org,Denmark,2023-08-12
8598,Anaya,Patel,anaya.patel.8598@webmail.net,Spain,2025-09-12
8599,Mia,Sharma,mia.sharma.8599@inbox.com,USA,2024-07-11
8600,Benjamin,Menon,benjamin.menon.8600@company.org,Singapore,2025-09-02
8601,Sophia,Johnson,sophia.johnson.8601@company.org,Vietnam,2023-01-17
8602,Ishaan,Chen,ishaan.chen.8602@mail.com,Brazil,2024-12-07
8603,Mia,Patel,mia.patel.8603@webmail.net,USA,2022-06-17
8604,Liam,Miller,liam.miller.8604@example.com,USA,2024-06-19
8605,Amelia,Zhang,amelia.zhang.8605@inbox.com,Canada,2024-10-16
8606,Vihaan,Davis,vihaan.davis.8606@mail.com,Spain,2023-01-23
8607,Diya,Mehta,diya.mehta.8607@mail.com,South Korea,2025-08-04
8608,Vivaan,Wang,vivaan.wang.8608@inbox.com,Singapore,2024-04-10
8609,Amelia,Das,amelia.das.8609@company.org,South Korea,2024-12-13
8610,Evelyn,Davis,evelyn.davis.8610@company.org,Australia,2025-09-21
8611,Aanya,Iyer,aanya.iyer.8611@inbox.com,Italy,2024-07-20
8612,Aarav,Liu,aarav.liu.8612@webmail.net,Denmark,2022-10-17
8613,Shaurya,Miller,shaurya.miller.8613@company.org,Mexico,2025-07-26
8614,Shaurya,Park,shaurya.park.8614@company.org,UAE,2023-06-09
8615,Zara,Smith,zara.smith.8615@example.com,Mexico,2022-11-25
8616,Daniel,Chen,daniel.chen.8616@company.org,United Kingdom,2023-10-16
8617,Vivaan,Mehta,vivaan.mehta.8617@company.org,South Korea,2025-08-31
8618,Aanya,Chen,aanya.chen.8618@webmail.net,Brazil,2024-02-09
8619,Charlotte,Davis,charlotte.davis.8619@company.org,Australia,2025-01-08
8620,Amelia,Mehta,amelia.mehta.8620@company.org,Singapore,2025-07-30
8621,Kiara,Khan,kiara.khan.8621@company.org,Brazil,2022-01-27
8622,Aditya,Menon,aditya.menon.8622@mail.com,Indonesia,2023-10-01
8623,Sara,Jones,sara.jones.8623@company.org,UAE,2023-04-29
8624,Mason,Williams,mason.williams.8624@company.org,Japan,2023-11-01
8625,Lucas,Lee,lucas.lee.8625@example.com,Japan,2023-09-03
8626,Pari,Garcia,pari.garcia.8626@mail.com,Canada,2022-03-01
8627,Sophia,Iyer,sophia.iyer.8627@webmail.net,United Kingdom,2023-06-02
8628,Olivia,Kumar,olivia.kumar.8628@company.org,France,2023-11-19
8629,Lucas,Johnson,lucas.johnson.8629@example.com,India,2023-02-09
8630,Olivia,Miller,olivia.miller.8630@example.com,South Korea,2024-03-07
8631,Reyansh,Gupta,reyansh.gupta.8631@inbox.com,Philippines,2023-01-29
8632,Sai,Smith,sai.smith.8632@mail.com,Italy,2024-04-25
8633,Muhammad,Lee,muhammad.lee.8633@mail.com,South Korea,2024-12-28
8634,Ava,Kumar,ava.kumar.8634@example.com,Canada,2023-10-06
8635,Charlotte,Johnson,charlotte.johnson.8635@example.com,United Kingdom,2023-04-22
8636,Ava,Bose,ava.bose.8636@mail.com,USA,2025-09-25
8637,Ava,Reddy,ava.reddy.8637@company.org,Canada,2024-08-01
8638,Aanya,Johnson,aanya.johnson.8638@example.com,Philippines,2025-04-30
8639,Noah,Brown,noah.brown.8639@inbox.com,Mexico,2023-08-12
8640,Olivia,Bose,olivia.bose.8640@mail.com,Japan,2025-02-25
8641,Sophia,Miller,sophia.miller.8641@webmail.net,Brazil,2024-02-26
8642,Sara,Bose,sara.bose.8642@webmail.net,Brazil,2023-12-04
8643,Sai,Menon,sai.menon.8643@mail.com,USA,2023-03-27
8644,Zara,Kim,zara.kim.8644@inbox.com,Vietnam,2023-03-13
8645,Noah,Zhang,noah.zhang.8645@inbox.com,Denmark,2024-11-13
8646,Mason,Wang,mason.wang.8646@example.com,Spain,2022-01-14
8647,Pari,Sharma,pari.sharma.8647@example.com,Canada,2024-07-22
8648,Mason,Kim,mason.kim.8648@mail.com,Germany,2024-02-11
8649,Shaurya,Iyer,shaurya.iyer.8649@webmail.net,Sweden,2025-05-27
8650,James,Garcia,james.garcia.8650@mail.com,Japan,2024-12-08
8651,Reyansh,Kim,reyansh.kim.8651@webmail.net,Philippines,2025-03-01
8652,Anaya,Johnson,anaya.johnson.8652@mail.com,Sweden,2024-04-11
8653,Emma,Park,emma.park.8653@company.org,India,2023-05-20
8654,Ethan,Sharma,ethan.sharma.8654@mail.com,Denmark,2023-02-06
8655,Vivaan,Chen,vivaan.chen.8655@company.org,Indonesia,2024-06-10
8656,Sai,Williams,sai.williams.8656@inbox.com,Vietnam,2022-02-21
8657,Charlotte,Gupta,charlotte.gupta.8657@mail.com,Canada,2023-10-02
8658,Sara,Zhang,sara.zhang.8658@mail.com,USA,2023-03-04
8659,Evelyn,Kim,evelyn.kim.8659@company.org,Japan,2023-02-27
8660,Kiara,Zhang,kiara.zhang.8660@webmail.net,Philippines,2025-06-16
8661,Mia,Patel,mia.patel.8661@webmail.net,USA,2022-09-26
8662,Amelia,Bose,amelia.bose.8662@inbox.com,Denmark,2025-01-11
8663,Elijah,Brown,elijah.brown.8663@example.com,Indonesia,2023-04-19
8664,Diya,Lopez,diya.lopez.8664@inbox.com,UAE,2023-03-19
8665,Daniel,Nguyen,daniel.nguyen.8665@webmail.net,Singapore,2024-06-13
8666,Noah,Das,noah.das.8666@example.com,Germany,2025-02-26
8667,Lucas,Liu,lucas.liu.8667@inbox.com,Indonesia,2025-08-05
8668,Isabella,Khan,isabella.khan.8668@inbox.com,Netherlands,2022-09-19
8669,Harper,Sharma,harper.sharma.8669@example.com,USA,2023-10-07
8670,Arjun,Kim,arjun.kim.8670@mail.com,Italy,2023-02-25
8671,Aisha,Jones,aisha.jones.8671@inbox.com,Denmark,2024-12-18
8672,Liam,Martinez,liam.martinez.8672@mail.com,France,2023-05-02
8673,Muhammad,Liu,muhammad.liu.8673@mail.com,Spain,2024-05-05
8674,Pari,Liu,pari.liu.8674@webmail.net,France,2023-03-09
8675,Harper,Lopez,harper.lopez.8675@example.com,Netherlands,2024-12-02
8676,Aditya,Patel,aditya.patel.8676@webmail.net,Canada,2022-01-20
8677,Mia,Davis,mia.davis.8677@mail.com,United Kingdom,2024-11-27
8678,Daniel,Das,daniel.das.8678@inbox.com,South Africa,2023-11-28
8679,Sophia,Reddy,sophia.reddy.8679@mail.com,Philippines,2022-03-05
8680,Zara,Zhang,zara.zhang.8680@inbox.com,Denmark,2024-05-19
8681,Mira,Reddy,mira.reddy.8681@inbox.com,Indonesia,2022-09-27
8682,Anika,Brown,anika.brown.8682@inbox.com,Indonesia,2025-04-17
8683,Shaurya,Wang,shaurya.wang.8683@mail.com,Norway,2024-09-21
8684,Anaya,Garcia,anaya.garcia.8684@company.org,France,2025-06-11
8685,Lucas,Lee,lucas.lee.8685@webmail.net,UAE,2024-10-19
8686,Amelia,Martinez,amelia.martinez.8686@example.com,Norway,2024-10-21
8687,Anaya,Patel,anaya.patel.8687@webmail.net,Germany,2023-05-21
8688,Ava,Menon,ava.menon.8688@webmail.net,South Africa,2025-01-09
8689,Lucas,Gupta,lucas.gupta.8689@inbox.com,Canada,2024-03-15
8690,Henry,Khan,henry.khan.8690@example.com,Philippines,2025-07-22
8691,Evelyn,Zhang,evelyn.zhang.8691@example.com,Italy,2024-11-14
8692,Evelyn,Wang,evelyn.wang.8692@inbox.com,Poland,2022-04-24
8693,Aarav,Garcia,aarav.garcia.8693@company.org,Philippines,2022-07-07
8694,Muhammad,Williams,muhammad.williams.8694@example.com,United Kingdom,2023-04-13
8695,Sophia,Menon,sophia.menon.8695@webmail.net,Japan,2025-01-11
8696,Sai,Gupta,sai.gupta.8696@company.org,Denmark,2023-01-10
8697,Vihaan,Chen,vihaan.chen.8697@webmail.net,Denmark,2023-07-19
8698,Aisha,Singh,aisha.singh.8698@inbox.com,Philippines,2025-09-18
8699,Amelia,Mehta,amelia.mehta.8699@company.org,Philippines,2024-04-29
8700,Noah,Lee,noah.lee.8700@mail.com,France,2024-02-12
8701,Lucas,Das,lucas.das.8701@webmail.net,Norway,2023-12-14
8702,Aarav,Patel,aarav.patel.8702@company.org,Netherlands,2024-05-20
8703,Muhammad,Kim,muhammad.kim.8703@inbox.com,Germany,2023-01-12
8704,Diya,Brown,diya.brown.8704@mail.com,United Kingdom,2022-05-15
8705,Henry,Liu,henry.liu.8705@company.org,USA,2022-09-11
8706,Aanya,Johnson,aanya.johnson.8706@company.org,Netherlands,2024-06-28
8707,Vihaan,Lopez,vihaan.lopez.8707@webmail.net,Spain,2023-10-02
8708,Vivaan,Khan,vivaan.khan.8708@webmail.net,Norway,2023-07-15
8709,Anaya,Davis,anaya.davis.8709@company.org,Australia,2024-10-01
8710,Emma,Jones,emma.jones.8710@webmail.net,Canada,2023-04-23
8711,Sophia,Chen,sophia.chen.8711@company.org,Vietnam,2022-07-27
8712,Reyansh,Chen,reyansh.chen.8712@example.com,Indonesia,2025-07-11
8713,Aarav,Mehta,aarav.mehta.8713@webmail.net,Vietnam,2022-01-15
8714,James,Liu,james.liu.8714@webmail.net,USA,2022-03-14
8715,Anika,Garcia,anika.garcia.8715@example.com,Sweden,2024-03-30
8716,Harper,Chen,harper.chen.8716@webmail.net,Philippines,2025-01-13
8717,Isabella,Chen,isabella.chen.8717@mail.com,Denmark,2022-09-13
8718,Aditya,Garcia,aditya.garcia.8718@example.com,Indonesia,2024-06-05
8719,Harper,Iyer,harper.iyer.8719@company.org,Japan,2023-02-26
8720,Benjamin,Khan,benjamin.khan.8720@webmail.net,Vietnam,2024-02-03
8721,Aisha,Davis,aisha.davis.8721@webmail.net,Italy,2024-11-28
8722,Diya,Lopez,diya.lopez.8722@inbox.com,Spain,2022-04-03
8723,Lucas,Wang,lucas.wang.8723@inbox.com,South Korea,2025-06-15
8724,Noah,Johnson,noah.johnson.8724@webmail.net,Mexico,2022-07-26
8725,Isabella,Garcia,isabella.garcia.8725@inbox.com,Singapore,2024-11-17
8726,Zara,Reddy,zara.reddy.8726@company.org,Poland,2022-09-06
8727,Harper,Gupta,harper.gupta.8727@company.org,Italy,2023-02-26
8728,Amelia,Garcia,amelia.garcia.8728@inbox.com,Denmark,2022-01-06
8729,Aditya,Mehta,aditya.mehta.8729@inbox.com,South Korea,2025-04-02
8730,Ishaan,Chen,ishaan.chen.8730@example.com,Germany,2022-10-16
8731,Isabella,Singh,isabella.singh.8731@company.org,Singapore,2022-12-17
8732,Vihaan,Mehta,vihaan.mehta.8732@webmail.net,Germany,2024-10-27
8733,Sara,Smith,sara.smith.8733@inbox.com,France,2023-11-20
8734,Pari,Iyer,pari.iyer.8734@company.org,USA,2025-01-16
8735,Aditya,Jones,aditya.jones.8735@example.com,Japan,2025-02-11
8736,Ava,Iyer,ava.iyer.8736@example.com,Mexico,2023-11-04
8737,Harper,Brown,harper.brown.8737@mail.com,Germany,2023-02-27
8738,Mia,Johnson,mia.johnson.8738@webmail.net,Philippines,2023-07-26
8739,Muhammad,Khan,muhammad.khan.8739@company.org,Mexico,2022-11-07
8740,Lucas,Chen,lucas.chen.8740@company.org,South Africa,2024-07-11
8741,Vivaan,Patel,vivaan.patel.8741@inbox.com,Philippines,2025-07-29
8742,Anaya,Johnson,anaya.johnson.8742@webmail.net,Philippines,2024-07-21
8743,Anaya,Mehta,anaya.mehta.8743@webmail.net,Germany,2023-11-06
8744,Pari,Mehta,pari.mehta.8744@mail.com,Japan,2022-08-21
8745,Charlotte,Smith,charlotte.smith.8745@webmail.net,Indonesia,2022-09-05
8746,Evelyn,Iyer,evelyn.iyer.8746@mail.com,Italy,2025-05-06
8747,Pari,Garcia,pari.garcia.8747@mail.com,Vietnam,2022-10-17
8748,Noah,Chen,noah.chen.8748@mail.com,Denmark,2022-06-08
8749,Aditya,Iyer,aditya.iyer.8749@webmail.net,Brazil,2025-07-04
8750,Vihaan,Sharma,vihaan.sharma.8750@company.org,Norway,2023-04-30
8751,Shaurya,Kim,shaurya.kim.8751@inbox.com,Australia,2022-02-22
8752,Anaya,Nguyen,anaya.nguyen.8752@example.com,Italy,2023-02-19
8753,Kiara,Mehta,kiara.mehta.8753@mail.com,Brazil,2024-11-26
8754,Muhammad,Kim,muhammad.kim.8754@company.org,South Africa,2025-06-13
8755,Harper,Mehta,harper.mehta.8755@inbox.com,Norway,2023-07-25
8756,Sophia,Kim,sophia.kim.8756@mail.com,Canada,2023-07-14
8757,Amelia,Kumar,amelia.kumar.8757@example.com,Norway,2023-02-23
8758,Mia,Iyer,mia.iyer.8758@example.com,Italy,2024-07-09
8759,Evelyn,Wang,evelyn.wang.8759@inbox.com,Indonesia,2025-03-15
8760,Muhammad,Garcia,muhammad.garcia.8760@company.org,Spain,2024-10-20
8761,Ava,Davis,ava.davis.8761@webmail.net,USA,2023-04-05
8762,Emma,Zhang,emma.zhang.8762@inbox.com,Indonesia,2023-04-23
8763,Aisha,Nguyen,aisha.nguyen.8763@mail.com,Indonesia,2022-05-29
8764,Emma,Garcia,emma.garcia.8764@company.org,Vietnam,2025-05-14
8765,Pari,Jones,pari.jones.8765@mail.com,Poland,2023-11-07
8766,Mira,Sharma,mira.sharma.8766@mail.com,Mexico,2025-01-13
8767,Shaurya,Kim,shaurya.kim.8767@mail.com,Italy,2024-10-03
8768,Benjamin,Williams,benjamin.williams.8768@company.org,Sweden,2023-07-18
8769,Daniel,Mehta,daniel.mehta.8769@mail.com,Japan,2024-03-28
8770,Henry,Mehta,henry.mehta.8770@company.org,South Africa,2022-03-01
8771,Pari,Lopez,pari.lopez.8771@company.org,Italy,2024-08-01
8772,Mia,Bose,mia.bose.8772@company.org,Vietnam,2025-09-01
8773,Anaya,Park,anaya.park.8773@example.com,Australia,2024-12-13
8774,Emma,Sharma,emma.sharma.8774@mail.com,Brazil,2022-05-27
8775,Benjamin,Miller,benjamin.miller.8775@company.org,UAE,2025-07-04
8776,Mason,Smith,mason.smith.8776@example.com,UAE,2024-11-23
8777,Vivaan,Khan,vivaan.khan.8777@example.com,Mexico,2023-09-08
8778,Isabella,Williams,isabella.williams.8778@company.org,Philippines,2023-09-21
8779,Aditya,Johnson,aditya.johnson.8779@webmail.net,South Africa,2022-12-13
8780,Aisha,Garcia,aisha.garcia.8780@webmail.net,Spain,2022-05-26
8781,Aisha,Liu,aisha.liu.8781@company.org,Denmark,2024-11-20
8782,Charlotte,Williams,charlotte.williams.8782@mail.com,Brazil,2024-05-19
8783,James,Smith,james.smith.8783@company.org,Philippines,2022-05-19
8784,Aarav,Iyer,aarav.iyer.8784@inbox.com,Sweden,2022-10-15
8785,Aisha,Khan,aisha.khan.8785@webmail.net,Netherlands,2022-09-20
8786,Shaurya,Gupta,shaurya.gupta.8786@inbox.com,Mexico,2024-05-29
8787,Sophia,Iyer,sophia.iyer.8787@webmail.net,Vietnam,2023-04-04
8788,Anaya,Martinez,anaya.martinez.8788@webmail.net,Vietnam,2022-12-20
8789,Benjamin,Lopez,benjamin.lopez.8789@company.org,Japan,2023-06-08
8790,Benjamin,Das,benjamin.das.8790@mail.com,USA,2024-05-14
8791,Elijah,Smith,elijah.smith.8791@inbox.com,Mexico,2023-10-07
8792,Emma,Williams,emma.williams.8792@inbox.com,Vietnam,2022-11-05
8793,Arjun,Garcia,arjun.garcia.8793@company.org,India,2024-02-02
8794,Anaya,Patel,anaya.patel.8794@mail.com,India,2025-02-20
8795,Sai,Sharma,sai.sharma.8795@mail.com,Vietnam,2025-02-17
8796,Mia,Mehta,mia.mehta.8796@webmail.net,Singapore,2022-12-11
8797,Aanya,Smith,aanya.smith.8797@webmail.net,Philippines,2024-10-17
8798,Mia,Mehta,mia.mehta.8798@mail.com,Philippines,2022-09-22
8799,Anaya,Das,anaya.das.8799@webmail.net,Sweden,2023-02-21
8800,Elijah,Mehta,elijah.mehta.8800@example.com,Poland,2023-10-24
8801,Sophia,Sharma,sophia.sharma.8801@company.org,United Kingdom,2022-07-12
8802,Aditya,Lopez,aditya.lopez.8802@inbox.com,USA,2024-05-02
8803,Evelyn,Williams,evelyn.williams.8803@example.com,Singapore,2025-03-07
8804,Ethan,Mehta,ethan.mehta.8804@mail.com,Philippines,2023-10-05
8805,Aisha,Das,aisha.das.8805@company.org,Italy,2024-06-06
8806,Kiara,Park,kiara.park.8806@company.org,Netherlands,2023-07-10
8807,Daniel,Smith,daniel.smith.8807@inbox.com,South Africa,2022-05-22
8808,Lucas,Williams,lucas.williams.8808@company.org,India,2024-11-08
8809,Vivaan,Lopez,vivaan.lopez.8809@webmail.net,Australia,2022-05-31
8810,Mason,Das,mason.das.8810@inbox.com,Indonesia,2024-09-18
8811,Henry,Gupta,henry.gupta.8811@inbox.com,USA,2023-06-28
8812,Amelia,Liu,amelia.liu.8812@inbox.com,Brazil,2023-10-13
8813,Isabella,Martinez,isabella.martinez.8813@inbox.com,South Korea,2024-02-07
8814,Anaya,Lee,anaya.lee.8814@company.org,Brazil,2023-11-16
8815,Henry,Kumar,henry.kumar.8815@inbox.com,India,2022-07-23
8816,Harper,Martinez,harper.martinez.8816@inbox.com,USA,2023-08-28
8817,Isabella,Smith,isabella.smith.8817@company.org,Canada,2022-10-25
8818,Ethan,Davis,ethan.davis.8818@webmail.net,South Korea,2023-11-19
8819,Sai,Martinez,sai.martinez.8819@company.org,Sweden,2024-02-20
8820,Anika,Jones,anika.jones.8820@mail.com,Japan,2025-06-20
8821,Sara,Smith,sara.smith.8821@company.org,India,2025-06-26
8822,Sophia,Miller,sophia.miller.8822@company.org,Mexico,2022-11-29
8823,Harper,Patel,harper.patel.8823@mail.com,Singapore,2025-03-06
8824,Liam,Patel,liam.patel.8824@mail.com,Germany,2022-03-12
8825,Harper,Zhang,harper.zhang.8825@company.org,Denmark,2025-07-11
8826,Ava,Menon,ava.menon.8826@company.org,Singapore,2024-09-20
8827,Aanya,Menon,aanya.menon.8827@inbox.com,Brazil,2025-04-18
8828,Pari,Smith,pari.smith.8828@company.org,Japan,2023-09-23
8829,Benjamin,Brown,benjamin.brown.8829@example.com,France,2022-10-17
8830,Reyansh,Park,reyansh.park.8830@webmail.net,UAE,2022-02-20
8831,Anika,Miller,anika.miller.8831@example.com,Italy,2022-01-08
8832,Evelyn,Davis,evelyn.davis.8832@mail.com,India,2023-05-28
8833,Aisha,Williams,aisha.williams.8833@inbox.com,Poland,2023-08-17
8834,Isabella,Sharma,isabella.sharma.8834@company.org,South Korea,2025-05-31
8835,Vihaan,Mehta,vihaan.mehta.8835@webmail.net,Netherlands,2023-02-08
8836,Ethan,Menon,ethan.menon.8836@webmail.net,Italy,2025-02-15
8837,James,Gupta,james.gupta.8837@example.com,Vietnam,2023-10-24
8838,Sai,Singh,sai.singh.8838@example.com,France,2025-06-16
8839,Noah,Patel,noah.patel.8839@company.org,Brazil,2025-06-21
8840,Sophia,Lee,sophia.lee.8840@inbox.com,Mexico,2024-05-06
8841,Mason,Lee,mason.lee.8841@example.com,Sweden,2024-09-18
8842,Elijah,Kumar,elijah.kumar.8842@example.com,South Africa,2022-03-07
8843,Aisha,Gupta,aisha.gupta.8843@company.org,Mexico,2024-07-24
8844,Pari,Mehta,pari.mehta.8844@inbox.com,Australia,2022-07-23
8845,Charlotte,Williams,charlotte.williams.8845@webmail.net,Indonesia,2022-01-02
8846,Reyansh,Liu,reyansh.liu.8846@company.org,Brazil,2023-05-03
8847,Liam,Nguyen,liam.nguyen.8847@example.com,USA,2022-09-17
8848,James,Brown,james.brown.8848@mail.com,Netherlands,2025-05-11
8849,Evelyn,Sharma,evelyn.sharma.8849@example.com,United Kingdom,2022-04-17
8850,Diya,Zhang,diya.zhang.8850@inbox.com,South Korea,2025-08-22
8851,Mia,Gupta,mia.gupta.8851@example.com,Norway,2023-08-06
8852,Henry,Patel,henry.patel.8852@example.com,Singapore,2024-07-17
8853,Mira,Lopez,mira.lopez.8853@company.org,Denmark,2022-06-30
8854,Kiara,Bose,kiara.bose.8854@inbox.com,Singapore,2022-02-26
8855,Olivia,Brown,olivia.brown.8855@company.org,United Kingdom,2022-05-28
8856,James,Iyer,james.iyer.8856@webmail.net,Denmark,2024-04-06
8857,Ethan,Reddy,ethan.reddy.8857@webmail.net,Sweden,2025-05-19
8858,Amelia,Reddy,amelia.reddy.8858@example.com,Netherlands,2024-04-13
8859,Aarav,Kim,aarav.kim.8859@company.org,South Korea,2022-08-18
8860,Benjamin,Zhang,benjamin.zhang.8860@mail.com,Australia,2025-03-12
8861,Henry,Bose,henry.bose.8861@inbox.com,Indonesia,2022-01-27
8862,Amelia,Bose,amelia.bose.8862@example.com,Indonesia,2024-07-21
8863,Isabella,Reddy,isabella.reddy.8863@company.org,Germany,2022-12-08
8864,Anaya,Liu,anaya.liu.8864@example.com,Germany,2025-03-30
8865,Kiara,Menon,kiara.menon.8865@inbox.com,Denmark,2022-09-11
8866,Ishaan,Patel,ishaan.patel.8866@inbox.com,Denmark,2022-03-06
8867,Vihaan,Liu,vihaan.liu.8867@webmail.net,Australia,2025-09-17
8868,Arjun,Bose,arjun.bose.8868@webmail.net,Netherlands,2023-07-19
8869,Evelyn,Davis,evelyn.davis.8869@webmail.net,UAE,2022-08-29
8870,Ethan,Menon,ethan.menon.8870@example.com,Norway,2023-08-27
8871,Sophia,Gupta,sophia.gupta.8871@mail.com,Canada,2023-10-06
8872,Ishaan,Nguyen,ishaan.nguyen.8872@mail.com,India,2022-04-03
8873,Ava,Martinez,ava.martinez.8873@example.com,UAE,2023-10-29
8874,Liam,Garcia,liam.garcia.8874@example.com,Vietnam,2022-09-19
8875,Muhammad,Gupta,muhammad.gupta.8875@webmail.net,Norway,2022-03-16
8876,Arjun,Davis,arjun.davis.8876@example.com,Canada,2024-11-02
8877,Ishaan,Zhang,ishaan.zhang.8877@mail.com,Vietnam,2025-09-20
8878,Daniel,Zhang,daniel.zhang.8878@mail.com,Poland,2022-10-31
8879,Vihaan,Singh,vihaan.singh.8879@inbox.com,Mexico,2024-06-25
8880,Harper,Chen,harper.chen.8880@company.org,Netherlands,2025-01-24
8881,Ishaan,Patel,ishaan.patel.8881@mail.com,Spain,2022-12-10
8882,Muhammad,Wang,muhammad.wang.8882@inbox.com,South Korea,2024-07-21
8883,Isabella,Davis,isabella.davis.8883@company.org,Vietnam,2024-12-25
8884,Benjamin,Zhang,benjamin.zhang.8884@example.com,United Kingdom,2024-06-24
8885,Ava,Kim,ava.kim.8885@company.org,United Kingdom,2025-03-30
8886,Sophia,Zhang,sophia.zhang.8886@example.com,Norway,2023-03-24
8887,Olivia,Sharma,olivia.sharma.8887@mail.com,UAE,2022-05-19
8888,Arjun,Khan,arjun.khan.8888@mail.com,India,2025-05-16
8889,Isabella,Sharma,isabella.sharma.8889@example.com,Sweden,2023-09-22
8890,Zara,Chen,zara.chen.8890@company.org,United Kingdom,2025-04-09
8891,Aarav,Menon,aarav.menon.8891@webmail.net,Japan,2025-07-28
8892,Aditya,Kumar,aditya.kumar.8892@example.com,Norway,2024-12-10
8893,Daniel,Garcia,daniel.garcia.8893@inbox.com,United Kingdom,2022-03-01
8894,Henry,Liu,henry.liu.8894@inbox.com,Brazil,2023-10-22
8895,Elijah,Brown,elijah.brown.8895@inbox.com,Japan,2024-05-29
8896,Olivia,Sharma,olivia.sharma.8896@example.com,Singapore,2024-07-06
8897,Noah,Liu,noah.liu.8897@example.com,Sweden,2023-10-06
8898,Ishaan,Lee,ishaan.lee.8898@inbox.com,Italy,2023-06-13
8899,Sophia,Williams,sophia.williams.8899@company.org,Poland,2022-12-09
8900,Daniel,Kim,daniel.kim.8900@inbox.com,Norway,2024-06-06
8901,Aditya,Garcia,aditya.garcia.8901@mail.com,Japan,2024-08-03
8902,Zara,Reddy,zara.reddy.8902@mail.com,South Korea,2024-10-30
8903,Daniel,Park,daniel.park.8903@inbox.com,USA,2024-08-21
8904,Olivia,Jones,olivia.jones.8904@webmail.net,South Africa,2023-11-01
8905,Diya,Brown,diya.brown.8905@company.org,Australia,2023-03-23
8906,Mia,Johnson,mia.johnson.8906@company.org,Singapore,2022-05-13
8907,Benjamin,Wang,benjamin.wang.8907@mail.com,UAE,2022-03-11
8908,Reyansh,Johnson,reyansh.johnson.8908@webmail.net,South Korea,2022-08-04
8909,Evelyn,Kim,evelyn.kim.8909@example.com,Singapore,2023-12-31
8910,Mira,Park,mira.park.8910@webmail.net,Indonesia,2024-03-16
8911,Liam,Martinez,liam.martinez.8911@mail.com,USA,2025-04-30
8912,Ava,Khan,ava.khan.8912@webmail.net,Poland,2023-08-26
8913,Sai,Gupta,sai.gupta.8913@webmail.net,Singapore,2022-08-01
8914,Charlotte,Johnson,charlotte.johnson.8914@example.com,Spain,2025-04-08
8915,Kiara,Das,kiara.das.8915@company.org,Poland,2022-07-18
8916,Zara,Wang,zara.wang.8916@company.org,Singapore,2024-07-12
8917,Mason,Garcia,mason.garcia.8917@example.com,South Africa,2022-07-14
8918,Sophia,Smith,sophia.smith.8918@mail.com,Singapore,2025-07-27
8919,Amelia,Nguyen,amelia.nguyen.8919@inbox.com,Netherlands,2022-03-11
8920,Aanya,Reddy,aanya.reddy.8920@webmail.net,UAE,2022-07-25
8921,Anaya,Reddy,anaya.reddy.8921@mail.com,Indonesia,2023-05-16
8922,Shaurya,Menon,shaurya.menon.8922@mail.com,France,2023-06-13
8923,Shaurya,Brown,shaurya.brown.8923@webmail.net,Philippines,2025-07-15
8924,Aditya,Sharma,aditya.sharma.8924@inbox.com,Sweden,2025-03-03
8925,Evelyn,Liu,evelyn.liu.8925@inbox.com,Poland,2024-07-21
8926,Ava,Kumar,ava.kumar.8926@webmail.net,Canada,2022-10-07
8927,Reyansh,Smith,reyansh.smith.8927@inbox.com,India,2025-04-15
8928,Shaurya,Sharma,shaurya.sharma.8928@inbox.com,South Africa,2025-02-11
8929,Pari,Brown,pari.brown.8929@example.com,Australia,2022-10-20
8930,Muhammad,Miller,muhammad.miller.8930@inbox.com,Japan,2023-10-05
8931,Vivaan,Brown,vivaan.brown.8931@company.org,Poland,2022-12-24
8932,Mira,Park,mira.park.8932@mail.com,Germany,2022-08-21
8933,Ishaan,Nguyen,ishaan.nguyen.8933@example.com,Indonesia,2022-01-11
8934,Benjamin,Reddy,benjamin.reddy.8934@company.org,Germany,2023-02-25
8935,Sara,Kumar,sara.kumar.8935@mail.com,Philippines,2025-02-01
8936,Reyansh,Wang,reyansh.wang.8936@example.com,Japan,2023-03-13
8937,Vivaan,Wang,vivaan.wang.8937@webmail.net,Norway,2024-03-06
8938,Pari,Menon,pari.menon.8938@mail.com,Indonesia,2024-11-23
8939,Mia,Kumar,mia.kumar.8939@company.org,Netherlands,2025-03-29
8940,Charlotte,Khan,charlotte.khan.8940@inbox.com,Indonesia,2022-03-12
8941,Shaurya,Gupta,shaurya.gupta.8941@webmail.net,United Kingdom,2024-04-04
8942,Shaurya,Iyer,shaurya.iyer.8942@mail.com,Canada,2024-02-04
8943,Daniel,Martinez,daniel.martinez.8943@company.org,Vietnam,2022-05-06
8944,Harper,Gupta,harper.gupta.8944@example.com,South Africa,2022-03-08
8945,Elijah,Johnson,elijah.johnson.8945@inbox.com,Germany,2022-09-10
8946,Mason,Smith,mason.smith.8946@company.org,Italy,2025-04-14
8947,Daniel,Chen,daniel.chen.8947@mail.com,Spain,2024-11-21
8948,Noah,Smith,noah.smith.8948@webmail.net,Sweden,2023-12-03
8949,Mira,Chen,mira.chen.8949@mail.com,UAE,2023-10-10
8950,Anaya,Chen,anaya.chen.8950@inbox.com,Indonesia,2024-02-20
8951,Evelyn,Davis,evelyn.davis.8951@mail.com,Germany,2025-03-09
8952,Amelia,Liu,amelia.liu.8952@mail.com,South Africa,2023-05-04
8953,Aisha,Das,aisha.das.8953@mail.com,Philippines,2022-07-19
8954,Liam,Mehta,liam.mehta.8954@example.com,Mexico,2022-04-16
8955,Mia,Miller,mia.miller.8955@company.org,Vietnam,2025-03-22
8956,Diya,Davis,diya.davis.8956@inbox.com,USA,2022-03-13
8957,Anika,Menon,anika.menon.8957@inbox.com,Mexico,2022-12-24
8958,Henry,Nguyen,henry.nguyen.8958@mail.com,Sweden,2024-03-04
8959,Lucas,Singh,lucas.singh.8959@inbox.com,USA,2023-11-17
8960,Sophia,Garcia,sophia.garcia.8960@webmail.net,Spain,2023-08-12
8961,Aditya,Davis,aditya.davis.8961@company.org,Germany,2024-04-28
8962,Amelia,Das,amelia.das.8962@company.org,Mexico,2023-11-25
8963,Sai,Nguyen,sai.nguyen.8963@mail.com,Vietnam,2022-03-28
8964,Lucas,Brown,lucas.brown.8964@example.com,Australia,2024-11-28
8965,Anaya,Lee,anaya.lee.8965@company.org,Singapore,2023-07-14
8966,Benjamin,Mehta,benjamin.mehta.8966@inbox.com,United Kingdom,2025-04-22
8967,Ishaan,Johnson,ishaan.johnson.8967@example.com,Germany,2024-10-17
8968,Aditya,Garcia,aditya.garcia.8968@example.com,South Korea,2023-02-04
8969,Sara,Iyer,sara.iyer.8969@example.com,USA,2022-01-24
8970,Ava,Reddy,ava.reddy.8970@inbox.com,Japan,2023-07-07
8971,Shaurya,Martinez,shaurya.martinez.8971@webmail.net,Poland,2023-04-21
8972,Olivia,Lee,olivia.lee.8972@inbox.com,Italy,2023-02-26
8973,Anaya,Mehta,anaya.mehta.8973@company.org,Canada,2025-05-21
8974,Daniel,Zhang,daniel.zhang.8974@example.com,Netherlands,2025-06-13
8975,Muhammad,Park,muhammad.park.8975@mail.com,UAE,2022-12-19
8976,Anika,Kumar,anika.kumar.8976@company.org,Japan,2023-12-02
8977,Aanya,Lopez,aanya.lopez.8977@company.org,Spain,2023-12-28
8978,Vivaan,Reddy,vivaan.reddy.8978@example.com,USA,2025-03-05
8979,Anaya,Wang,anaya.wang.8979@inbox.com,South Africa,2022-12-18
8980,Mira,Das,mira.das.8980@company.org,Poland,2024-02-11
8981,Emma,Nguyen,emma.nguyen.8981@company.org,Indonesia,2024-12-24
8982,Olivia,Liu,olivia.liu.8982@webmail.net,Norway,2024-08-31
8983,Arjun,Nguyen,arjun.nguyen.8983@company.org,Sweden,2024-02-26
8984,Sai,Liu,sai.liu.8984@company.org,Netherlands,2023-09-19
8985,Vihaan,Lee,vihaan.lee.8985@example.com,Germany,2023-07-24
8986,Elijah,Martinez,elijah.martinez.8986@webmail.net,Germany,2024-07-31
8987,Sara,Mehta,sara.mehta.8987@webmail.net,Italy,2022-12-08
8988,Harper,Khan,harper.khan.8988@inbox.com,Netherlands,2024-06-25
8989,Aditya,Bose,aditya.bose.8989@mail.com,Australia,2022-07-02
8990,Aanya,Singh,aanya.singh.8990@mail.com,France,2025-09-14
8991,Benjamin,Brown,benjamin.brown.8991@company.org,Japan,2022-03-05
8992,Ethan,Sharma,ethan.sharma.8992@webmail.net,South Korea,2022-11-18
8993,Muhammad,Das,muhammad.das.8993@company.org,Philippines,2022-12-06
8994,Sophia,Davis,sophia.davis.8994@inbox.com,Italy,2023-12-16
8995,Lucas,Nguyen,lucas.nguyen.8995@inbox.com,Netherlands,2022-01-10
8996,Mia,Sharma,mia.sharma.8996@webmail.net,Brazil,2023-08-22
8997,Mason,Zhang,mason.zhang.8997@webmail.net,UAE,2022-01-20
8998,Aarav,Park,aarav.park.8998@webmail.net,Italy,2025-01-18
8999,Ishaan,Singh,ishaan.singh.8999@mail.com,Norway,2022-07-06
9000,Diya,Wang,diya.wang.9000@company.org,Vietnam,2022-07-17
9001,Muhammad,Martinez,muhammad.martinez.9001@company.org,Australia,2023-10-08
9002,Charlotte,Singh,charlotte.singh.9002@company.org,Netherlands,2025-05-12
9003,Sara,Chen,sara.chen.9003@mail.com,Italy,2023-10-25
9004,Sara,Lee,sara.lee.9004@company.org,Australia,2022-11-16
9005,Kiara,Zhang,kiara.zhang.9005@inbox.com,USA,2025-01-26
9006,Emma,Kim,emma.kim.9006@webmail.net,Denmark,2024-06-04
9007,Aanya,Park,aanya.park.9007@webmail.net,India,2023-09-15
9008,Sophia,Patel,sophia.patel.9008@company.org,Japan,2023-07-02
9009,Pari,Gupta,pari.gupta.9009@mail.com,France,2023-01-28
9010,Sara,Mehta,sara.mehta.9010@company.org,Mexico,2025-06-14
9011,Zara,Martinez,zara.martinez.9011@example.com,Norway,2022-06-24
9012,Evelyn,Park,evelyn.park.9012@webmail.net,South Korea,2023-07-01
9013,Reyansh,Khan,reyansh.khan.9013@mail.com,Japan,2022-07-03
9014,Vivaan,Zhang,vivaan.zhang.9014@mail.com,Singapore,2023-12-28
9015,Henry,Park,henry.park.9015@webmail.net,Canada,2025-03-22
9016,Vivaan,Das,vivaan.das.9016@mail.com,Norway,2025-05-11
9017,Ava,Menon,ava.menon.9017@company.org,South Africa,2022-05-28
9018,Sai,Lee,sai.lee.9018@inbox.com,Spain,2024-06-19
9019,Olivia,Bose,olivia.bose.9019@company.org,UAE,2025-06-06
9020,Emma,Martinez,emma.martinez.9020@mail.com,Japan,2022-04-24
9021,Daniel,Iyer,daniel.iyer.9021@company.org,Netherlands,2025-03-18
9022,Kiara,Bose,kiara.bose.9022@mail.com,United Kingdom,2025-03-31
9023,Mason,Mehta,mason.mehta.9023@webmail.net,Indonesia,2023-06-07
9024,Elijah,Garcia,elijah.garcia.9024@webmail.net,France,2023-09-13
9025,Mia,Williams,mia.williams.9025@webmail.net,Sweden,2024-01-10
9026,Amelia,Smith,amelia.smith.9026@mail.com,Denmark,2023-07-15
9027,Henry,Williams,henry.williams.9027@mail.com,Canada,2025-07-18
9028,Aisha,Reddy,aisha.reddy.9028@inbox.com,Netherlands,2024-07-14
9029,Arjun,Martinez,arjun.martinez.9029@mail.com,UAE,2025-04-18
9030,Henry,Sharma,henry.sharma.9030@company.org,Norway,2025-05-26
9031,Aisha,Singh,aisha.singh.9031@webmail.net,Spain,2025-08-21
9032,Ishaan,Mehta,ishaan.mehta.9032@company.org,Australia,2024-07-31
9033,Aarav,Park,aarav.park.9033@webmail.net,Netherlands,2022-06-28
9034,Emma,Zhang,emma.zhang.9034@example.com,USA,2022-05-26
9035,Arjun,Reddy,arjun.reddy.9035@company.org,Brazil,2022-06-15
9036,Noah,Das,noah.das.9036@example.com,Sweden,2023-04-24
9037,Mira,Singh,mira.singh.9037@mail.com,Philippines,2023-10-04
9038,Sara,Garcia,sara.garcia.9038@mail.com,Poland,2025-03-23
9039,Arjun,Menon,arjun.menon.9039@company.org,Denmark,2022-01-20
9040,Sai,Sharma,sai.sharma.9040@company.org,Philippines,2023-09-04
9041,Reyansh,Wang,reyansh.wang.9041@inbox.com,Singapore,2025-07-06
9042,Mia,Lee,mia.lee.9042@example.com,Poland,2023-04-30
9043,Benjamin,Martinez,benjamin.martinez.9043@inbox.com,Canada,2024-01-18
9044,Pari,Miller,pari.miller.9044@example.com,Vietnam,2023-08-16
9045,Mia,Lopez,mia.lopez.9045@webmail.net,Denmark,2023-12-19
9046,Pari,Johnson,pari.johnson.9046@mail.com,Italy,2022-02-26
9047,James,Park,james.park.9047@example.com,Singapore,2022-03-11
9048,Diya,Chen,diya.chen.9048@webmail.net,Australia,2022-10-09
9049,Isabella,Das,isabella.das.9049@mail.com,Brazil,2022-03-30
9050,Emma,Miller,emma.miller.9050@company.org,Singapore,2024-05-29
9051,Ethan,Singh,ethan.singh.9051@inbox.com,Japan,2024-08-21
9052,Lucas,Gupta,lucas.gupta.9052@inbox.com,Vietnam,2023-07-17
9053,Ethan,Lopez,ethan.lopez.9053@mail.com,Australia,2025-04-08
9054,Amelia,Jones,amelia.jones.9054@example.com,USA,2022-06-29
9055,Noah,Das,noah.das.9055@company.org,Vietnam,2022-05-29
9056,Mia,Park,mia.park.9056@mail.com,Netherlands,2024-08-29
9057,Diya,Nguyen,diya.nguyen.9057@example.com,Spain,2025-06-23
9058,James,Williams,james.williams.9058@inbox.com,Sweden,2023-09-24
9059,Harper,Davis,harper.davis.9059@company.org,Indonesia,2025-09-09
9060,Henry,Williams,henry.williams.9060@example.com,Canada,2025-03-20
9061,Evelyn,Brown,evelyn.brown.9061@company.org,Vietnam,2024-01-07
9062,Kiara,Smith,kiara.smith.9062@webmail.net,Sweden,2024-01-14
9063,James,Das,james.das.9063@mail.com,Australia,2025-08-21
9064,Mason,Menon,mason.menon.9064@webmail.net,Japan,2022-03-21
9065,Aanya,Johnson,aanya.johnson.9065@mail.com,Australia,2024-02-01
9066,Sophia,Liu,sophia.liu.9066@webmail.net,Netherlands,2025-05-30
9067,Olivia,Lopez,olivia.lopez.9067@inbox.com,Singapore,2025-02-16
9068,Noah,Miller,noah.miller.9068@webmail.net,Italy,2023-08-22
9069,Daniel,Menon,daniel.menon.9069@inbox.com,Denmark,2023-11-19
9070,Sai,Smith,sai.smith.9070@mail.com,UAE,2023-03-04
9071,Ethan,Bose,ethan.bose.9071@inbox.com,Japan,2024-10-03
9072,Aditya,Lee,aditya.lee.9072@mail.com,South Africa,2023-01-29
9073,Vivaan,Chen,vivaan.chen.9073@mail.com,UAE,2023-11-19
9074,Amelia,Singh,amelia.singh.9074@example.com,Poland,2024-05-18
9075,Zara,Park,zara.park.9075@company.org,Philippines,2024-08-07
9076,Sophia,Brown,sophia.brown.9076@company.org,Brazil,2023-02-06
9077,Noah,Kumar,noah.kumar.9077@mail.com,USA,2023-11-16
9078,Olivia,Menon,olivia.menon.9078@example.com,Norway,2025-04-15
9079,Lucas,Miller,lucas.miller.9079@inbox.com,USA,2022-12-23
9080,Charlotte,Mehta,charlotte.mehta.9080@company.org,Australia,2023-08-01
9081,Sophia,Martinez,sophia.martinez.9081@mail.com,Australia,2025-01-25
9082,Benjamin,Gupta,benjamin.gupta.9082@webmail.net,Brazil,2024-07-22
9083,Ava,Das,ava.das.9083@company.org,Philippines,2022-03-08
9084,Zara,Wang,zara.wang.9084@webmail.net,USA,2022-12-10
9085,Mia,Mehta,mia.mehta.9085@inbox.com,India,2022-05-16
9086,Olivia,Sharma,olivia.sharma.9086@webmail.net,Philippines,2022-12-06
9087,Diya,Wang,diya.wang.9087@inbox.com,Indonesia,2025-07-26
9088,Vivaan,Brown,vivaan.brown.9088@example.com,United Kingdom,2025-05-31
9089,Shaurya,Williams,shaurya.williams.9089@company.org,UAE,2022-12-25
9090,Charlotte,Jones,charlotte.jones.9090@company.org,South Africa,2023-11-02
9091,Anaya,Mehta,anaya.mehta.9091@webmail.net,South Korea,2023-12-27
9092,Zara,Kim,zara.kim.9092@inbox.com,Spain,2024-12-10
9093,Sophia,Zhang,sophia.zhang.9093@example.com,Spain,2023-01-20
9094,Anaya,Zhang,anaya.zhang.9094@webmail.net,Germany,2022-11-02
9095,Elijah,Lopez,elijah.lopez.9095@inbox.com,Netherlands,2022-06-23
9096,Noah,Lopez,noah.lopez.9096@example.com,Germany,2025-01-05
9097,Elijah,Das,elijah.das.9097@example.com,Canada,2025-09-24
9098,Sai,Sharma,sai.sharma.9098@webmail.net,France,2023-11-09
9099,Aditya,Garcia,aditya.garcia.9099@example.com,Norway,2024-11-25
9100,Benjamin,Brown,benjamin.brown.9100@webmail.net,United Kingdom,2023-04-10
9101,Evelyn,Menon,evelyn.menon.9101@webmail.net,Denmark,2024-01-10
9102,Elijah,Kim,elijah.kim.9102@mail.com,Netherlands,2024-03-16
9103,Kiara,Iyer,kiara.iyer.9103@webmail.net,USA,2022-05-16
9104,Sara,Menon,sara.menon.9104@inbox.com,Australia,2023-11-26
9105,Emma,Menon,emma.menon.9105@webmail.net,Indonesia,2024-03-31
9106,James,Mehta,james.mehta.9106@example.com,Mexico,2025-06-10
9107,Olivia,Park,olivia.park.9107@mail.com,South Africa,2023-09-29
9108,Aditya,Singh,aditya.singh.9108@example.com,Italy,2025-02-02
9109,Sophia,Zhang,sophia.zhang.9109@webmail.net,Sweden,2023-06-04
9110,Isabella,Chen,isabella.chen.9110@example.com,Netherlands,2024-01-18
9111,Sai,Kim,sai.kim.9111@company.org,Indonesia,2024-11-22
9112,Muhammad,Singh,muhammad.singh.9112@mail.com,Poland,2023-01-07
9113,Sophia,Bose,sophia.bose.9113@mail.com,United Kingdom,2024-06-04
9114,Muhammad,Khan,muhammad.khan.9114@webmail.net,Australia,2023-12-19
9115,Sara,Smith,sara.smith.9115@company.org,Poland,2024-03-20
9116,Aisha,Park,aisha.park.9116@mail.com,United Kingdom,2023-01-21
9117,Amelia,Williams,amelia.williams.9117@webmail.net,Sweden,2022-01-14
9118,Noah,Bose,noah.bose.9118@company.org,Indonesia,2025-04-24
9119,Aarav,Garcia,aarav.garcia.9119@example.com,Denmark,2025-03-24
9120,Aditya,Kim,aditya.kim.9120@inbox.com,Singapore,2022-07-05
9121,Vivaan,Liu,vivaan.liu.9121@inbox.com,Spain,2022-03-05
9122,Amelia,Patel,amelia.patel.9122@company.org,Italy,2022-11-15
9123,Charlotte,Park,charlotte.park.9123@inbox.com,South Africa,2023-11-17
9124,Evelyn,Nguyen,evelyn.nguyen.9124@company.org,Japan,2022-11-01
9125,Aarav,Iyer,aarav.iyer.9125@company.org,Japan,2025-07-31
9126,Olivia,Jones,olivia.jones.9126@webmail.net,Australia,2025-09-07
9127,Noah,Park,noah.park.9127@example.com,South Korea,2025-09-10
9128,Mira,Kumar,mira.kumar.9128@company.org,Japan,2022-07-20
9129,Lucas,Singh,lucas.singh.9129@example.com,Sweden,2024-08-12
9130,Aarav,Mehta,aarav.mehta.9130@webmail.net,United Kingdom,2024-05-10
9131,Harper,Iyer,harper.iyer.9131@webmail.net,Vietnam,2025-06-02
9132,Sara,Iyer,sara.iyer.9132@example.com,Philippines,2023-10-27
9133,Amelia,Nguyen,amelia.nguyen.9133@inbox.com,Sweden,2025-03-05
9134,Daniel,Miller,daniel.miller.9134@inbox.com,Japan,2023-02-20
9135,Aditya,Davis,aditya.davis.9135@company.org,Norway,2023-05-06
9136,James,Mehta,james.mehta.9136@mail.com,USA,2022-10-17
9137,Aditya,Jones,aditya.jones.9137@inbox.com,South Africa,2023-11-08
9138,Aarav,Zhang,aarav.zhang.9138@inbox.com,Indonesia,2022-08-29
9139,Isabella,Lopez,isabella.lopez.9139@example.com,Poland,2022-07-12
9140,Emma,Singh,emma.singh.9140@example.com,Australia,2022-07-22
9141,Benjamin,Lopez,benjamin.lopez.9141@company.org,Vietnam,2023-09-17
9142,Ava,Mehta,ava.mehta.9142@example.com,Brazil,2024-07-21
9143,Aanya,Bose,aanya.bose.9143@inbox.com,Brazil,2025-08-12
9144,Sophia,Smith,sophia.smith.9144@example.com,Japan,2023-01-16
9145,Vivaan,Jones,vivaan.jones.9145@company.org,Poland,2022-07-02
9146,Olivia,Menon,olivia.menon.9146@mail.com,India,2024-11-26
9147,Mia,Mehta,mia.mehta.9147@example.com,France,2022-07-02
9148,Shaurya,Zhang,shaurya.zhang.9148@company.org,South Africa,2023-07-10
9149,Anaya,Reddy,anaya.reddy.9149@inbox.com,Norway,2022-01-07
9150,Vivaan,Das,vivaan.das.9150@mail.com,Germany,2022-05-02
9151,Charlotte,Khan,charlotte.khan.9151@example.com,Indonesia,2025-03-23
9152,Ava,Bose,ava.bose.9152@mail.com,Sweden,2025-06-08
9153,Vihaan,Das,vihaan.das.9153@example.com,Sweden,2025-04-29
9154,Aditya,Martinez,aditya.martinez.9154@example.com,Brazil,2023-06-23
9155,Aisha,Miller,aisha.miller.9155@webmail.net,South Korea,2022-12-04
9156,Evelyn,Smith,evelyn.smith.9156@webmail.net,Italy,2024-07-21
9157,Ethan,Kumar,ethan.kumar.9157@company.org,Australia,2025-06-14
9158,Evelyn,Nguyen,evelyn.nguyen.9158@inbox.com,Germany,2025-07-14
9159,Noah,Kim,noah.kim.9159@inbox.com,Vietnam,2023-01-03
9160,Evelyn,Liu,evelyn.liu.9160@inbox.com,United Kingdom,2025-08-25
9161,Sai,Davis,sai.davis.9161@webmail.net,France,2022-08-14
9162,Kiara,Chen,kiara.chen.9162@mail.com,Sweden,2023-11-10
9163,Zara,Zhang,zara.zhang.9163@company.org,Germany,2023-07-06
9164,Reyansh,Miller,reyansh.miller.9164@mail.com,Mexico,2025-09-14
9165,Emma,Smith,emma.smith.9165@webmail.net,South Africa,2024-11-30
9166,Mason,Chen,mason.chen.9166@company.org,Sweden,2024-10-24
9167,Sai,Brown,sai.brown.9167@company.org,Mexico,2022-03-05
9168,Anika,Patel,anika.patel.9168@example.com,Sweden,2024-06-12
9169,Isabella,Nguyen,isabella.nguyen.9169@company.org,Philippines,2023-05-26
9170,Aisha,Menon,aisha.menon.9170@company.org,Philippines,2023-12-06
9171,Ava,Gupta,ava.gupta.9171@inbox.com,Vietnam,2022-01-24
9172,Mira,Miller,mira.miller.9172@inbox.com,Norway,2024-06-28
9173,Muhammad,Kumar,muhammad.kumar.9173@inbox.com,Indonesia,2025-02-19
9174,Vivaan,Miller,vivaan.miller.9174@mail.com,Denmark,2024-10-13
9175,Sara,Das,sara.das.9175@inbox.com,Spain,2022-03-05
9176,Anika,Bose,anika.bose.9176@example.com,Mexico,2023-11-21
9177,Mason,Lopez,mason.lopez.9177@inbox.com,UAE,2025-05-02
9178,Olivia,Lopez,olivia.lopez.9178@mail.com,Indonesia,2023-07-27
9179,Noah,Miller,noah.miller.9179@example.com,Sweden,2025-08-27
9180,Vihaan,Miller,vihaan.miller.9180@mail.com,Indonesia,2024-10-28
9181,Shaurya,Jones,shaurya.jones.9181@inbox.com,Italy,2023-04-12
9182,Ethan,Chen,ethan.chen.9182@webmail.net,Italy,2024-02-06
9183,Zara,Smith,zara.smith.9183@mail.com,Denmark,2023-07-29
9184,Mira,Kumar,mira.kumar.9184@example.com,Indonesia,2022-07-16
9185,Anaya,Miller,anaya.miller.9185@mail.com,Italy,2025-08-15
9186,Mira,Nguyen,mira.nguyen.9186@mail.com,Denmark,2024-01-20
9187,Benjamin,Garcia,benjamin.garcia.9187@example.com,Poland,2022-01-27
9188,Amelia,Patel,amelia.patel.9188@inbox.com,Indonesia,2025-09-19
9189,Noah,Kumar,noah.kumar.9189@company.org,UAE,2023-03-18
9190,Henry,Liu,henry.liu.9190@company.org,South Korea,2024-12-04
9191,Mason,Jones,mason.jones.9191@example.com,Japan,2023-11-09
9192,Isabella,Khan,isabella.khan.9192@company.org,Australia,2023-06-14
9193,Mason,Park,mason.park.9193@example.com,Netherlands,2022-08-28
9194,Noah,Smith,noah.smith.9194@mail.com,Denmark,2023-06-18
9195,Vivaan,Bose,vivaan.bose.9195@webmail.net,France,2023-11-01
9196,Ethan,Menon,ethan.menon.9196@example.com,Poland,2023-08-07
9197,Aisha,Gupta,aisha.gupta.9197@mail.com,Germany,2024-02-02
9198,Shaurya,Park,shaurya.park.9198@webmail.net,Netherlands,2023-07-14
9199,Kiara,Wang,kiara.wang.9199@inbox.com,Canada,2025-06-23
9200,Emma,Gupta,emma.gupta.9200@mail.com,Indonesia,2023-03-06
9201,Reyansh,Garcia,reyansh.garcia.9201@example.com,South Africa,2022-03-28
9202,Noah,Das,noah.das.9202@inbox.com,UAE,2024-05-13
9203,Anika,Wang,anika.wang.9203@inbox.com,South Korea,2023-07-07
9204,Daniel,Brown,daniel.brown.9204@webmail.net,UAE,2025-05-29
9205,Diya,Gupta,diya.gupta.9205@company.org,Spain,2024-10-27
9206,Anaya,Mehta,anaya.mehta.9206@webmail.net,UAE,2024-12-22
9207,Mason,Williams,mason.williams.9207@example.com,Sweden,2024-05-20
9208,Daniel,Smith,daniel.smith.9208@inbox.com,USA,2025-06-02
9209,James,Reddy,james.reddy.9209@company.org,USA,2023-10-11
9210,Vihaan,Das,vihaan.das.9210@example.com,Australia,2024-01-06
9211,Sai,Smith,sai.smith.9211@webmail.net,Mexico,2024-05-18
9212,Liam,Chen,liam.chen.9212@example.com,France,2024-08-30
9213,James,Jones,james.jones.9213@mail.com,Denmark,2022-12-13
9214,Sophia,Davis,sophia.davis.9214@example.com,Singapore,2025-04-24
9215,Daniel,Park,daniel.park.9215@example.com,Brazil,2024-11-04
9216,Mason,Patel,mason.patel.9216@company.org,Sweden,2024-03-15
9217,Harper,Davis,harper.davis.9217@example.com,UAE,2022-05-17
9218,Aditya,Smith,aditya.smith.9218@company.org,UAE,2022-11-02
9219,Benjamin,Reddy,benjamin.reddy.9219@example.com,Canada,2023-07-28
9220,Anaya,Singh,anaya.singh.9220@mail.com,India,2023-09-23
9221,Mira,Patel,mira.patel.9221@company.org,India,2025-01-05
9222,Kiara,Park,kiara.park.9222@mail.com,Vietnam,2025-01-04
9223,Anaya,Martinez,anaya.martinez.9223@mail.com,Spain,2024-02-16
9224,James,Patel,james.patel.9224@example.com,France,2024-10-31
9225,Anika,Davis,anika.davis.9225@webmail.net,Norway,2024-03-16
9226,Aanya,Kim,aanya.kim.9226@company.org,Canada,2024-04-06
9227,Daniel,Mehta,daniel.mehta.9227@inbox.com,Sweden,2023-03-17
9228,Ethan,Miller,ethan.miller.9228@webmail.net,United Kingdom,2025-04-15
9229,Ethan,Williams,ethan.williams.9229@mail.com,Singapore,2025-03-07
9230,Zara,Kumar,zara.kumar.9230@example.com,Germany,2024-04-24
9231,Pari,Das,pari.das.9231@example.com,Sweden,2022-10-16
9232,Mira,Singh,mira.singh.9232@webmail.net,Philippines,2023-11-07
9233,Mira,Garcia,mira.garcia.9233@mail.com,Japan,2025-02-04
9234,Mason,Das,mason.das.9234@example.com,Japan,2023-02-05
9235,Mia,Kim,mia.kim.9235@mail.com,Norway,2025-04-05
9236,Aanya,Chen,aanya.chen.9236@company.org,Netherlands,2025-06-28
9237,Isabella,Williams,isabella.williams.9237@webmail.net,Brazil,2024-07-11
9238,Liam,Miller,liam.miller.9238@company.org,Canada,2024-01-07
9239,Ethan,Liu,ethan.liu.9239@inbox.com,South Korea,2024-08-04
9240,Elijah,Singh,elijah.singh.9240@webmail.net,South Korea,2024-03-28
9241,Ethan,Park,ethan.park.9241@inbox.com,Canada,2023-02-04
9242,Ava,Liu,ava.liu.9242@mail.com,Poland,2025-05-17
9243,Elijah,Lopez,elijah.lopez.9243@inbox.com,Indonesia,2023-01-23
9244,Sai,Wang,sai.wang.9244@inbox.com,Mexico,2025-06-09
9245,Isabella,Johnson,isabella.johnson.9245@mail.com,South Korea,2022-11-01
9246,Daniel,Menon,daniel.menon.9246@mail.com,USA,2024-08-31
9247,Ava,Wang,ava.wang.9247@example.com,Denmark,2025-08-08
9248,Henry,Martinez,henry.martinez.9248@inbox.com,Singapore,2025-04-04
9249,James,Johnson,james.johnson.9249@webmail.net,Singapore,2024-11-03
9250,Evelyn,Reddy,evelyn.reddy.9250@company.org,United Kingdom,2022-10-10
9251,Ishaan,Martinez,ishaan.martinez.9251@mail.com,Germany,2024-10-30
9252,Ishaan,Menon,ishaan.menon.9252@company.org,Singapore,2024-02-02
9253,Ishaan,Singh,ishaan.singh.9253@mail.com,India,2023-12-28
9254,Anaya,Iyer,anaya.iyer.9254@company.org,Netherlands,2025-04-16
9255,Zara,Patel,zara.patel.9255@example.com,Singapore,2022-11-13
9256,Harper,Williams,harper.williams.9256@inbox.com,Netherlands,2025-01-03
9257,Evelyn,Brown,evelyn.brown.9257@company.org,Netherlands,2023-01-15
9258,Vihaan,Bose,vihaan.bose.9258@inbox.com,Japan,2023-05-25
9259,James,Johnson,james.johnson.9259@inbox.com,Vietnam,2024-11-15
9260,Ethan,Park,ethan.park.9260@inbox.com,Singapore,2025-07-06
9261,Mia,Miller,mia.miller.9261@company.org,Singapore,2024-11-17
9262,Aarav,Patel,aarav.patel.9262@inbox.com,UAE,2022-04-15
9263,Ishaan,Bose,ishaan.bose.9263@webmail.net,Singapore,2024-10-09
9264,Isabella,Menon,isabella.menon.9264@inbox.com,South Africa,2024-07-23
9265,Sara,Mehta,sara.mehta.9265@mail.com,Spain,2022-09-15
9266,Mia,Patel,mia.patel.9266@webmail.net,UAE,2022-06-16
9267,Sara,Williams,sara.williams.9267@mail.com,UAE,2023-01-26
9268,Sara,Singh,sara.singh.9268@example.com,India,2023-03-30
9269,Shaurya,Reddy,shaurya.reddy.9269@company.org,Vietnam,2023-11-01
9270,Ethan,Menon,ethan.menon.9270@example.com,Italy,2025-09-06
9271,Emma,Khan,emma.khan.9271@mail.com,India,2023-05-22
9272,Sai,Kim,sai.kim.9272@example.com,Denmark,2024-06-07
9273,Evelyn,Smith,evelyn.smith.9273@example.com,Vietnam,2025-06-03
9274,Noah,Williams,noah.williams.9274@example.com,UAE,2023-01-01
9275,Pari,Brown,pari.brown.9275@inbox.com,Norway,2022-03-19
9276,Charlotte,Reddy,charlotte.reddy.9276@inbox.com,South Africa,2022-10-19
9277,Diya,Liu,diya.liu.9277@company.org,France,2024-02-17
9278,Lucas,Kumar,lucas.kumar.9278@webmail.net,Spain,2025-01-08
9279,Anaya,Singh,anaya.singh.9279@company.org,Netherlands,2024-12-10
9280,Vihaan,Chen,vihaan.chen.9280@mail.com,Japan,2022-11-18
9281,Anaya,Davis,anaya.davis.9281@example.com,United Kingdom,2023-09-17
9282,Aditya,Bose,aditya.bose.9282@company.org,Philippines,2024-08-14
9283,Arjun,Nguyen,arjun.nguyen.9283@example.com,Netherlands,2022-03-01
9284,Emma,Khan,emma.khan.9284@company.org,Germany,2022-05-07
9285,Evelyn,Menon,evelyn.menon.9285@webmail.net,UAE,2025-07-26
9286,Mira,Martinez,mira.martinez.9286@inbox.com,Spain,2024-08-18
9287,Benjamin,Sharma,benjamin.sharma.9287@mail.com,Mexico,2024-01-05
9288,Vivaan,Lee,vivaan.lee.9288@inbox.com,France,2024-08-15
9289,Daniel,Williams,daniel.williams.9289@example.com,United Kingdom,2025-05-30
9290,Mira,Mehta,mira.mehta.9290@company.org,Mexico,2025-06-30
9291,Kiara,Patel,kiara.patel.9291@example.com,South Korea,2024-09-01
9292,Lucas,Garcia,lucas.garcia.9292@inbox.com,Philippines,2022-07-11
9293,Pari,Patel,pari.patel.9293@example.com,Spain,2022-01-17
9294,Benjamin,Chen,benjamin.chen.9294@mail.com,Germany,2022-06-18
9295,Sophia,Davis,sophia.davis.9295@webmail.net,Denmark,2023-03-23
9296,Noah,Wang,noah.wang.9296@webmail.net,Australia,2022-06-21
9297,Mira,Jones,mira.jones.9297@mail.com,Brazil,2022-03-09
9298,Mira,Iyer,mira.iyer.9298@company.org,Canada,2022-07-16
9299,Ethan,Das,ethan.das.9299@example.com,Brazil,2022-10-07
9300,Mason,Williams,mason.williams.9300@inbox.com,Spain,2023-09-11
9301,Aditya,Singh,aditya.singh.9301@mail.com,Brazil,2023-09-17
9302,Sai,Kumar,sai.kumar.9302@inbox.com,Spain,2023-06-12
9303,Harper,Sharma,harper.sharma.9303@mail.com,Spain,2023-01-25
9304,Mia,Brown,mia.brown.9304@inbox.com,Mexico,2022-08-21
9305,Mason,Jones,mason.jones.9305@example.com,Germany,2024-11-13
9306,Anika,Johnson,anika.johnson.9306@webmail.net,South Africa,2025-03-07
9307,Vihaan,Khan,vihaan.khan.9307@inbox.com,Italy,2022-06-25
9308,Aarav,Sharma,aarav.sharma.9308@webmail.net,UAE,2024-05-04
9309,Amelia,Patel,amelia.patel.9309@company.org,Spain,2022-01-05
9310,Liam,Jones,liam.jones.9310@example.com,Canada,2022-10-04
9311,Sai,Lee,sai.lee.9311@example.com,Sweden,2025-08-12
9312,Ava,Jones,ava.jones.9312@company.org,Indonesia,2022-11-11
9313,Diya,Iyer,diya.iyer.9313@mail.com,UAE,2024-06-11
9314,Pari,Chen,pari.chen.9314@mail.com,Indonesia,2022-01-26
9315,Emma,Menon,emma.menon.9315@inbox.com,Sweden,2025-02-14
9316,James,Lee,james.lee.9316@example.com,Mexico,2025-09-14
9317,Mason,Brown,mason.brown.9317@example.com,Netherlands,2023-11-19
9318,James,Das,james.das.9318@mail.com,Australia,2025-08-30
9319,Reyansh,Lee,reyansh.lee.9319@mail.com,Sweden,2022-02-19
9320,Shaurya,Menon,shaurya.menon.9320@webmail.net,France,2024-11-27
9321,Sara,Williams,sara.williams.9321@company.org,Philippines,2025-05-03
9322,Noah,Kim,noah.kim.9322@inbox.com,Vietnam,2025-02-22
9323,Muhammad,Martinez,muhammad.martinez.9323@mail.com,USA,2025-01-24
9324,Aditya,Das,aditya.das.9324@example.com,Canada,2023-05-17
9325,Aisha,Davis,aisha.davis.9325@example.com,Sweden,2025-04-25
9326,Liam,Gupta,liam.gupta.9326@company.org,India,2022-12-10
9327,Kiara,Das,kiara.das.9327@inbox.com,Singapore,2025-01-28
9328,Anika,Iyer,anika.iyer.9328@mail.com,Spain,2025-04-01
9329,Anika,Sharma,anika.sharma.9329@webmail.net,Mexico,2025-01-05
9330,Emma,Lee,emma.lee.9330@mail.com,South Korea,2023-12-25
9331,Vihaan,Sharma,vihaan.sharma.9331@company.org,Denmark,2023-03-14
9332,Muhammad,Johnson,muhammad.johnson.9332@mail.com,Japan,2023-12-02
9333,Ethan,Patel,ethan.patel.9333@mail.com,South Africa,2022-05-29
9334,Mia,Sharma,mia.sharma.9334@inbox.com,Philippines,2023-11-16
9335,Vihaan,Gupta,vihaan.gupta.9335@inbox.com,France,2024-12-29
9336,Daniel,Singh,daniel.singh.9336@mail.com,Norway,2025-09-02
9337,Anaya,Bose,anaya.bose.9337@company.org,South Africa,2025-03-03
9338,Lucas,Reddy,lucas.reddy.9338@company.org,Italy,2023-08-05
9339,Ava,Miller,ava.miller.9339@webmail.net,United Kingdom,2023-08-12
9340,Benjamin,Jones,benjamin.jones.9340@example.com,UAE,2023-07-05
9341,Benjamin,Gupta,benjamin.gupta.9341@mail.com,Netherlands,2024-12-06
9342,Elijah,Iyer,elijah.iyer.9342@example.com,USA,2022-03-30
9343,Olivia,Nguyen,olivia.nguyen.9343@company.org,UAE,2022-05-11
9344,Ava,Lopez,ava.lopez.9344@mail.com,Norway,2023-01-20
9345,Arjun,Garcia,arjun.garcia.9345@mail.com,Denmark,2023-08-07
9346,Mira,Kim,mira.kim.9346@example.com,Netherlands,2024-03-17
9347,Benjamin,Lee,benjamin.lee.9347@inbox.com,Japan,2022-03-09
9348,Ava,Smith,ava.smith.9348@inbox.com,Indonesia,2025-09-13
9349,Olivia,Liu,olivia.liu.9349@inbox.com,Germany,2024-06-05
9350,Kiara,Bose,kiara.bose.9350@webmail.net,UAE,2022-02-03
9351,Amelia,Zhang,amelia.zhang.9351@inbox.com,Singapore,2022-01-11
9352,Elijah,Menon,elijah.menon.9352@mail.com,Singapore,2025-09-12
9353,Aarav,Garcia,aarav.garcia.9353@inbox.com,Norway,2023-10-23
9354,Shaurya,Kim,shaurya.kim.9354@mail.com,Philippines,2023-12-01
9355,Muhammad,Martinez,muhammad.martinez.9355@mail.com,Vietnam,2023-09-30
9356,Vivaan,Chen,vivaan.chen.9356@webmail.net,Germany,2025-05-08
9357,Arjun,Gupta,arjun.gupta.9357@webmail.net,Norway,2024-03-07
9358,Vivaan,Nguyen,vivaan.nguyen.9358@example.com,United Kingdom,2024-07-30
9359,Pari,Williams,pari.williams.9359@company.org,USA,2024-10-05
9360,Arjun,Martinez,arjun.martinez.9360@company.org,Japan,2022-01-06
9361,Henry,Reddy,henry.reddy.9361@webmail.net,South Africa,2022-03-18
9362,Vihaan,Zhang,vihaan.zhang.9362@mail.com,Australia,2024-02-16
9363,Sophia,Park,sophia.park.9363@company.org,France,2022-02-07
9364,Olivia,Bose,olivia.bose.9364@company.org,Vietnam,2023-12-19
9365,Mia,Liu,mia.liu.9365@webmail.net,Netherlands,2025-05-04
9366,Vihaan,Reddy,vihaan.reddy.9366@company.org,Japan,2023-12-23
9367,Ishaan,Lee,ishaan.lee.9367@company.org,Singapore,2022-07-21
9368,Reyansh,Gupta,reyansh.gupta.9368@inbox.com,Denmark,2023-10-26
9369,Benjamin,Bose,benjamin.bose.9369@inbox.com,Singapore,2023-11-06
9370,Vivaan,Garcia,vivaan.garcia.9370@mail.com,Italy,2024-09-14
9371,Liam,Lopez,liam.lopez.9371@webmail.net,UAE,2024-12-16
9372,Elijah,Park,elijah.park.9372@company.org,United Kingdom,2025-06-23
9373,Aanya,Khan,aanya.khan.9373@inbox.com,India,2025-09-06
9374,Muhammad,Mehta,muhammad.mehta.9374@webmail.net,UAE,2023-01-09
9375,Elijah,Bose,elijah.bose.9375@webmail.net,Philippines,2025-05-23
9376,Mira,Nguyen,mira.nguyen.9376@company.org,Sweden,2022-09-29
9377,Olivia,Patel,olivia.patel.9377@webmail.net,India,2023-07-09
9378,Reyansh,Williams,reyansh.williams.9378@inbox.com,Italy,2025-09-27
9379,Evelyn,Williams,evelyn.williams.9379@webmail.net,South Africa,2022-10-21
9380,Emma,Davis,emma.davis.9380@company.org,United Kingdom,2022-07-23
9381,Muhammad,Garcia,muhammad.garcia.9381@webmail.net,Philippines,2023-02-12
9382,Harper,Jones,harper.jones.9382@webmail.net,South Korea,2023-12-02
9383,Benjamin,Iyer,benjamin.iyer.9383@company.org,UAE,2024-08-25
9384,Noah,Kim,noah.kim.9384@inbox.com,Norway,2022-12-02
9385,Charlotte,Iyer,charlotte.iyer.9385@webmail.net,UAE,2024-07-27
9386,James,Martinez,james.martinez.9386@example.com,Netherlands,2022-10-03
9387,Olivia,Khan,olivia.khan.9387@example.com,India,2024-08-08
9388,Kiara,Patel,kiara.patel.9388@webmail.net,Indonesia,2023-01-30
9389,Isabella,Kim,isabella.kim.9389@example.com,Denmark,2022-08-20
9390,Ava,Wang,ava.wang.9390@example.com,Netherlands,2024-06-15
9391,Sai,Martinez,sai.martinez.9391@company.org,Spain,2024-06-12
9392,Kiara,Mehta,kiara.mehta.9392@mail.com,UAE,2024-11-19
9393,Aditya,Mehta,aditya.mehta.9393@example.com,South Africa,2023-01-17
9394,Henry,Garcia,henry.garcia.9394@mail.com,Norway,2022-03-03
9395,Liam,Kim,liam.kim.9395@company.org,Singapore,2022-07-25
9396,Harper,Wang,harper.wang.9396@webmail.net,Philippines,2023-08-04
9397,Pari,Iyer,pari.iyer.9397@inbox.com,Mexico,2022-10-04
9398,Isabella,Lee,isabella.lee.9398@example.com,France,2022-07-30
9399,Benjamin,Park,benjamin.park.9399@company.org,Japan,2024-02-02
9400,Sara,Garcia,sara.garcia.9400@example.com,Sweden,2022-06-26
9401,Diya,Davis,diya.davis.9401@webmail.net,France,2024-07-06
9402,James,Mehta,james.mehta.9402@inbox.com,South Korea,2022-07-09
9403,Ethan,Iyer,ethan.iyer.9403@mail.com,Denmark,2025-05-28
9404,Ishaan,Khan,ishaan.khan.9404@mail.com,Denmark,2022-05-09
9405,Ethan,Kim,ethan.kim.9405@company.org,Italy,2023-11-02
9406,Noah,Kumar,noah.kumar.9406@mail.com,USA,2024-05-31
9407,Zara,Park,zara.park.9407@webmail.net,Philippines,2023-08-04
9408,Vihaan,Brown,vihaan.brown.9408@webmail.net,Mexico,2024-12-12
9409,Amelia,Nguyen,amelia.nguyen.9409@company.org,Netherlands,2022-05-03
9410,Mia,Das,mia.das.9410@example.com,Australia,2022-07-15
9411,Aisha,Mehta,aisha.mehta.9411@inbox.com,South Korea,2022-11-17
9412,Olivia,Iyer,olivia.iyer.9412@example.com,Sweden,2022-04-17
9413,Noah,Garcia,noah.garcia.9413@example.com,UAE,2025-08-24
9414,James,Khan,james.khan.9414@mail.com,Italy,2022-03-19
9415,Daniel,Menon,daniel.menon.9415@example.com,Sweden,2025-02-12
9416,Kiara,Johnson,kiara.johnson.9416@inbox.com,Denmark,2023-12-02
9417,Olivia,Williams,olivia.williams.9417@company.org,France,2023-02-03
9418,Kiara,Mehta,kiara.mehta.9418@example.com,Denmark,2023-09-25
9419,Charlotte,Johnson,charlotte.johnson.9419@example.com,Italy,2025-06-06
9420,Evelyn,Davis,evelyn.davis.9420@inbox.com,Mexico,2022-01-26
9421,Sophia,Martinez,sophia.martinez.9421@mail.com,Japan,2025-04-17
9422,James,Kim,james.kim.9422@inbox.com,Japan,2025-05-30
9423,Reyansh,Patel,reyansh.patel.9423@example.com,Indonesia,2022-01-25
9424,Aisha,Khan,aisha.khan.9424@company.org,Netherlands,2024-01-07
9425,Sara,Lopez,sara.lopez.9425@inbox.com,Australia,2023-03-09
9426,James,Khan,james.khan.9426@example.com,United Kingdom,2022-06-15
9427,Evelyn,Wang,evelyn.wang.9427@company.org,Canada,2024-04-27
9428,Daniel,Williams,daniel.williams.9428@company.org,Poland,2024-09-23
9429,Muhammad,Mehta,muhammad.mehta.9429@company.org,Germany,2023-01-17
9430,Emma,Jones,emma.jones.9430@mail.com,Mexico,2024-04-01
9431,Aisha,Wang,aisha.wang.9431@example.com,Sweden,2022-06-06
9432,Sai,Brown,sai.brown.9432@webmail.net,Indonesia,2022-02-28
9433,Kiara,Das,kiara.das.9433@inbox.com,Italy,2023-09-07
9434,Vihaan,Kim,vihaan.kim.9434@webmail.net,Canada,2023-03-21
9435,Aanya,Johnson,aanya.johnson.9435@inbox.com,France,2025-07-16
9436,Noah,Bose,noah.bose.9436@inbox.com,Mexico,2023-10-09
9437,Aanya,Sharma,aanya.sharma.9437@example.com,France,2025-07-14
9438,Pari,Brown,pari.brown.9438@inbox.com,Indonesia,2025-05-16
9439,Ava,Lopez,ava.lopez.9439@mail.com,Indonesia,2022-08-12
9440,Anika,Martinez,anika.martinez.9440@example.com,South Korea,2024-02-01
9441,Sai,Chen,sai.chen.9441@mail.com,Italy,2024-11-01
9442,Mira,Iyer,mira.iyer.9442@webmail.net,Japan,2023-08-19
9443,Vihaan,Bose,vihaan.bose.9443@inbox.com,Poland,2025-07-18
9444,Sara,Garcia,sara.garcia.9444@example.com,Vietnam,2025-01-24
9445,Vihaan,Williams,vihaan.williams.9445@mail.com,India,2024-06-05
9446,Evelyn,Zhang,evelyn.zhang.9446@example.com,Canada,2023-11-17
9447,Elijah,Chen,elijah.chen.9447@example.com,UAE,2023-08-31
9448,Kiara,Brown,kiara.brown.9448@example.com,Germany,2023-02-08
9449,Sai,Nguyen,sai.nguyen.9449@example.com,France,2022-09-22
9450,Aanya,Das,aanya.das.9450@example.com,South Africa,2024-01-28
9451,Noah,Johnson,noah.johnson.9451@webmail.net,Canada,2024-03-10
9452,Aditya,Kumar,aditya.kumar.9452@inbox.com,Poland,2023-11-09
9453,Sara,Park,sara.park.9453@company.org,Canada,2025-02-11
9454,Noah,Menon,noah.menon.9454@mail.com,United Kingdom,2022-12-06
9455,Kiara,Williams,kiara.williams.9455@inbox.com,Singapore,2025-02-09
9456,Aarav,Khan,aarav.khan.9456@inbox.com,Sweden,2024-07-16
9457,Arjun,Brown,arjun.brown.9457@inbox.com,Spain,2024-05-07
9458,Muhammad,Jones,muhammad.jones.9458@company.org,South Africa,2022-06-03
9459,Emma,Nguyen,emma.nguyen.9459@company.org,Netherlands,2022-09-22
9460,Elijah,Patel,elijah.patel.9460@inbox.com,Indonesia,2022-10-04
9461,Aisha,Martinez,aisha.martinez.9461@mail.com,France,2022-05-14
9462,James,Zhang,james.zhang.9462@example.com,United Kingdom,2024-10-07
9463,Mira,Singh,mira.singh.9463@company.org,Denmark,2024-08-01
9464,Zara,Miller,zara.miller.9464@inbox.com,United Kingdom,2022-06-21
9465,Mira,Sharma,mira.sharma.9465@mail.com,Canada,2025-06-20
9466,Harper,Smith,harper.smith.9466@webmail.net,Indonesia,2024-06-15
9467,James,Mehta,james.mehta.9467@example.com,Denmark,2023-03-18
9468,Aanya,Williams,aanya.williams.9468@mail.com,Mexico,2022-01-09
9469,Muhammad,Liu,muhammad.liu.9469@example.com,France,2022-06-17
9470,Ethan,Das,ethan.das.9470@mail.com,India,2022-03-22
9471,Daniel,Kumar,daniel.kumar.9471@inbox.com,Sweden,2024-12-26
9472,Aisha,Williams,aisha.williams.9472@company.org,Poland,2024-03-08
9473,Evelyn,Johnson,evelyn.johnson.9473@inbox.com,Singapore,2024-08-27
9474,Aisha,Davis,aisha.davis.9474@company.org,Canada,2022-08-17
9475,Mia,Singh,mia.singh.9475@example.com,Poland,2023-01-20
9476,Ava,Jones,ava.jones.9476@inbox.com,Vietnam,2024-07-31
9477,Reyansh,Bose,reyansh.bose.9477@inbox.com,Spain,2023-03-01
9478,Elijah,Gupta,elijah.gupta.9478@mail.com,Mexico,2025-05-21
9479,Shaurya,Nguyen,shaurya.nguyen.9479@company.org,United Kingdom,2024-10-13
9480,Vivaan,Kumar,vivaan.kumar.9480@example.com,United Kingdom,2022-10-24
9481,Vihaan,Miller,vihaan.miller.9481@mail.com,Mexico,2022-12-05
9482,Reyansh,Smith,reyansh.smith.9482@company.org,Singapore,2025-04-07
9483,Aanya,Kumar,aanya.kumar.9483@inbox.com,Brazil,2022-10-12
9484,Charlotte,Menon,charlotte.menon.9484@example.com,Indonesia,2025-02-03
9485,Ishaan,Khan,ishaan.khan.9485@inbox.com,Philippines,2023-09-05
9486,Diya,Johnson,diya.johnson.9486@example.com,Netherlands,2024-09-05
9487,Anika,Chen,anika.chen.9487@example.com,France,2022-08-05
9488,Liam,Iyer,liam.iyer.9488@mail.com,Japan,2023-01-11
9489,Charlotte,Williams,charlotte.williams.9489@example.com,Italy,2025-06-17
9490,Ethan,Garcia,ethan.garcia.9490@example.com,Singapore,2023-04-29
9491,Ishaan,Lopez,ishaan.lopez.9491@mail.com,Philippines,2024-10-09
9492,James,Chen,james.chen.9492@webmail.net,Norway,2024-09-20
9493,Isabella,Lee,isabella.lee.9493@webmail.net,Singapore,2023-04-15
9494,Vihaan,Davis,vihaan.davis.9494@webmail.net,Indonesia,2024-01-27
9495,Ishaan,Reddy,ishaan.reddy.9495@webmail.net,India,2024-10-07
9496,Noah,Singh,noah.singh.9496@example.com,South Korea,2022-02-01
9497,Anika,Liu,anika.liu.9497@example.com,Australia,2025-05-14
9498,Emma,Zhang,emma.zhang.9498@example.com,Canada,2024-12-04
9499,Benjamin,Lee,benjamin.lee.9499@mail.com,Netherlands,2023-03-17
9500,Mia,Wang,mia.wang.9500@inbox.com,Germany,2023-03-06
9501,Diya,Williams,diya.williams.9501@inbox.com,UAE,2022-04-11
9502,Isabella,Nguyen,isabella.nguyen.9502@company.org,Vietnam,2024-07-09
9503,Anaya,Martinez,anaya.martinez.9503@webmail.net,France,2025-08-04
9504,Isabella,Chen,isabella.chen.9504@mail.com,Philippines,2024-06-21
9505,Henry,Brown,henry.brown.9505@mail.com,Indonesia,2022-12-08
9506,Henry,Park,henry.park.9506@company.org,United Kingdom,2022-09-20
9507,Harper,Martinez,harper.martinez.9507@webmail.net,Australia,2024-10-03
9508,Kiara,Park,kiara.park.9508@mail.com,South Africa,2025-04-22
9509,Mia,Davis,mia.davis.9509@webmail.net,South Africa,2024-03-12
9510,Vivaan,Garcia,vivaan.garcia.9510@example.com,Philippines,2023-03-02
9511,Diya,Kim,diya.kim.9511@inbox.com,Brazil,2023-12-11
9512,Pari,Reddy,pari.reddy.9512@company.org,Sweden,2024-07-24
9513,Emma,Martinez,emma.martinez.9513@example.com,Brazil,2025-06-28
9514,Sai,Nguyen,sai.nguyen.9514@company.org,Spain,2024-07-10
9515,Diya,Park,diya.park.9515@mail.com,Canada,2023-05-11
9516,Anika,Das,anika.das.9516@webmail.net,Indonesia,2025-01-23
9517,Vihaan,Smith,vihaan.smith.9517@webmail.net,USA,2025-08-20
9518,Aarav,Garcia,aarav.garcia.9518@inbox.com,Netherlands,2022-01-10
9519,Henry,Davis,henry.davis.9519@company.org,South Korea,2023-03-15
9520,Elijah,Lopez,elijah.lopez.9520@webmail.net,Poland,2022-11-04
9521,Olivia,Jones,olivia.jones.9521@company.org,Singapore,2023-10-09
9522,Mason,Khan,mason.khan.9522@mail.com,Canada,2024-04-29
9523,Aarav,Wang,aarav.wang.9523@company.org,Mexico,2023-07-11
9524,Arjun,Lopez,arjun.lopez.9524@company.org,Japan,2023-03-11
9525,Olivia,Menon,olivia.menon.9525@mail.com,Philippines,2022-09-11
9526,Emma,Martinez,emma.martinez.9526@inbox.com,Mexico,2022-06-06
9527,Kiara,Liu,kiara.liu.9527@example.com,Australia,2025-02-27
9528,Liam,Lopez,liam.lopez.9528@inbox.com,Canada,2023-04-02
9529,Reyansh,Martinez,reyansh.martinez.9529@mail.com,Spain,2024-10-21
9530,Olivia,Gupta,olivia.gupta.9530@example.com,Philippines,2022-02-10
9531,Benjamin,Williams,benjamin.williams.9531@inbox.com,Netherlands,2023-06-17
9532,Reyansh,Park,reyansh.park.9532@webmail.net,Brazil,2022-12-23
9533,Sophia,Chen,sophia.chen.9533@company.org,UAE,2022-01-16
9534,Noah,Nguyen,noah.nguyen.9534@inbox.com,USA,2022-04-11
9535,Amelia,Iyer,amelia.iyer.9535@mail.com,Netherlands,2022-08-07
9536,Anika,Menon,anika.menon.9536@webmail.net,Germany,2025-09-07
9537,Amelia,Liu,amelia.liu.9537@webmail.net,Sweden,2025-09-10
9538,Aditya,Lee,aditya.lee.9538@mail.com,Australia,2022-12-03
9539,Charlotte,Gupta,charlotte.gupta.9539@company.org,Germany,2022-05-05
9540,Ethan,Reddy,ethan.reddy.9540@company.org,Sweden,2024-10-12
9541,Elijah,Chen,elijah.chen.9541@inbox.com,Brazil,2025-08-30
9542,Aisha,Park,aisha.park.9542@inbox.com,Italy,2025-09-24
9543,Ishaan,Liu,ishaan.liu.9543@example.com,United Kingdom,2022-09-08
9544,Ethan,Nguyen,ethan.nguyen.9544@company.org,Mexico,2023-10-20
9545,Anika,Chen,anika.chen.9545@mail.com,Netherlands,2022-04-20
9546,Sai,Das,sai.das.9546@mail.com,Poland,2023-01-06
9547,Reyansh,Kumar,reyansh.kumar.9547@company.org,USA,2024-02-22
9548,Sophia,Singh,sophia.singh.9548@example.com,Brazil,2025-06-22
9549,Isabella,Nguyen,isabella.nguyen.9549@company.org,Mexico,2023-02-07
9550,Vivaan,Sharma,vivaan.sharma.9550@company.org,Brazil,2022-05-29
9551,Harper,Wang,harper.wang.9551@mail.com,USA,2024-12-31
9552,Mason,Das,mason.das.9552@inbox.com,Norway,2025-01-16
9553,Sai,Park,sai.park.9553@example.com,India,2022-07-20
9554,Arjun,Miller,arjun.miller.9554@inbox.com,Germany,2022-04-28
9555,Sara,Sharma,sara.sharma.9555@example.com,Norway,2023-11-27
9556,Aditya,Khan,aditya.khan.9556@inbox.com,Sweden,2023-10-19
9557,Arjun,Williams,arjun.williams.9557@company.org,South Africa,2024-01-02
9558,Charlotte,Jones,charlotte.jones.9558@mail.com,South Africa,2022-10-13
9559,Arjun,Das,arjun.das.9559@company.org,Denmark,2024-06-10
9560,Lucas,Zhang,lucas.zhang.9560@mail.com,USA,2024-10-29
9561,Ishaan,Sharma,ishaan.sharma.9561@mail.com,Japan,2024-09-27
9562,Aisha,Park,aisha.park.9562@inbox.com,Netherlands,2022-11-27
9563,Anaya,Das,anaya.das.9563@mail.com,South Korea,2022-06-12
9564,Aditya,Williams,aditya.williams.9564@example.com,UAE,2025-09-14
9565,Aditya,Wang,aditya.wang.9565@inbox.com,USA,2025-08-03
9566,Sophia,Sharma,sophia.sharma.9566@example.com,Canada,2024-09-04
9567,Mira,Gupta,mira.gupta.9567@example.com,Australia,2022-12-31
9568,Noah,Smith,noah.smith.9568@webmail.net,Mexico,2024-06-06
9569,Aisha,Khan,aisha.khan.9569@webmail.net,India,2025-03-26
9570,Shaurya,Park,shaurya.park.9570@mail.com,Vietnam,2024-11-20
9571,Pari,Lopez,pari.lopez.9571@webmail.net,UAE,2025-03-18
9572,Mia,Khan,mia.khan.9572@example.com,Vietnam,2024-01-30
9573,Ava,Wang,ava.wang.9573@company.org,Canada,2025-05-28
9574,Benjamin,Kumar,benjamin.kumar.9574@company.org,Norway,2024-05-11
9575,Amelia,Lee,amelia.lee.9575@webmail.net,Norway,2024-02-02
9576,Isabella,Garcia,isabella.garcia.9576@webmail.net,Philippines,2023-07-31
9577,Arjun,Mehta,arjun.mehta.9577@webmail.net,Sweden,2023-12-23
9578,Arjun,Khan,arjun.khan.9578@company.org,Australia,2024-04-14
9579,Sai,Davis,sai.davis.9579@mail.com,Denmark,2024-08-12
9580,Mia,Kim,mia.kim.9580@mail.com,South Africa,2022-03-06
9581,Zara,Miller,zara.miller.9581@mail.com,Netherlands,2022-03-02
9582,Zara,Smith,zara.smith.9582@company.org,United Kingdom,2023-01-28
9583,Liam,Brown,liam.brown.9583@company.org,Philippines,2023-09-29
9584,Harper,Wang,harper.wang.9584@webmail.net,Canada,2025-07-10
9585,Pari,Menon,pari.menon.9585@company.org,United Kingdom,2024-05-12
9586,Vivaan,Garcia,vivaan.garcia.9586@webmail.net,Denmark,2025-04-24
9587,Aisha,Nguyen,aisha.nguyen.9587@example.com,Vietnam,2023-01-21
9588,Reyansh,Smith,reyansh.smith.9588@inbox.com,Netherlands,2024-03-03
9589,Noah,Lopez,noah.lopez.9589@company.org,Australia,2022-06-14
9590,Charlotte,Kim,charlotte.kim.9590@mail.com,Mexico,2024-10-24
9591,Sophia,Nguyen,sophia.nguyen.9591@example.com,Germany,2023-07-16
9592,Zara,Liu,zara.liu.9592@company.org,South Korea,2022-10-25
9593,Anika,Martinez,anika.martinez.9593@webmail.net,France,2022-05-07
9594,Elijah,Brown,elijah.brown.9594@example.com,Japan,2023-09-30
9595,Pari,Miller,pari.miller.9595@webmail.net,Mexico,2023-12-10
9596,Aarav,Khan,aarav.khan.9596@webmail.net,India,2024-09-13
9597,Arjun,Chen,arjun.chen.9597@mail.com,UAE,2023-12-14
9598,Henry,Park,henry.park.9598@mail.com,Japan,2022-03-27
9599,Olivia,Smith,olivia.smith.9599@inbox.com,Vietnam,2025-01-21
9600,Noah,Chen,noah.chen.9600@inbox.com,Brazil,2023-02-19
9601,Mira,Bose,mira.bose.9601@webmail.net,India,2025-03-24
9602,Evelyn,Lee,evelyn.lee.9602@webmail.net,Denmark,2023-12-10
9603,Mia,Lee,mia.lee.9603@company.org,Sweden,2024-04-15
9604,James,Bose,james.bose.9604@mail.com,France,2025-05-26
9605,Reyansh,Chen,reyansh.chen.9605@example.com,India,2023-12-09
9606,Ishaan,Park,ishaan.park.9606@example.com,Vietnam,2023-03-07
9607,Vivaan,Chen,vivaan.chen.9607@inbox.com,Poland,2024-02-08
9608,Arjun,Gupta,arjun.gupta.9608@inbox.com,France,2023-09-18
9609,Reyansh,Lee,reyansh.lee.9609@inbox.com,Italy,2024-11-04
9610,Amelia,Davis,amelia.davis.9610@example.com,Indonesia,2023-03-11
9611,Reyansh,Kumar,reyansh.kumar.9611@inbox.com,USA,2024-05-07
9612,Isabella,Williams,isabella.williams.9612@example.com,Netherlands,2024-03-21
9613,Mason,Menon,mason.menon.9613@mail.com,Japan,2023-11-05
9614,Ishaan,Chen,ishaan.chen.9614@inbox.com,South Korea,2025-07-03
9615,Amelia,Patel,amelia.patel.9615@inbox.com,Indonesia,2024-05-24
9616,Henry,Williams,henry.williams.9616@example.com,Netherlands,2022-06-28
9617,Vivaan,Gupta,vivaan.gupta.9617@webmail.net,Sweden,2023-12-26
9618,Aarav,Iyer,aarav.iyer.9618@mail.com,Brazil,2023-05-22
9619,Mia,Chen,mia.chen.9619@inbox.com,India,2024-10-21
9620,Mira,Iyer,mira.iyer.9620@webmail.net,USA,2023-01-15
9621,Ishaan,Das,ishaan.das.9621@webmail.net,Singapore,2025-04-15
9622,Evelyn,Martinez,evelyn.martinez.9622@webmail.net,Poland,2024-10-18
9623,Sara,Lopez,sara.lopez.9623@example.com,Vietnam,2025-03-18
9624,Anaya,Kim,anaya.kim.9624@inbox.com,India,2025-05-24
9625,Pari,Miller,pari.miller.9625@webmail.net,United Kingdom,2023-11-19
9626,Daniel,Lopez,daniel.lopez.9626@company.org,Philippines,2024-07-05
9627,Elijah,Khan,elijah.khan.9627@webmail.net,Japan,2025-07-31
9628,Elijah,Singh,elijah.singh.9628@webmail.net,South Korea,2022-02-04
9629,Mira,Zhang,mira.zhang.9629@example.com,Sweden,2022-06-13
9630,Kiara,Patel,kiara.patel.9630@company.org,Canada,2023-10-24
9631,Mira,Iyer,mira.iyer.9631@mail.com,Germany,2022-05-11
9632,Sara,Bose,sara.bose.9632@webmail.net,UAE,2025-06-20
9633,Emma,Gupta,emma.gupta.9633@example.com,Sweden,2022-09-15
9634,Mia,Smith,mia.smith.9634@example.com,Poland,2025-06-22
9635,Lucas,Patel,lucas.patel.9635@mail.com,USA,2023-02-26
9636,Anika,Kumar,anika.kumar.9636@inbox.com,Italy,2022-11-04
9637,Shaurya,Smith,shaurya.smith.9637@webmail.net,Singapore,2023-04-05
9638,Vivaan,Liu,vivaan.liu.9638@inbox.com,Indonesia,2022-11-23
9639,Ava,Khan,ava.khan.9639@example.com,Mexico,2025-09-21
9640,Shaurya,Mehta,shaurya.mehta.9640@example.com,United Kingdom,2025-06-30
9641,Noah,Menon,noah.menon.9641@example.com,United Kingdom,2022-06-26
9642,James,Liu,james.liu.9642@mail.com,USA,2022-02-13
9643,Ava,Sharma,ava.sharma.9643@example.com,Netherlands,2023-01-21
9644,Sophia,Kim,sophia.kim.9644@mail.com,Denmark,2022-03-23
9645,Aditya,Smith,aditya.smith.9645@mail.com,Germany,2022-04-28
9646,Aisha,Menon,aisha.menon.9646@webmail.net,France,2025-05-03
9647,Ethan,Kim,ethan.kim.9647@inbox.com,Brazil,2025-06-22
9648,Kiara,Davis,kiara.davis.9648@mail.com,Japan,2023-05-06
9649,Isabella,Gupta,isabella.gupta.9649@webmail.net,United Kingdom,2022-06-18
9650,Liam,Park,liam.park.9650@company.org,Poland,2025-01-16
9651,Daniel,Das,daniel.das.9651@mail.com,Japan,2023-10-04
9652,Sai,Davis,sai.davis.9652@inbox.com,Japan,2023-05-04
9653,Anaya,Jones,anaya.jones.9653@company.org,Mexico,2022-08-28
9654,Sophia,Miller,sophia.miller.9654@company.org,Germany,2023-07-27
9655,Vihaan,Davis,vihaan.davis.9655@inbox.com,United Kingdom,2025-08-15
9656,Daniel,Martinez,daniel.martinez.9656@inbox.com,Vietnam,2022-02-18
9657,Diya,Wang,diya.wang.9657@mail.com,Australia,2022-10-30
9658,Olivia,Davis,olivia.davis.9658@company.org,UAE,2022-12-24
9659,Olivia,Miller,olivia.miller.9659@mail.com,India,2024-11-06
9660,Noah,Kumar,noah.kumar.9660@mail.com,South Africa,2024-02-29
9661,Evelyn,Sharma,evelyn.sharma.9661@example.com,Mexico,2025-06-05
9662,Amelia,Brown,amelia.brown.9662@webmail.net,India,2025-01-17
9663,Harper,Reddy,harper.reddy.9663@webmail.net,Denmark,2025-06-09
9664,Anaya,Smith,anaya.smith.9664@inbox.com,Japan,2022-07-24
9665,Olivia,Singh,olivia.singh.9665@webmail.net,Japan,2024-02-04
9666,Amelia,Garcia,amelia.garcia.9666@inbox.com,Japan,2025-04-24
9667,Zara,Martinez,zara.martinez.9667@inbox.com,Singapore,2025-05-18
9668,James,Iyer,james.iyer.9668@inbox.com,India,2023-10-26
9669,Mira,Wang,mira.wang.9669@example.com,India,2023-11-07
9670,Aarav,Johnson,aarav.johnson.9670@company.org,Denmark,2025-09-19
9671,Harper,Bose,harper.bose.9671@webmail.net,Germany,2023-04-08
9672,Charlotte,Williams,charlotte.williams.9672@webmail.net,Germany,2023-07-20
9673,Emma,Wang,emma.wang.9673@webmail.net,Australia,2023-12-20
9674,James,Iyer,james.iyer.9674@inbox.com,Norway,2024-10-09
9675,Mira,Kim,mira.kim.9675@example.com,Singapore,2024-06-24
9676,Reyansh,Khan,reyansh.khan.9676@example.com,United Kingdom,2025-08-07
9677,Sara,Sharma,sara.sharma.9677@mail.com,Italy,2025-08-28
9678,Emma,Menon,emma.menon.9678@mail.com,UAE,2024-07-25
9679,Isabella,Patel,isabella.patel.9679@webmail.net,Canada,2022-04-04
9680,Elijah,Liu,elijah.liu.9680@mail.com,Poland,2022-08-08
9681,Sara,Jones,sara.jones.9681@webmail.net,USA,2024-05-25
9682,Shaurya,Johnson,shaurya.johnson.9682@inbox.com,Germany,2024-11-04
9683,Reyansh,Lee,reyansh.lee.9683@inbox.com,Netherlands,2022-11-09
9684,Muhammad,Park,muhammad.park.9684@example.com,Singapore,2022-12-05
9685,Ishaan,Smith,ishaan.smith.9685@mail.com,India,2025-03-10
9686,James,Das,james.das.9686@company.org,Brazil,2024-02-29
9687,Evelyn,Menon,evelyn.menon.9687@mail.com,Japan,2023-12-16
9688,Henry,Martinez,henry.martinez.9688@mail.com,UAE,2024-12-01
9689,Anika,Williams,anika.williams.9689@webmail.net,Canada,2024-07-07
9690,Sara,Martinez,sara.martinez.9690@inbox.com,Spain,2023-06-07
9691,Aisha,Lopez,aisha.lopez.9691@inbox.com,Indonesia,2025-01-09
9692,Daniel,Smith,daniel.smith.9692@company.org,Italy,2025-09-22
9693,Muhammad,Singh,muhammad.singh.9693@mail.com,Italy,2025-02-01
9694,Reyansh,Garcia,reyansh.garcia.9694@inbox.com,Indonesia,2024-11-23
9695,Shaurya,Jones,shaurya.jones.9695@example.com,Philippines,2024-04-01
9696,Pari,Khan,pari.khan.9696@inbox.com,Germany,2022-02-06
9697,Aanya,Mehta,aanya.mehta.9697@mail.com,Poland,2023-09-05
9698,Ishaan,Garcia,ishaan.garcia.9698@example.com,Singapore,2023-12-19
9699,Mason,Bose,mason.bose.9699@example.com,Japan,2025-04-05
9700,Zara,Patel,zara.patel.9700@webmail.net,Japan,2023-06-07
9701,Emma,Gupta,emma.gupta.9701@mail.com,Canada,2024-05-08
9702,Ava,Iyer,ava.iyer.9702@example.com,Sweden,2022-07-10
9703,Vivaan,Smith,vivaan.smith.9703@mail.com,USA,2025-01-03
9704,Ishaan,Davis,ishaan.davis.9704@company.org,Indonesia,2022-09-09
9705,Aditya,Garcia,aditya.garcia.9705@inbox.com,South Africa,2024-11-21
9706,Noah,Martinez,noah.martinez.9706@mail.com,UAE,2025-05-17
9707,Evelyn,Lee,evelyn.lee.9707@webmail.net,Germany,2025-04-26
9708,Mason,Garcia,mason.garcia.9708@inbox.com,Netherlands,2022-10-11
9709,Anaya,Lopez,anaya.lopez.9709@inbox.com,Australia,2024-12-22
9710,Sara,Mehta,sara.mehta.9710@webmail.net,Brazil,2022-10-28
9711,Ishaan,Lee,ishaan.lee.9711@company.org,Italy,2022-12-02
9712,Benjamin,Williams,benjamin.williams.9712@company.org,Philippines,2022-10-18
9713,Sai,Liu,sai.liu.9713@example.com,UAE,2022-03-05
9714,Aarav,Khan,aarav.khan.9714@example.com,Singapore,2024-01-31
9715,Ethan,Chen,ethan.chen.9715@example.com,France,2023-02-04
9716,Kiara,Kumar,kiara.kumar.9716@inbox.com,South Africa,2024-12-18
9717,Evelyn,Johnson,evelyn.johnson.9717@webmail.net,Denmark,2025-05-12
9718,Noah,Mehta,noah.mehta.9718@example.com,Netherlands,2023-07-16
9719,Olivia,Garcia,olivia.garcia.9719@example.com,Brazil,2022-02-10
9720,Olivia,Singh,olivia.singh.9720@company.org,USA,2024-06-01
9721,Henry,Mehta,henry.mehta.9721@company.org,Canada,2023-12-05
9722,Pari,Sharma,pari.sharma.9722@company.org,Vietnam,2023-07-16
9723,Vihaan,Garcia,vihaan.garcia.9723@mail.com,Poland,2025-07-30
9724,Pari,Jones,pari.jones.9724@mail.com,Italy,2022-06-13
9725,Ishaan,Lopez,ishaan.lopez.9725@mail.com,Netherlands,2023-03-04
9726,Sai,Nguyen,sai.nguyen.9726@company.org,South Korea,2023-06-12
9727,Vihaan,Kumar,vihaan.kumar.9727@webmail.net,France,2024-11-06
9728,Emma,Lopez,emma.lopez.9728@example.com,South Africa,2024-03-27
9729,Shaurya,Williams,shaurya.williams.9729@example.com,Norway,2022-01-01
9730,Benjamin,Patel,benjamin.patel.9730@mail.com,Netherlands,2022-09-26
9731,Vivaan,Davis,vivaan.davis.9731@webmail.net,South Africa,2022-05-13
9732,Aanya,Chen,aanya.chen.9732@company.org,United Kingdom,2024-06-26
9733,Zara,Smith,zara.smith.9733@mail.com,France,2024-07-15
9734,Liam,Martinez,liam.martinez.9734@example.com,Spain,2022-07-24
9735,Anika,Mehta,anika.mehta.9735@inbox.com,Canada,2025-06-13
9736,Daniel,Bose,daniel.bose.9736@company.org,Poland,2025-01-25
9737,Mia,Smith,mia.smith.9737@webmail.net,United Kingdom,2023-07-15
9738,Ethan,Wang,ethan.wang.9738@example.com,Poland,2022-11-04
9739,Aanya,Mehta,aanya.mehta.9739@company.org,USA,2024-03-27
9740,Charlotte,Patel,charlotte.patel.9740@example.com,Spain,2024-07-28
9741,Mira,Reddy,mira.reddy.9741@inbox.com,Italy,2022-01-19
9742,Aanya,Wang,aanya.wang.9742@inbox.com,Philippines,2022-07-09
9743,Pari,Bose,pari.bose.9743@example.com,USA,2023-11-21
9744,Harper,Kim,harper.kim.9744@webmail.net,Norway,2024-02-06
9745,Olivia,Miller,olivia.miller.9745@webmail.net,Indonesia,2023-05-20
9746,Noah,Park,noah.park.9746@inbox.com,Norway,2022-01-08
9747,James,Brown,james.brown.9747@example.com,Denmark,2023-04-17
9748,Noah,Patel,noah.patel.9748@company.org,South Korea,2025-07-11
9749,Ethan,Singh,ethan.singh.9749@webmail.net,Brazil,2023-10-03
9750,Daniel,Das,daniel.das.9750@webmail.net,Vietnam,2022-07-18
9751,Ethan,Singh,ethan.singh.9751@webmail.net,Sweden,2023-06-11
9752,Reyansh,Davis,reyansh.davis.9752@inbox.com,United Kingdom,2025-04-06
9753,Ishaan,Patel,ishaan.patel.9753@mail.com,South Korea,2024-10-08
9754,Henry,Menon,henry.menon.9754@inbox.com,Vietnam,2022-03-13
9755,Sara,Bose,sara.bose.9755@mail.com,Singapore,2022-06-14
9756,Amelia,Kumar,amelia.kumar.9756@inbox.com,Singapore,2024-10-26
9757,Kiara,Bose,kiara.bose.9757@company.org,South Korea,2025-09-13
9758,Kiara,Zhang,kiara.zhang.9758@inbox.com,Denmark,2022-06-15
9759,Isabella,Wang,isabella.wang.9759@webmail.net,Indonesia,2023-11-29
9760,Sara,Patel,sara.patel.9760@company.org,Italy,2024-11-20
9761,Henry,Park,henry.park.9761@webmail.net,Indonesia,2024-05-25
9762,Harper,Nguyen,harper.nguyen.9762@inbox.com,Indonesia,2024-04-07
9763,Liam,Jones,liam.jones.9763@company.org,Japan,2022-04-28
9764,Sai,Patel,sai.patel.9764@webmail.net,Singapore,2023-12-13
9765,Shaurya,Williams,shaurya.williams.9765@example.com,South Korea,2024-02-22
9766,Ethan,Lopez,ethan.lopez.9766@company.org,Brazil,2023-12-01
9767,Charlotte,Lopez,charlotte.lopez.9767@mail.com,Mexico,2023-12-08
9768,Lucas,Patel,lucas.patel.9768@mail.com,Canada,2023-03-10
9769,Elijah,Mehta,elijah.mehta.9769@webmail.net,United Kingdom,2025-02-24
9770,Zara,Smith,zara.smith.9770@company.org,Vietnam,2024-03-21
9771,Shaurya,Bose,shaurya.bose.9771@mail.com,Japan,2023-11-13
9772,Charlotte,Sharma,charlotte.sharma.9772@webmail.net,Japan,2022-01-05
9773,Mira,Patel,mira.patel.9773@company.org,Netherlands,2022-11-09
9774,Ava,Smith,ava.smith.9774@company.org,Canada,2025-07-25
9775,Ethan,Smith,ethan.smith.9775@company.org,Singapore,2022-10-05
9776,Isabella,Kumar,isabella.kumar.9776@company.org,Indonesia,2022-08-05
9777,Vihaan,Liu,vihaan.liu.9777@mail.com,Brazil,2023-12-31
9778,Anaya,Brown,anaya.brown.9778@example.com,Netherlands,2022-08-08
9779,Emma,Johnson,emma.johnson.9779@mail.com,Netherlands,2022-04-23
9780,Shaurya,Zhang,shaurya.zhang.9780@example.com,Brazil,2022-02-11
9781,Henry,Chen,henry.chen.9781@webmail.net,Mexico,2024-10-21
9782,Harper,Zhang,harper.zhang.9782@inbox.com,Denmark,2025-05-08
9783,James,Gupta,james.gupta.9783@mail.com,UAE,2022-08-09
9784,Aisha,Singh,aisha.singh.9784@webmail.net,Mexico,2023-08-15
9785,Vivaan,Sharma,vivaan.sharma.9785@company.org,Denmark,2025-05-03
9786,Aarav,Kumar,aarav.kumar.9786@webmail.net,Mexico,2025-06-14
9787,Charlotte,Mehta,charlotte.mehta.9787@company.org,Spain,2022-03-13
9788,Anaya,Sharma,anaya.sharma.9788@inbox.com,Australia,2022-04-24
9789,Anika,Liu,anika.liu.9789@webmail.net,South Africa,2023-06-10
9790,Kiara,Khan,kiara.khan.9790@company.org,Denmark,2023-05-18
9791,Isabella,Nguyen,isabella.nguyen.9791@inbox.com,Norway,2024-08-15
9792,Benjamin,Zhang,benjamin.zhang.9792@webmail.net,Italy,2025-06-22
9793,Vivaan,Nguyen,vivaan.nguyen.9793@example.com,Netherlands,2023-10-25
9794,Aditya,Sharma,aditya.sharma.9794@inbox.com,Netherlands,2023-08-10
9795,Reyansh,Liu,reyansh.liu.9795@mail.com,Japan,2023-01-20
9796,Ethan,Patel,ethan.patel.9796@inbox.com,India,2025-02-13
9797,James,Reddy,james.reddy.9797@webmail.net,Philippines,2023-04-25
9798,Mira,Mehta,mira.mehta.9798@company.org,Singapore,2023-11-11
9799,Sai,Park,sai.park.9799@webmail.net,Philippines,2023-01-06
9800,Harper,Bose,harper.bose.9800@webmail.net,Indonesia,2023-11-10
9801,Diya,Zhang,diya.zhang.9801@inbox.com,Canada,2024-01-13
9802,Amelia,Wang,amelia.wang.9802@example.com,South Korea,2025-02-22
9803,Liam,Menon,liam.menon.9803@company.org,UAE,2023-11-11
9804,Isabella,Gupta,isabella.gupta.9804@mail.com,Sweden,2023-03-28
9805,Charlotte,Nguyen,charlotte.nguyen.9805@inbox.com,Netherlands,2022-04-15
9806,Zara,Singh,zara.singh.9806@company.org,Netherlands,2023-07-16
9807,Pari,Kim,pari.kim.9807@inbox.com,Canada,2022-06-19
9808,Benjamin,Miller,benjamin.miller.9808@webmail.net,Sweden,2022-09-26
9809,Mason,Mehta,mason.mehta.9809@inbox.com,Indonesia,2024-12-01
9810,Elijah,Singh,elijah.singh.9810@mail.com,Canada,2022-07-31
9811,Anaya,Lee,anaya.lee.9811@company.org,Brazil,2025-09-12
9812,James,Liu,james.liu.9812@mail.com,Sweden,2022-07-10
9813,Liam,Martinez,liam.martinez.9813@example.com,USA,2023-12-18
9814,Muhammad,Mehta,muhammad.mehta.9814@example.com,Germany,2023-03-26
9815,Zara,Miller,zara.miller.9815@inbox.com,Japan,2023-10-15
9816,Mia,Bose,mia.bose.9816@example.com,Netherlands,2023-07-19
9817,Zara,Gupta,zara.gupta.9817@webmail.net,Philippines,2024-10-06
9818,Ava,Johnson,ava.johnson.9818@inbox.com,USA,2023-05-06
9819,Mason,Davis,mason.davis.9819@mail.com,Denmark,2024-06-14
9820,Sai,Kumar,sai.kumar.9820@webmail.net,United Kingdom,2024-12-01
9821,Aisha,Smith,aisha.smith.9821@webmail.net,Italy,2024-02-03
9822,Ethan,Chen,ethan.chen.9822@inbox.com,Singapore,2025-06-22
9823,Lucas,Nguyen,lucas.nguyen.9823@webmail.net,Spain,2023-09-15
9824,Sara,Garcia,sara.garcia.9824@example.com,Singapore,2024-05-23
9825,Olivia,Khan,olivia.khan.9825@company.org,USA,2024-11-08
9826,Noah,Zhang,noah.zhang.9826@mail.com,South Africa,2024-06-29
9827,Isabella,Das,isabella.das.9827@inbox.com,Mexico,2022-10-15
9828,Arjun,Garcia,arjun.garcia.9828@example.com,UAE,2023-03-23
9829,Elijah,Lopez,elijah.lopez.9829@company.org,Norway,2024-02-09
9830,Evelyn,Khan,evelyn.khan.9830@company.org,Denmark,2024-02-18
9831,Amelia,Khan,amelia.khan.9831@inbox.com,Italy,2023-04-10
9832,Zara,Khan,zara.khan.9832@example.com,France,2023-11-01
9833,Arjun,Park,arjun.park.9833@company.org,Indonesia,2023-07-17
9834,Aditya,Williams,aditya.williams.9834@mail.com,Poland,2024-07-13
9835,Charlotte,Jones,charlotte.jones.9835@mail.com,Vietnam,2024-09-29
9836,Evelyn,Williams,evelyn.williams.9836@inbox.com,Vietnam,2022-02-23
9837,Vihaan,Johnson,vihaan.johnson.9837@mail.com,Netherlands,2023-04-20
9838,Mason,Zhang,mason.zhang.9838@mail.com,Spain,2024-06-26
9839,Aditya,Iyer,aditya.iyer.9839@example.com,France,2023-02-04
9840,Anika,Patel,anika.patel.9840@example.com,Australia,2024-04-25
9841,Kiara,Martinez,kiara.martinez.9841@mail.com,Brazil,2025-06-29
9842,Vivaan,Kumar,vivaan.kumar.9842@example.com,Canada,2022-06-24
9843,Harper,Menon,harper.menon.9843@example.com,Vietnam,2023-09-15
9844,Olivia,Menon,olivia.menon.9844@company.org,Sweden,2023-05-18
9845,Noah,Miller,noah.miller.9845@inbox.com,Netherlands,2023-08-01
9846,Ishaan,Lee,ishaan.lee.9846@inbox.com,South Korea,2022-08-27
9847,Elijah,Johnson,elijah.johnson.9847@inbox.com,United Kingdom,2022-04-27
9848,Zara,Mehta,zara.mehta.9848@company.org,Spain,2023-12-12
9849,Sara,Smith,sara.smith.9849@company.org,Italy,2022-11-24
9850,Liam,Reddy,liam.reddy.9850@company.org,Italy,2025-09-28
9851,Charlotte,Mehta,charlotte.mehta.9851@company.org,South Africa,2023-12-10
9852,Sai,Park,sai.park.9852@inbox.com,Brazil,2023-06-27
9853,Sophia,Williams,sophia.williams.9853@webmail.net,Poland,2025-09-24
9854,Anika,Park,anika.park.9854@company.org,Australia,2025-01-11
9855,Elijah,Smith,elijah.smith.9855@company.org,Indonesia,2023-11-11
9856,Sara,Reddy,sara.reddy.9856@company.org,Italy,2022-08-07
9857,Liam,Park,liam.park.9857@example.com,Singapore,2024-12-11
9858,Muhammad,Lopez,muhammad.lopez.9858@company.org,Poland,2022-06-22
9859,Isabella,Khan,isabella.khan.9859@webmail.net,Japan,2024-07-25
9860,Aisha,Kim,aisha.kim.9860@webmail.net,Netherlands,2024-12-29
9861,Aanya,Martinez,aanya.martinez.9861@webmail.net,Australia,2025-05-30
9862,Charlotte,Das,charlotte.das.9862@webmail.net,Germany,2024-03-26
9863,Emma,Liu,emma.liu.9863@webmail.net,United Kingdom,2024-07-05
9864,Mia,Mehta,mia.mehta.9864@webmail.net,Spain,2024-05-27
9865,Benjamin,Kumar,benjamin.kumar.9865@example.com,India,2025-06-16
9866,Aarav,Khan,aarav.khan.9866@webmail.net,South Africa,2025-06-17
9867,Arjun,Lopez,arjun.lopez.9867@company.org,India,2023-05-01
9868,Ishaan,Liu,ishaan.liu.9868@mail.com,USA,2024-04-18
9869,Mia,Singh,mia.singh.9869@mail.com,United Kingdom,2022-07-12
9870,Emma,Kim,emma.kim.9870@company.org,Canada,2022-03-06
9871,Zara,Kumar,zara.kumar.9871@webmail.net,UAE,2022-09-24
9872,Aisha,Liu,aisha.liu.9872@inbox.com,Philippines,2023-10-10
9873,Diya,Khan,diya.khan.9873@example.com,India,2023-08-30
9874,Noah,Williams,noah.williams.9874@mail.com,Spain,2024-09-09
9875,Anika,Lopez,anika.lopez.9875@inbox.com,Australia,2022-02-26
9876,Evelyn,Khan,evelyn.khan.9876@mail.com,South Korea,2025-02-10
9877,Ishaan,Johnson,ishaan.johnson.9877@inbox.com,Germany,2023-01-09
9878,Charlotte,Reddy,charlotte.reddy.9878@example.com,Japan,2023-01-01
9879,Vihaan,Kim,vihaan.kim.9879@inbox.com,Netherlands,2023-05-02
9880,Benjamin,Chen,benjamin.chen.9880@inbox.com,Sweden,2022-04-12
9881,Zara,Kumar,zara.kumar.9881@example.com,France,2022-08-08
9882,Mira,Miller,mira.miller.9882@mail.com,South Korea,2025-03-15
9883,Olivia,Patel,olivia.patel.9883@inbox.com,Netherlands,2023-07-28
9884,Aarav,Chen,aarav.chen.9884@company.org,Philippines,2022-11-26
9885,Anika,Singh,anika.singh.9885@example.com,Sweden,2025-08-21
9886,James,Kim,james.kim.9886@company.org,Denmark,2025-05-14
9887,Mia,Sharma,mia.sharma.9887@inbox.com,Germany,2023-02-24
9888,Aarav,Das,aarav.das.9888@example.com,Australia,2022-02-07
9889,Daniel,Sharma,daniel.sharma.9889@webmail.net,Italy,2022-05-30
9890,Henry,Singh,henry.singh.9890@inbox.com,Brazil,2024-12-27
9891,Anika,Bose,anika.bose.9891@webmail.net,Germany,2024-01-08
9892,Pari,Garcia,pari.garcia.9892@inbox.com,Spain,2023-06-18
9893,Sara,Jones,sara.jones.9893@example.com,Singapore,2023-11-11
9894,Ishaan,Jones,ishaan.jones.9894@webmail.net,UAE,2022-12-16
9895,Noah,Brown,noah.brown.9895@company.org,South Korea,2022-06-15
9896,Mira,Jones,mira.jones.9896@mail.com,United Kingdom,2023-08-29
9897,Mason,Williams,mason.williams.9897@inbox.com,United Kingdom,2024-11-27
9898,Anika,Martinez,anika.martinez.9898@company.org,Australia,2025-03-03
9899,Ishaan,Lopez,ishaan.lopez.9899@mail.com,Japan,2023-12-20
9900,Vihaan,Liu,vihaan.liu.9900@example.com,Germany,2023-06-22
9901,Vihaan,Bose,vihaan.bose.9901@example.com,South Africa,2022-11-19
9902,Sara,Liu,sara.liu.9902@mail.com,Brazil,2024-06-03
9903,Vihaan,Williams,vihaan.williams.9903@webmail.net,France,2024-08-19
9904,Charlotte,Lopez,charlotte.lopez.9904@inbox.com,South Africa,2024-02-23
9905,Diya,Kumar,diya.kumar.9905@webmail.net,South Korea,2024-01-06
9906,Kiara,Mehta,kiara.mehta.9906@company.org,Indonesia,2022-04-19
9907,Ishaan,Lopez,ishaan.lopez.9907@example.com,Poland,2022-12-10
9908,Ethan,Bose,ethan.bose.9908@company.org,United Kingdom,2022-06-20
9909,Shaurya,Jones,shaurya.jones.9909@company.org,UAE,2023-01-12
9910,Elijah,Lee,elijah.lee.9910@inbox.com,UAE,2023-12-19
9911,Sai,Das,sai.das.9911@example.com,France,2025-05-11
9912,Sai,Williams,sai.williams.9912@mail.com,Vietnam,2022-10-03
9913,Aditya,Liu,aditya.liu.9913@webmail.net,Indonesia,2025-08-23
9914,Liam,Lopez,liam.lopez.9914@example.com,Canada,2022-01-06
9915,Zara,Liu,zara.liu.9915@mail.com,Japan,2023-09-04
9916,Sara,Kumar,sara.kumar.9916@webmail.net,Australia,2023-02-19
9917,Mira,Menon,mira.menon.9917@mail.com,Australia,2025-03-09
9918,Elijah,Wang,elijah.wang.9918@company.org,Spain,2022-05-25
9919,Sara,Khan,sara.khan.9919@example.com,France,2024-09-08
9920,Vihaan,Jones,vihaan.jones.9920@mail.com,South Africa,2022-09-14
9921,Ethan,Johnson,ethan.johnson.9921@company.org,Indonesia,2023-01-07
9922,Liam,Singh,liam.singh.9922@company.org,Italy,2022-03-14
9923,Harper,Kumar,harper.kumar.9923@company.org,Italy,2023-05-12
9924,Lucas,Gupta,lucas.gupta.9924@company.org,India,2022-12-06
9925,Kiara,Davis,kiara.davis.9925@mail.com,UAE,2022-03-03
9926,Aarav,Patel,aarav.patel.9926@example.com,Denmark,2022-04-04
9927,Isabella,Mehta,isabella.mehta.9927@mail.com,South Africa,2023-06-16
9928,Harper,Nguyen,harper.nguyen.9928@webmail.net,Spain,2023-11-24
9929,Noah,Das,noah.das.9929@inbox.com,Singapore,2024-05-06
9930,Mason,Gupta,mason.gupta.9930@mail.com,Netherlands,2024-05-08
9931,Aisha,Jones,aisha.jones.9931@example.com,South Africa,2023-01-10
9932,Mira,Menon,mira.menon.9932@mail.com,Spain,2022-12-09
9933,Diya,Lee,diya.lee.9933@webmail.net,South Korea,2023-07-04
9934,Mason,Zhang,mason.zhang.9934@inbox.com,Sweden,2025-07-01
9935,Arjun,Brown,arjun.brown.9935@webmail.net,South Korea,2025-02-15
9936,Kiara,Brown,kiara.brown.9936@webmail.net,United Kingdom,2023-05-01
9937,Amelia,Mehta,amelia.mehta.9937@example.com,Mexico,2025-06-24
9938,Harper,Smith,harper.smith.9938@webmail.net,United Kingdom,2023-09-07
9939,Elijah,Park,elijah.park.9939@inbox.com,Singapore,2024-12-29
9940,Elijah,Smith,elijah.smith.9940@webmail.net,Denmark,2023-05-24
9941,Mason,Sharma,mason.sharma.9941@mail.com,India,2024-12-31
9942,Pari,Jones,pari.jones.9942@inbox.com,Philippines,2022-08-27
9943,Diya,Martinez,diya.martinez.9943@inbox.com,Singapore,2024-03-12
9944,Sara,Kim,sara.kim.9944@example.com,Germany,2022-01-14
9945,Elijah,Singh,elijah.singh.9945@mail.com,France,2023-05-22
9946,Sai,Nguyen,sai.nguyen.9946@inbox.com,Japan,2023-07-03
9947,Lucas,Bose,lucas.bose.9947@inbox.com,Denmark,2025-07-27
9948,Kiara,Jones,kiara.jones.9948@mail.com,South Africa,2022-12-24
9949,Amelia,Johnson,amelia.johnson.9949@example.com,Spain,2023-03-01
9950,Arjun,Das,arjun.das.9950@webmail.net,Germany,2023-04-22
9951,Anaya,Patel,anaya.patel.9951@company.org,France,2025-08-07
9952,Lucas,Patel,lucas.patel.9952@example.com,Norway,2022-12-09
9953,Amelia,Khan,amelia.khan.9953@company.org,France,2024-05-19
9954,Shaurya,Gupta,shaurya.gupta.9954@company.org,USA,2025-04-25
9955,Kiara,Smith,kiara.smith.9955@mail.com,South Africa,2023-04-29
9956,Kiara,Lopez,kiara.lopez.9956@mail.com,Germany,2024-08-01
9957,Emma,Patel,emma.patel.9957@inbox.com,Canada,2024-05-31
9958,Sophia,Kumar,sophia.kumar.9958@company.org,Germany,2023-02-09
9959,Vivaan,Jones,vivaan.jones.9959@company.org,Spain,2025-06-12
9960,Noah,Mehta,noah.mehta.9960@example.com,Poland,2024-04-27
9961,Mia,Davis,mia.davis.9961@inbox.com,Australia,2025-03-13
9962,Amelia,Johnson,amelia.johnson.9962@company.org,Italy,2022-02-07
9963,Vihaan,Jones,vihaan.jones.9963@mail.com,Sweden,2023-04-28
9964,Aisha,Johnson,aisha.johnson.9964@webmail.net,Spain,2023-08-10
9965,Benjamin,Das,benjamin.das.9965@company.org,Indonesia,2022-12-11
9966,Isabella,Bose,isabella.bose.9966@example.com,Vietnam,2024-11-22
9967,Elijah,Kim,elijah.kim.9967@mail.com,South Korea,2024-03-15
9968,Mason,Miller,mason.miller.9968@inbox.com,France,2025-02-06
9969,Vivaan,Miller,vivaan.miller.9969@inbox.com,Mexico,2024-06-18
9970,Diya,Brown,diya.brown.9970@webmail.net,South Africa,2022-09-14
9971,Elijah,Garcia,elijah.garcia.9971@webmail.net,France,2023-08-14
9972,Elijah,Chen,elijah.chen.9972@mail.com,Germany,2025-06-07
9973,Shaurya,Brown,shaurya.brown.9973@mail.com,Italy,2024-01-28
9974,Anika,Kim,anika.kim.9974@webmail.net,South Korea,2024-04-19
9975,Benjamin,Lee,benjamin.lee.9975@webmail.net,France,2022-03-27
9976,Zara,Jones,zara.jones.9976@mail.com,France,2025-04-28
9977,Anika,Menon,anika.menon.9977@inbox.com,South Africa,2025-09-21
9978,Isabella,Williams,isabella.williams.9978@example.com,Singapore,2022-03-13
9979,Olivia,Gupta,olivia.gupta.9979@company.org,South Korea,2025-02-06
9980,Ava,Reddy,ava.reddy.9980@example.com,Norway,2023-08-11
9981,Harper,Johnson,harper.johnson.9981@company.org,France,2025-06-18
9982,Henry,Johnson,henry.johnson.9982@company.org,Philippines,2024-12-16
9983,Evelyn,Garcia,evelyn.garcia.9983@mail.com,Poland,2023-02-27
9984,Sara,Lopez,sara.lopez.9984@example.com,Japan,2025-03-17
9985,Anika,Park,anika.park.9985@company.org,South Africa,2023-07-14
9986,Sai,Miller,sai.miller.9986@company.org,Spain,2025-01-03
9987,Liam,Williams,liam.williams.9987@mail.com,Canada,2024-11-02
9988,Aisha,Menon,aisha.menon.9988@company.org,India,2024-04-19
9989,Pari,Lee,pari.lee.9989@mail.com,South Africa,2025-09-11
9990,Reyansh,Davis,reyansh.davis.9990@company.org,Brazil,2022-02-12
9991,Muhammad,Johnson,muhammad.johnson.9991@mail.com,Denmark,2023-02-21
9992,Lucas,Williams,lucas.williams.9992@example.com,Denmark,2025-06-03
9993,Ishaan,Kim,ishaan.kim.9993@webmail.net,Australia,2024-02-07
9994,Benjamin,Wang,benjamin.wang.9994@company.org,Brazil,2024-05-06
9995,Aarav,Reddy,aarav.reddy.9995@mail.com,Vietnam,2022-09-06
9996,Vivaan,Reddy,vivaan.reddy.9996@mail.com,Singapore,2022-05-29
9997,Harper,Chen,harper.chen.9997@mail.com,UAE,2022-02-18
9998,Aarav,Kim,aarav.kim.9998@mail.com,Germany,2024-06-19
9999,Reyansh,Smith,reyansh.smith.9999@mail.com,Germany,2022-04-24
10000,Kiara,Iyer,kiara.iyer.10000@mail.com,Singapore,2024-11-20
